"comm_fkt","popup","date","median","fokontany","new_commune","old_commune","geom"
"AMBIABE_AMBALAFASINA","<b>Fokontany:</b> Ambalafasina<br><b>Mois:</b> 2024-11-01<br><b>Cas Prédit:</b> 101<br><b>Éventail:</b> 69 - 148",2024-11-01,83.8041714910146,"AMBALAFASINA","AMBIABE","ANDRORANGAVOLA",list(c(47.628119999968, 47.6406699995535, 47.6298799992947, 47.6091000005946, 47.6088953130982, 47.6083496656344, 47.6073971019242, 47.6067128149737, 47.60482508314, 47.6041428997038, 47.6030660020229, 47.6018535198522, 47.6014766517542, 47.6015216619232, 47.6021323663437, 47.6025233214222, 47.6027659324299, 47.6026382161088, 47.6021927216447, 47.6017730341261, 47.6011293929348, 47.600830830606, 47.6009511320168, 47.601416579739, 47.6021280891677, 47.6027906368062, 47.6036248956003, 47.6050722833871, 
47.6058563051523, 47.6066407675853, 47.6074226786417, 47.6074833729872, 47.628119999968, -21.4700300045745, -21.4948000046971, -21.5023300048019, -21.4998000041431, -21.496882829157, -21.4950251391776, -21.4920533978264, -21.4894520494542, -21.4856182197887, -21.4832650492276, -21.4812870101733, -21.4789376041743, -21.4780123942443, -21.4767474348346, -21.4760544307561, -21.4755927314084, -21.474947504713, -21.4740737647823, -21.4735006097555, -21.4731344327981, -21.4723323823243, -21.4716204466174, 
-21.4711366851013, -21.4707896097443, -21.4705562167877, -21.4703463123243, -21.470043455733, -21.4694616042621, -21.468951933278, -21.4685342665363, -21.4676565695887, -21.4675646462851, -21.4700300045745))
"AMBIABE_AMBALATENINA","<b>Fokontany:</b> Ambalatenina<br><b>Mois:</b> 2024-11-01<br><b>Cas Prédit:</b> 98<br><b>Éventail:</b> 71 - 136",2024-11-01,62.369471376576,"AMBALATENINA","AMBIABE","ANDRORANGAVOLA",list(c(47.6738799994958, 47.6662500001704, 47.6515499994648, 47.628119999968, 47.6074833729872, 47.6079102352971, 47.6082250285901, 47.6085111973618, 47.6086531958162, 47.6094367211556, 47.6102185863466, 47.610485117522, 47.6107743385927, 47.6111139765566, 47.6118729396123, 47.6129540317311, 47.6136417567896, 47.6145246158464, 47.6151590030136, 47.6154007830477, 47.6157887370885, 47.616053377889, 47.6161459109329, 47.6163363486714, 47.616428880816, 47.6164728801471, 47.6171326650682, 47.6177460683542, 
47.6189246056139, 47.6196376474874, 47.6206963347961, 47.6215090287468, 47.622467044147, 47.6228326896052, 47.6229275725776, 47.6228233924137, 47.6225961409272, 47.6225906991295, 47.622536229891, 47.6225566885682, 47.622723566767, 47.6229654799008, 47.6235566816234, 47.624557982293, 47.6256847383879, 47.6265171023104, 47.6275479511051, 47.6278948807722, 47.6278251221598, 47.6275352077118, 47.6275137390961, 47.6285228701626, 47.6295034027882, 47.6301146045338, 47.6306760944546, 47.631461833925, 47.6318077437608, 
47.6319825674701, 47.6319861881407, 47.6321621297072, 47.6326541478993, 47.6336100570872, 47.63486085937, 47.6356961173109, 47.6369977438798, 47.6380770598376, 47.6387861087211, 47.6395681546758, 47.6407659536151, 47.6417935675483, 47.6431657711127, 47.644415362908, 47.6455925260037, 47.6470148775641, 47.6480673208798, 47.649173254072, 47.6512939247047, 47.6527699999655, 47.6550520278589, 47.6563578479667, 47.6573372114735, 47.6583165749804, 47.6597882120869, 47.6610137155413, 47.6627295518583, 47.6642005495468, 
47.6660499999388, 47.675269562672, 47.6849199986914, 47.6757699985198, 47.6738799994958, -21.4609700040634, -21.4645800041624, -21.4665300041531, -21.4700300045745, -21.4675646462851, -21.466918141653, -21.4659963635359, -21.464338720551, -21.4633030253104, -21.4627010533074, -21.4618233464672, -21.4610859293695, -21.4600263175585, -21.4591966507034, -21.458617987329, -21.4584981859415, -21.4584257932148, -21.4580308136703, -21.4571535807729, -21.4564163345464, -21.4553794315163, -21.4543428513429, 
-21.4532380782767, -21.4520871591977, -21.4509823852322, -21.4500619785811, -21.449345713538, -21.4491129698919, -21.4489004223211, -21.4489429791396, -21.4492601952062, -21.4495786163643, -21.4494590847733, -21.4489052336942, -21.4482376264704, -21.4471568527123, -21.4460306802779, -21.4450414808864, -21.4440294953722, -21.4432932752722, -21.4423262567596, -21.4416118623062, -21.4411243452213, -21.4406844904062, -21.4399428015288, -21.4393638305864, -21.4391291587939, -21.439633537268, -21.4403469712453, 
-21.441268597377, -21.441843666161, -21.4421151921711, -21.4416274268733, -21.4410263389038, -21.4403567468762, -21.4401918507832, -21.4405353522345, -21.4410406920837, -21.4417307301981, -21.442443221686, -21.442555919329, -21.4420451646617, -21.4415791045015, -21.4414601143023, -21.4412699751388, -21.4409197341683, -21.440272181826, -21.4394863605179, -21.4382385781594, -21.4374055073703, -21.4366856207573, -21.4360126265943, -21.4355467525937, -21.4349879021836, -21.434246623397, -21.4335475911629, 
-21.4333791004798, -21.4331500053834, -21.4338098001969, -21.4338001198944, -21.433792852473, -21.4337855787563, -21.4340803108725, -21.4342240261327, -21.4344404965465, -21.4346587754968, -21.4346300052853, -21.4305116157361, -21.426200003248, -21.4542500044388, -21.4609700040634))
"AMBIABE_AMBIABE I","<b>Fokontany:</b> Ambiabe I<br><b>Mois:</b> 2024-11-01<br><b>Cas Prédit:</b> 237<br><b>Éventail:</b> 174 - 321",2024-11-01,68.3741156266767,"AMBIABE I","AMBIABE","IFANADIANA",list(c(47.6191700009206, 47.5944699995158, 47.5873199998425, 47.5702499995595, 47.5889699994884, 47.5854299999162, 47.5750527560991, 47.5772766581107, 47.601649999669, 47.6198699999243, 47.6176999987798, 47.6192300009885, 47.6141799983327, 47.6191700009206, -21.4132700059299, -21.4364500046738, -21.4369200047636, -21.4177300047545, -21.4039700042395, -21.395920004436, -21.3721183574199, -21.3714882276437, -21.3645800035136, -21.3793000042341, -21.3850700041164, -21.3963700036058, -21.3991500058993, 
-21.4132700059299))
"AMBIABE_AMBINANINDRANOTELO","<b>Fokontany:</b> Ambinanindranotelo<br><b>Mois:</b> 2024-11-01<br><b>Cas Prédit:</b> 272<br><b>Éventail:</b> 200 - 370",2024-11-01,74.0833394104392,"AMBINANINDRANOTELO","AMBIABE","IFANADIANA",list(c(47.5477799993669, 47.5702499995595, 47.5873199998425, 47.5944699995158, 47.6191700009206, 47.6235566816234, 47.6229654799008, 47.622723566767, 47.6225566885682, 47.622536229891, 47.6225906991295, 47.6225961409272, 47.6228233924137, 47.6229275725776, 47.6228326896052, 47.622467044147, 47.6215090287468, 47.6206963347961, 47.6196376474874, 47.6189246056139, 47.6177460683542, 47.6171326650682, 47.6164728801471, 47.616428880816, 47.6163363486714, 47.6161459109329, 47.616053377889, 47.6157887370885, 
47.6154007830477, 47.6151590030136, 47.6145246158464, 47.6136417567896, 47.6129540317311, 47.6118729396123, 47.6111139765566, 47.6107743385927, 47.610485117522, 47.6102185863466, 47.6094367211556, 47.6086531958162, 47.6085111973618, 47.6082250285901, 47.6079102352971, 47.6074833729872, 47.6074226786417, 47.6066407675853, 47.6058563051523, 47.6050722833871, 47.6036248956003, 47.6027906368062, 47.6021280891677, 47.601416579739, 47.6009511320168, 47.600830830606, 47.6011293929348, 47.6017730341261, 
47.6021927216447, 47.6026382161088, 47.6027659324299, 47.6025233214222, 47.6021323663437, 47.6015216619232, 47.6014766517542, 47.6018535198522, 47.6030660020229, 47.6041428997038, 47.60482508314, 47.6067128149737, 47.6073971019242, 47.6083496656344, 47.6088953130982, 47.6091000005946, 47.6068356767549, 47.6046355366302, 47.6017354856333, 47.5965405967997, 47.5926462436573, 47.5893471769583, 47.5882397715757, 47.5872999998224, 47.5852391826692, 47.5841370733941, 47.5838260626495, 47.5838141340418, 
47.5838014607954, 47.5836865544175, 47.5835936337657, 47.5831921485252, 47.5824737224106, 47.582020000049, 47.5814084610576, 47.5807505539207, 47.5800418719605, 47.5785466294488, 47.5777452156945, 47.5759524252894, 47.5751458548224, 47.5741456054603, 47.5723535857741, 47.5707552845533, 47.570153533783, 47.5693299985049, 47.5676566983221, 47.5661652203726, 47.5644719471465, 47.5622844469933, 47.5605919130098, 47.5562118153461, 47.5542391704242, 47.5536948305748, 47.5533955658754, 47.553318013738, 
47.5532650634545, 47.553681271496, 47.5537240468498, 47.5536440593483, 47.5530958919841, 47.5526963996413, 47.5521019531646, 47.5512394610542, 47.5503282436754, 47.5492449446203, 47.548258995378, 47.547443714977, 47.5469234104085, 47.5468662198215, 47.5467770961075, 47.5459221034434, 47.5456796183407, 47.5438299997754, 47.5426157756182, 47.5419140930815, 47.5403259434079, 47.5383407934131, 47.5362357143267, 47.533732805744, 47.5321382178239, 47.5303700004943, 47.5289482838553, 47.5274663737931, 47.5254197353512, 
47.5231406167644, 47.5208622239307, 47.5202558092763, 47.5194687666882, 47.518583845486, 47.5177230773759, 47.5166877067899, 47.5154569728785, 47.5145471215699, 47.5134654484891, 47.5127281114306, 47.5115234947307, 47.5105887960531, 47.5096260241386, 47.509206160353, 47.5086130547655, 47.5077740277658, 47.5071334748466, 47.5061733568314, 47.5047206549506, 47.503489987589, 47.5019395896564, 47.5006605243796, 47.4997248067702, 47.4989359889204, 47.4979201668978, 47.4977794095077, 47.4968445975156, 
47.4960649518514, 47.4964649190361, 47.4972906189823, 47.4977568913827, 47.4982260506071, 47.4988181768327, 47.4998235406392, 47.5005320049634, 47.5010669738771, 47.5021356616469, 47.5030867504686, 47.5040966288718, 47.5047487560658, 47.5058762037394, 47.5068260209198, 47.5075369197087, 47.5080676932851, 47.5085903918488, 47.5100809470939, 47.5114236924655, 47.5125049590529, 47.5134799995188, 47.5151001344802, 47.5165369714208, 47.5181999365947, 47.5210306372712, 47.5228306986953, 47.5246658579606, 
47.5262668346645, 47.527902607937, 47.5296159810108, 47.531016997055, 47.5323009123755, 47.5338200004112, 47.5353716061333, 47.536114425459, 47.5370409924665, 47.538090687454, 47.5394140740192, 47.5404248220669, 47.5412422725318, 47.5423322967172, 47.5433057813559, 47.5441982991314, 47.544895267422, 47.545435914655, 47.5462903200616, 47.5471839431039, 47.5477799993669, -21.4146300047899, -21.4177300047545, -21.4369200047636, -21.4364500046738, -21.4132700059299, -21.4411243452213, -21.4416118623062, 
-21.4423262567596, -21.4432932752722, -21.4440294953722, -21.4450414808864, -21.4460306802779, -21.4471568527123, -21.4482376264704, -21.4489052336942, -21.4494590847733, -21.4495786163643, -21.4492601952062, -21.4489429791396, -21.4489004223211, -21.4491129698919, -21.449345713538, -21.4500619785811, -21.4509823852322, -21.4520871591977, -21.4532380782767, -21.4543428513429, -21.4553794315163, -21.4564163345464, -21.4571535807729, -21.4580308136703, -21.4584257932148, -21.4584981859415, -21.458617987329, 
-21.4591966507034, -21.4600263175585, -21.4610859293695, -21.4618233464672, -21.4627010533074, -21.4633030253104, -21.464338720551, -21.4659963635359, -21.466918141653, -21.4675646462851, -21.4676565695887, -21.4685342665363, -21.468951933278, -21.4694616042621, -21.470043455733, -21.4703463123243, -21.4705562167877, -21.4707896097443, -21.4711366851013, -21.4716204466174, -21.4723323823243, -21.4731344327981, -21.4735006097555, -21.4740737647823, -21.474947504713, -21.4755927314084, -21.4760544307561, 
-21.4767474348346, -21.4780123942443, -21.4789376041743, -21.4812870101733, -21.4832650492276, -21.4856182197887, -21.4894520494542, -21.4920533978264, -21.4950251391776, -21.496882829157, -21.4998000041431, -21.4984023803424, -21.4969288348753, -21.4949948455141, -21.4921462950951, -21.4902191891448, -21.4881016265702, -21.4864339732316, -21.484570005085, -21.484314215412, -21.4832980606408, -21.4817178582772, -21.4802286394256, -21.4786463416417, -21.4780295793882, -21.4775308207776, -21.4761422657406, 
-21.4742808111991, -21.473180004143, -21.4723276285068, -21.4701972757743, -21.4686198361281, -21.4681648691051, -21.467425806248, -21.4670659731084, -21.4656753559258, -21.4649376555416, -21.4646708590661, -21.4637511242086, -21.4631037184558, -21.4616500057379, -21.4617247618828, -21.4617350672141, -21.461374420188, -21.461389491926, -21.4611218833628, -21.4605003493063, -21.4604381602874, -21.4597272408144, -21.4588543291593, -21.4580724792573, -21.4573133228478, -21.4569435638908, -21.4557011163105, 
-21.4544129355064, -21.4528970769371, -21.4516565179331, -21.4507387606848, -21.4502823232704, -21.4499179431585, -21.4496004501008, -21.4490065369225, -21.4481817084199, -21.4473328608241, -21.4472695458541, -21.4465220896244, -21.4449497851069, -21.4429334736045, -21.4407000046062, -21.4405439038827, -21.4404085055528, -21.4401020435792, -21.4396865325123, -21.4392799166398, -21.4383408400631, -21.4375018544327, -21.4359200036117, -21.4357176300711, -21.4347716332113, -21.4341480136271, -21.4327824425634, 
-21.4321740044347, -21.4319829974254, -21.4318710758974, -21.4318518124192, -21.4317172270763, -21.4310542864345, -21.4306681067561, -21.4305798355994, -21.4304921256195, -21.4304950034501, -21.430453813601, -21.4302273804976, -21.4293110216951, -21.4288757228454, -21.4282106768906, -21.427432078937, -21.4271125291298, -21.426748216467, -21.4261788125124, -21.4257925402039, -21.4253383456986, -21.4250903882215, -21.4246798701906, -21.4242000863758, -21.4239210438322, -21.4238824413327, -21.4236330683226, 
-21.4229399041647, -21.4223935201566, -21.421159792403, -21.4197050535587, -21.4186411411896, -21.4180789453014, -21.4169557118516, -21.4160019070779, -21.4157750872662, -21.4151539435157, -21.4147569027252, -21.4142478019112, -21.4137410303413, -21.413007811279, -21.412443253771, -21.4118244185802, -21.4110392555759, -21.4098691602529, -21.4117033392561, -21.4133638987425, -21.4141053924671, -21.4147700049487, -21.4155016331105, -21.4158984895402, -21.4162585061415, -21.4171726705983, -21.4183276006538, 
-21.4189717751426, -21.4195445587495, -21.4195701291732, -21.4195587023875, -21.4194399532067, -21.4192855117326, -21.419030004447, -21.4185356561118, -21.4182386163354, -21.4178680947534, -21.4176422552028, -21.4175604258899, -21.4173348336528, -21.4172928613936, -21.4172490464237, -21.4172424750775, -21.4168353402963, -21.4163201303877, -21.4157330484597, -21.4154355536264, -21.4151742538074, -21.4146300047899))
"AMBIABE_ANKABOKA","<b>Fokontany:</b> Ankaboka<br><b>Mois:</b> 2024-11-01<br><b>Cas Prédit:</b> 125<br><b>Éventail:</b> 91 - 172",2024-11-01,75.1635350169624,"ANKABOKA","AMBIABE","IFANADIANA",list(c(47.5702499995595, 47.5477799993669, 47.5486133975098, 47.5498682026749, 47.5506908458254, 47.551788355068, 47.554264900924, 47.555455320926, 47.5563668242891, 47.557556534726, 47.5582861151318, 47.5588311042917, 47.5589153105127, 47.558353488742, 47.5576064264147, 47.5571322040071, 47.5568459291154, 47.5567435583875, 47.5562707056474, 47.5562928433588, 47.5561312864484, 47.5579092713145, 47.5585003885008, 47.5593757687954, 47.560907197328, 47.5625202780073, 47.5646428596992, 47.5670059965487, 
47.5687059733214, 47.5700608334601, 47.5725227275615, 47.5732739780312, 47.5738144768763, 47.5743132876477, 47.5748677835409, 47.5748982489744, 47.5748217346547, 47.5750527560991, 47.5854299999162, 47.5889699994884, 47.5702499995595, -21.4177300047545, -21.4146300047899, -21.4137060008509, -21.4123165779681, -21.4112737906739, -21.4099698312645, -21.4079650095006, -21.4067468283272, -21.4052712440973, -21.4039666245854, -21.4028380077939, -21.4017106491538, -21.4006728746806, -21.3996395122814, -21.3985209813865, 
-21.3968819831461, -21.395673867185, -21.3943780637271, -21.392911917882, -21.3911100137484, -21.3902410636069, -21.3879449784121, -21.3869954085459, -21.3858254355307, -21.384462994108, -21.3837197979669, -21.3832762262539, -21.3831899965583, -21.3831574141206, -21.3826564036077, -21.3816430817012, -21.3804558381054, -21.3794851215807, -21.3786552505795, -21.3770155077005, -21.3752614106275, -21.3738123141297, -21.3721183574199, -21.395920004436, -21.4039700042395, -21.4177300047545))
"AMBIABE_SAHAVATANA","<b>Fokontany:</b> Sahavatana<br><b>Mois:</b> 2024-11-01<br><b>Cas Prédit:</b> 55<br><b>Éventail:</b> 40 - 76",2024-11-01,58.2172142089202,"SAHAVATANA","AMBIABE","KELILALINA",list(c(47.558353488742, 47.5589153105127, 47.5588311042917, 47.5582861151318, 47.557556534726, 47.5563668242891, 47.555455320926, 47.554264900924, 47.551788355068, 47.5506908458254, 47.5498682026749, 47.5486133975098, 47.5477799993669, 47.5471839431039, 47.5462903200616, 47.545435914655, 47.544895267422, 47.5441982991314, 47.5433057813559, 47.5423322967172, 47.5412422725318, 47.5404248220669, 47.5394140740192, 47.538090687454, 47.5370409924665, 47.536114425459, 47.5353716061333, 47.5338200004112, 
47.5323009123755, 47.531016997055, 47.5296159810108, 47.527902607937, 47.5262668346645, 47.5246658579606, 47.5228306986953, 47.5210306372712, 47.5181999365947, 47.5165369714208, 47.5151001344802, 47.5134799995188, 47.5125049590529, 47.5114236924655, 47.5100809470939, 47.5085903918488, 47.5071050292891, 47.5061153730414, 47.5037591897498, 47.5016474925523, 47.5006493583955, 47.5001205957032, 47.5409199995754, 47.558353488742, -21.3996395122814, -21.4006728746806, -21.4017106491538, -21.4028380077939, 
-21.4039666245854, -21.4052712440973, -21.4067468283272, -21.4079650095006, -21.4099698312645, -21.4112737906739, -21.4123165779681, -21.4137060008509, -21.4146300047899, -21.4151742538074, -21.4154355536264, -21.4157330484597, -21.4163201303877, -21.4168353402963, -21.4172424750775, -21.4172490464237, -21.4172928613936, -21.4173348336528, -21.4175604258899, -21.4176422552028, -21.4178680947534, -21.4182386163354, -21.4185356561118, -21.419030004447, -21.4192855117326, -21.4194399532067, -21.4195587023875, 
-21.4195701291732, -21.4195445587495, -21.4189717751426, -21.4183276006538, -21.4171726705983, -21.4162585061415, -21.4158984895402, -21.4155016331105, -21.4147700049487, -21.4141053924671, -21.4133638987425, -21.4117033392561, -21.4098691602529, -21.4087264124138, -21.4080414015096, -21.4056365891786, -21.4029996564316, -21.4011621886076, -21.3999282306275, -21.3881500049518, -21.3996395122814))
"AMBOHIMANGA DU SUD_AMBALAHERANA","<b>Fokontany:</b> Ambalaherana<br><b>Mois:</b> 2024-11-01<br><b>Cas Prédit:</b> 41<br><b>Éventail:</b> 32 - 53",2024-11-01,43.2789952879934,"AMBALAHERANA","AMBOHIMANGA DU SUD","AMBOHIMANGA DU SUD",list(c(47.648950000039, 47.6339799985735, 47.6291699988907, 47.6350699984753, 47.6361585612622, 47.6368999983296, 47.6559199986035, 47.65501999847, 47.648950000039, -20.8793300059871, -20.884880005616, -20.8757500054712, -20.854070005751, -20.8515165957404, -20.8456200054882, -20.8305000061088, -20.8581700059647, -20.8793300059871))
"AMBOHIMANGA DU SUD_AMBALAVARY","<b>Fokontany:</b> Ambalavary<br><b>Mois:</b> 2024-11-01<br><b>Cas Prédit:</b> 52<br><b>Éventail:</b> 40 - 68",2024-11-01,62.5517460585882,"AMBALAVARY","AMBOHIMANGA DU SUD","AMBOHIMANGA DU SUD",list(c(47.6402199985451, 47.647429998288, 47.6368999983296, 47.6277199985704, 47.6151299989391, 47.6124799990396, 47.6402199985451, -20.7999000060342, -20.8077800060923, -20.8456200054882, -20.8285300060927, -20.8069700056098, -20.7793300062379, -20.7999000060342))
"AMBOHIMANGA DU SUD_AMBATOFANOKONANA","<b>Fokontany:</b> Ambatofanokonana<br><b>Mois:</b> 2024-11-01<br><b>Cas Prédit:</b> 39<br><b>Éventail:</b> 29 - 53",2024-11-01,54.3163494426729,"AMBATOFANOKONANA","AMBOHIMANGA DU SUD","AMBOHIMANGA DU SUD",list(c(47.6398199998915, 47.628929999518, 47.6142499997343, 47.6117199999747, 47.6076973045841, 47.603969660568, 47.5995699999515, 47.5919069703255, 47.5820821917336, 47.5765749881384, 47.572288458638, 47.5729199985516, 47.6155799999128, 47.6249999999472, 47.6398199998915, -20.9259800060592, -20.9416800061053, -20.9376800060066, -20.9444200056541, -20.9583065443793, -20.9559630406306, -20.952800004487, -20.9501923563634, -20.9459387114752, -20.9436066237205, -20.9409206176674, -20.9387200054001, 
-20.9226000057729, -20.9299300056491, -20.9259800060592))
"AMBOHIMANGA DU SUD_AMBILANIBE","<b>Fokontany:</b> Ambilanibe<br><b>Mois:</b> 2024-11-01<br><b>Cas Prédit:</b> 47<br><b>Éventail:</b> 36 - 61",2024-11-01,70.4477299301944,"AMBILANIBE","AMBOHIMANGA DU SUD","AMBOHIMANGA DU SUD",list(c(47.6623699992748, 47.6628471579691, 47.6631824117384, 47.6637998053166, 47.6643500159405, 47.6586326785545, 47.6566679890355, 47.6554416276279, 47.6510258754422, 47.6488799995106, 47.6455114844653, 47.6430950438987, 47.6403964680198, 47.6376970584693, 47.6358111027967, 47.6304199989795, 47.6334699984373, 47.6339799985735, 47.648950000039, 47.6623699992748, -20.893100006066, -20.8991056454116, -20.9050319699487, -20.9104148620527, -20.9124632964393, -20.9087621419563, -20.9083156024802, -20.9076379201513, 
-20.9072179304605, -20.9073200062106, -20.9064533781184, -20.9062620149775, -20.9048539419539, -20.9033360419236, -20.9012634094784, -20.8968500054251, -20.890000006101, -20.884880005616, -20.8793300059871, -20.893100006066))
"AMBOHIMANGA DU SUD_AMBODIARA","<b>Fokontany:</b> Ambodiara<br><b>Mois:</b> 2024-11-01<br><b>Cas Prédit:</b> 16<br><b>Éventail:</b> 12 - 20",2024-11-01,45.0700044348099,"AMBODIARA","AMBOHIMANGA DU SUD","AMBOHIMANGA DU SUD",list(c(47.6078799982566, 47.6035499991262, 47.6155799999128, 47.5866699986137, 47.5663338980805, 47.5656999983457, 47.5662439460907, 47.566122612258, 47.5657307704479, 47.5651893695828, 47.5651850654274, 47.5653760256719, 47.5663738576562, 47.5685848283161, 47.5707300009779, 47.5717059506582, 47.5723038631219, 47.5722901592525, 47.5723755067132, 47.5723639711091, 47.5732654839038, 47.5738616309982, 47.5739415456546, 47.5741141129648, 47.5746144094163, 47.5759111796462, 47.5788706110792, 47.5814356070572, 
47.5842182704468, 47.5857499984539, 47.5871967189439, 47.5915799984095, 47.6078799982566, -20.8933300058774, -20.8979700058108, -20.9226000057729, -20.910650005985, -20.9022595417397, -20.9011700049875, -20.8996245758102, -20.8969618738894, -20.8957263528875, -20.8940192040226, -20.8934484798633, -20.891925200988, -20.8900160410092, -20.8879085283589, -20.8873000047948, -20.8856997781266, -20.884459144479, -20.8826518507084, -20.8805585176686, -20.8790365859776, -20.8777939171642, -20.8755904621399, 
-20.8761342695905, -20.8764904820595, -20.8766629918129, -20.8768767687571, -20.8773151396912, -20.8779447757399, -20.8793155215025, -20.8806300056781, -20.8821091710086, -20.8884500056672, -20.8933300058774))
"AMBOHIMANGA DU SUD_AMBODIMANGA NORD","<b>Fokontany:</b> Ambodimanga Nord<br><b>Mois:</b> 2024-11-01<br><b>Cas Prédit:</b> 192<br><b>Éventail:</b> 152 - 243",2024-11-01,139.970132280679,"AMBODIMANGA NORD","AMBOHIMANGA DU SUD","AMBOHIMANGA DU SUD",list(c(47.6203699986619, 47.6233799989738, 47.6207499990996, 47.6124799990396, 47.6151299989391, 47.5953799982739, 47.5987199985136, 47.6164250226815, 47.6189299997049, 47.6203699986619, -20.7400500051879, -20.7461000062914, -20.757750005733, -20.7793300062379, -20.8069700056098, -20.7885700060581, -20.7647800061623, -20.7398476352443, -20.7404700047709, -20.7400500051879))
"AMBOHIMANGA DU SUD_AMBODIRAFIA","<b>Fokontany:</b> Ambodirafia<br><b>Mois:</b> 2024-11-01<br><b>Cas Prédit:</b> 105<br><b>Éventail:</b> 82 - 135",2024-11-01,88.7345339758531,"AMBODIRAFIA","AMBOHIMANGA DU SUD","AMBOHIMANGA DU SUD",list(c(47.6643500159405, 47.665220000303, 47.6659004318602, 47.6682936699181, 47.668297319367, 47.6691570019956, 47.6696000880753, 47.6718537990157, 47.6756255538788, 47.6787848920121, 47.6805727604277, 47.6819430205572, 47.6839738417228, 47.6868626520933, 47.6895314631104, 47.6928619665109, 47.6946869913161, 47.6957280141413, 47.6969290704252, 47.6863799994417, 47.6691299998525, 47.6499499993941, 47.6398199998915, 47.6249999999472, 47.6155799999128, 47.6304199989795, 47.6358111027967, 47.6376970584693, 
47.6403964680198, 47.6430950438987, 47.6455114844653, 47.6488799995106, 47.6510258754422, 47.6554416276279, 47.6566679890355, 47.6586326785545, 47.6643500159405, -20.9124632964393, -20.9157000050448, -20.9217205218751, -20.9249797593973, -20.9252035889632, -20.9291971427208, -20.9319968833347, -20.9337847607425, -20.9358008824884, -20.9372890410394, -20.9378839434719, -20.9369644100628, -20.9350565819802, -20.9348698989114, -20.9353944195015, -20.9362860307599, -20.9372190189264, -20.9377512035389, 
-20.9395860588324, -20.9458800055367, -20.9532700054803, -20.9547200057957, -20.9259800060592, -20.9299300056491, -20.9226000057729, -20.8968500054251, -20.9012634094784, -20.9033360419236, -20.9048539419539, -20.9062620149775, -20.9064533781184, -20.9073200062106, -20.9072179304605, -20.9076379201513, -20.9083156024802, -20.9087621419563, -20.9124632964393))
"AMBOHIMANGA DU SUD_AMBODIVOASARY","<b>Fokontany:</b> Ambodivoasary<br><b>Mois:</b> 2024-11-01<br><b>Cas Prédit:</b> 35<br><b>Éventail:</b> 26 - 46",2024-11-01,32.744011095741,"AMBODIVOASARY","AMBOHIMANGA DU SUD","AMBOHIMANGA DU SUD",list(c(47.6155799999128, 47.5729199985516, 47.572288458638, 47.571953793925, 47.5661932261283, 47.5648611638034, 47.5639062276818, 47.5620943806425, 47.5597193574533, 47.5573443072846, 47.5551408639501, 47.5536226032906, 47.5527414727308, 47.5513616177343, 47.5501704584897, 47.5489465621236, 47.5471592476903, 47.5481621644416, 47.5488413981011, 47.5493826307928, 47.5506450900878, 47.5511499982628, 47.5559360804751, 47.5596638962614, 47.561867390857, 47.5647822725736, 47.5655727119008, 47.5665706131329, 
47.5663338980805, 47.5866699986137, 47.6155799999128, -20.9226000057729, -20.9387200054001, -20.9409206176674, -20.9407109074575, -20.9384527754512, -20.9385970348012, -20.938275957945, -20.9372435839007, -20.9354776049847, -20.9341011440304, -20.9325637377048, -20.9314395554701, -20.9307741030217, -20.9310580306827, -20.9313031274162, -20.9287096382194, -20.9268283788078, -20.9251009745124, -20.9230074652056, -20.9210454241913, -20.9179080807793, -20.9169800056093, -20.9154838385959, -20.9130810074716, 
-20.9099272397413, -20.9071492096609, -20.904575564005, -20.9026664040264, -20.9022595417397, -20.910650005985, -20.9226000057729))
"AMBOHIMANGA DU SUD_AMBOHIMANGA SUD","<b>Fokontany:</b> Ambohimanga Sud<br><b>Mois:</b> 2024-11-01<br><b>Cas Prédit:</b> 62<br><b>Éventail:</b> 49 - 79",2024-11-01,27.6114759238939,"AMBOHIMANGA SUD","AMBOHIMANGA DU SUD","AMBOHIMANGA DU SUD",list(c(47.5889199989486, 47.5959299984618, 47.6033499988957, 47.6078799982566, 47.5915799984095, 47.5871967189439, 47.5857499984539, 47.5842182704468, 47.5814356070572, 47.5788706110792, 47.5759111796462, 47.5746144094163, 47.5741141129648, 47.5739415456546, 47.5738616309982, 47.5774999984152, 47.5815499990225, 47.5836299987146, 47.5889199989486, -20.8676200055737, -20.8782000060352, -20.8855500059343, -20.8933300058774, -20.8884500056672, -20.8821091710086, -20.8806300056781, -20.8793155215025, 
-20.8779447757399, -20.8773151396912, -20.8768767687571, -20.8766629918129, -20.8764904820595, -20.8761342695905, -20.8755904621399, -20.8737300058461, -20.8710000058583, -20.8662300062252, -20.8676200055737))
"AMBOHIMANGA DU SUD_AMBOHIMIRANTY","<b>Fokontany:</b> Ambohimiranty<br><b>Mois:</b> 2024-11-01<br><b>Cas Prédit:</b> 40<br><b>Éventail:</b> 31 - 52",2024-11-01,32.4299504190829,"AMBOHIMIRANTY","AMBOHIMANGA DU SUD","AMBOHIMANGA DU SUD",list(c(47.601629998714, 47.5927499984033, 47.5836299987146, 47.5815499990225, 47.5774999984152, 47.5738616309982, 47.5745499999711, 47.5736248637849, 47.5725043957496, 47.5713121150502, 47.5712455202527, 47.5713923129928, 47.5701685218476, 47.568601936118, 47.5679902217587, 47.5686752785287, 47.5697275167988, 47.5695562373178, 47.5681122948337, 47.567231396299, 47.5674270932728, 47.56806349672, 47.568430278022, 47.5685283203127, 47.5660321998129, 47.5649554217419, 47.5643925180867, 47.5644415626144, 
47.5659341503274, 47.5668150128891, 47.5665201728541, 47.5672500005736, 47.5682683964558, 47.568119591932, 47.5679668519749, 47.5669734851242, 47.5662688698983, 47.5661200923541, 47.5661014368175, 47.5656629858435, 47.566893902317, 47.566174623645, 47.5665699988913, 47.5655815783119, 47.5652782136031, 47.5648378920393, 47.564813412493, 47.5650199993574, 47.5859165672828, 47.601629998714, -20.8254300061279, -20.8573500059187, -20.8662300062252, -20.8710000058583, -20.8737300058461, -20.8755904621399, 
-20.8729000044429, -20.8717985912438, -20.8708548354946, -20.8697192309705, -20.8689228857958, -20.8666506110513, -20.8649520704969, -20.8635527712593, -20.8618083499922, -20.8607751215919, -20.8600860934163, -20.859397320648, -20.8593979150998, -20.8591915000059, -20.8580209532233, -20.8571483905052, -20.8566429085629, -20.8561838172492, -20.8555189835343, -20.8549000224384, -20.8541652898169, -20.8531786409027, -20.8524663868359, -20.8511574766586, -20.8504200109975, -20.8499300045891, -20.8476315110098, 
-20.8463261360674, -20.8444982424259, -20.8417614795361, -20.8404597972099, -20.8391544177708, -20.8366724400112, -20.8338013381928, -20.8311804196735, -20.8279192665956, -20.8260000054316, -20.8229589830079, -20.8195644191018, -20.8164320336521, -20.8131662508642, -20.8107800059363, -20.8267719924699, -20.8254300061279))
"AMBOHIMANGA DU SUD_ANDRORANGAVOLA NORD","<b>Fokontany:</b> Androrangavola Nord<br><b>Mois:</b> 2024-11-01<br><b>Cas Prédit:</b> 90<br><b>Éventail:</b> 69 - 116",2024-11-01,57.1700773270295,"ANDRORANGAVOLA NORD","AMBOHIMANGA DU SUD","AMBOHIMANGA DU SUD",list(c(47.5953799982739, 47.6151299989391, 47.601629998714, 47.5859165672828, 47.5650199993574, 47.5650550531319, 47.5650305825789, 47.5652780939921, 47.5652350470428, 47.5656244031265, 47.5662817823609, 47.5658259420957, 47.5657499988453, 47.5803499985372, 47.5953799982739, -20.7885700060581, -20.8069700056098, -20.8254300061279, -20.8267719924699, -20.8107800059363, -20.8083310476846, -20.8050652577022, -20.8010138352691, -20.7952660324533, -20.7916055749912, -20.7866369528896, -20.7814144197989, 
-20.7772500056447, -20.7798800055187, -20.7885700060581))
"AMBOHIMANGA DU SUD_ANTANJONA","<b>Fokontany:</b> Antanjona<br><b>Mois:</b> 2024-11-01<br><b>Cas Prédit:</b> 61<br><b>Éventail:</b> 47 - 79",2024-11-01,47.5409177712691,"ANTANJONA","AMBOHIMANGA DU SUD","AMBOHIMANGA DU SUD",list(c(47.6848490349609, 47.6836189764405, 47.6831812844948, 47.682840948657, 47.6831361798971, 47.6847031379459, 47.685168680097, 47.6853178110748, 47.6855154505844, 47.6861285229199, 47.6880384581155, 47.6893351887751, 47.6904858398568, 47.691809209335, 47.6921279947187, 47.6918320889873, 47.6917444887248, 47.691244699491, 47.6909459545999, 47.6903436129751, 47.6895377853483, 47.6887200003354, 47.6869822574327, 47.6862117434845, 47.6853858151104, 47.6848188240366, 47.6834355300326, 47.6811265863295, 
47.6804550823427, 47.6772289578563, 47.6756905200074, 47.6743056989546, 47.6727692764865, 47.6707696788828, 47.6695619811057, 47.6688600206785, 47.6665072997768, 47.6659388383114, 47.6651091210934, 47.6643874790033, 47.6637699496277, 47.6620217799852, 47.6600134724476, 47.6577106585236, 47.6575663038454, 47.6656699994745, 47.6848490349609, -20.9765985767253, -20.9788079456913, -20.9823203090942, -20.9853278236778, -20.9867047981448, -20.9864730707328, -20.9867942411183, -20.9888824678075, -20.9909483184649, 
-20.9923020490544, -20.9918176679054, -20.9902550409927, -20.9892664873145, -20.9908029151776, -20.9921932490737, -20.9934424406699, -20.9951696974764, -20.9964683634763, -20.9973818453475, -20.9986333086312, -20.999982200868, -21.000550005828, -20.9997613237762, -20.9989367326946, -20.9981904060133, -20.9975710977792, -20.9970537348933, -20.9957757964678, -20.9948694732, -20.9938380335512, -20.9930819357358, -20.9923726593242, -20.9918563279607, -20.9909117088622, -20.9902378027866, -20.9899341718789, 
-20.9880650766972, -20.9872538603331, -20.9857251108816, -20.9849150006835, -20.9843439410771, -20.9833765646343, -20.9830806184334, -20.9823481296203, -20.9822855547924, -20.9702700061206, -20.9765985767253))
"AMBOHIMANGA DU SUD_FALIARIVO","<b>Fokontany:</b> Faliarivo<br><b>Mois:</b> 2024-11-01<br><b>Cas Prédit:</b> 44<br><b>Éventail:</b> 33 - 59",2024-11-01,70.6471409902925,"FALIARIVO","AMBOHIMANGA DU SUD","AMBOHIMANGA DU SUD",list(c(47.6848490349609, 47.6656699994745, 47.6499499993941, 47.6691299998525, 47.6863799994417, 47.6969290704252, 47.696515951555, 47.6961998506478, 47.6958367196943, 47.6958623755536, 47.6955488862778, 47.6957214634806, 47.6960425727126, 47.6958501420766, 47.6957298577531, 47.6968575122709, 47.6984013127771, 47.6980357689424, 47.6966160937644, 47.6956864798539, 47.6953446025781, 47.694831229984, 47.6943666824832, 47.6938289598453, 47.6925554155067, 47.6914526964912, 47.692013415693, 47.6923540114348, 
47.6923279041156, 47.6911527357162, 47.6895121888423, 47.6884605054538, 47.6872623674702, 47.6864319910495, 47.6850129696787, 47.6848490349609, -20.9765985767253, -20.9702700061206, -20.9547200057957, -20.9532700054803, -20.9458800055367, -20.9395860588324, -20.9424789889953, -20.9451194111117, -20.9495266107419, -20.9507892849742, -20.9559542776418, -20.9576065148019, -20.9603381605493, -20.9640338939187, -20.9663064654395, -20.9678889269001, -20.9687129361205, -20.9705498211836, -20.9713321054582, 
-20.9727108336032, -20.9736521926591, -20.97457111363, -20.9750075627126, -20.9762478806982, -20.9765475069247, -20.9752177486636, -20.9729215906236, -20.9703961702131, -20.9687208321676, -20.9685613140205, -20.9689533950499, -20.9703318623914, -20.9728128104274, -20.9748563462068, -20.9763041233991, -20.9765985767253))
"AMBOHIMANGA DU SUD_FASINTSARA ANDAKANA","<b>Fokontany:</b> Fasintsara Andakana<br><b>Mois:</b> 2024-11-01<br><b>Cas Prédit:</b> 37<br><b>Éventail:</b> 28 - 50",2024-11-01,60.757514479834,"FASINTSARA ANDAKANA","AMBOHIMANGA DU SUD","AMBOHIMANGA DU SUD",list(c(47.6746499989927, 47.6745191952991, 47.6745587088119, 47.6700799986873, 47.6696865902583, 47.6698682802915, 47.6726397902893, 47.6726999999003, 47.6702775689501, 47.6702199988492, 47.6700625086732, 47.669812113134, 47.6695882574877, 47.6559199986035, 47.6368999983296, 47.647429998288, 47.6402199985451, 47.659248688968, 47.6609999999424, 47.662728912402, 47.6649190727499, 47.6673993786716, 47.6691558229764, 47.6721239562497, 47.6746499989927, -20.8001200044902, -20.8001740627382, -20.8002039067403, 
-20.8043200048174, -20.8077683140077, -20.8114697032135, -20.8147487716862, -20.8148200051867, -20.8231227045922, -20.8233200059565, -20.8243081630338, -20.8258792345806, -20.8279159148281, -20.8305000061088, -20.8456200054882, -20.8077800060923, -20.7999000060342, -20.7882694670232, -20.7864700054483, -20.7880803854627, -20.7901989345934, -20.7923607725908, -20.7945732010506, -20.7973217684417, -20.8001200044902))
"AMBOHIMANGA DU SUD_MANDROALINA","<b>Fokontany:</b> Mandroalina<br><b>Mois:</b> 2024-11-01<br><b>Cas Prédit:</b> 58<br><b>Éventail:</b> 45 - 75",2024-11-01,44.1060943758862,"MANDROALINA","AMBOHIMANGA DU SUD","AMBOHIMANGA DU SUD",list(c(47.6277199985704, 47.6180499986995, 47.6196799983252, 47.6038699985929, 47.6030699985729, 47.5889199989486, 47.5836299987146, 47.5927499984033, 47.601629998714, 47.6151299989391, 47.6277199985704, -20.8285300060927, -20.8386500060249, -20.8513800058079, -20.8687200059387, -20.869700006165, -20.8676200055737, -20.8662300062252, -20.8573500059187, -20.8254300061279, -20.8069700056098, -20.8285300060927))
"AMBOHIMANGA DU SUD_MAROLANANANA","<b>Fokontany:</b> Marolananana<br><b>Mois:</b> 2024-11-01<br><b>Cas Prédit:</b> 177<br><b>Éventail:</b> 136 - 230",2024-11-01,181.327094787484,"MAROLANANANA","AMBOHIMANGA DU SUD","AMBOHIMANGA DU SUD",list(c(47.6164250226815, 47.5987199985136, 47.5953799982739, 47.5803499985372, 47.5657499988453, 47.5661753035293, 47.5664539674584, 47.5667073199684, 47.5666740900185, 47.5667865943069, 47.5669299984015, 47.5656208570974, 47.5650536375957, 47.564204778308, 47.5640473969497, 47.5634704890515, 47.5624054318447, 47.5688650867346, 47.5751604732581, 47.5787999990021, 47.582551097337, 47.5839942286325, 47.5845593554117, 47.5855574706825, 47.5854444780621, 47.5863199995503, 47.5879873399259, 47.5894530136279, 
47.5915432305181, 47.5932695574267, 47.5938967311319, 47.5952254003148, 47.5952056305183, 47.5957769518278, 47.5966221158011, 47.5973925236292, 47.5976917424631, 47.598412001396, 47.598960282974, 47.5992587319883, 47.599754532729, 47.6005500379375, 47.6009814715013, 47.6013376623868, 47.6015496478815, 47.6019179544336, 47.6020040600229, 47.6020772063816, 47.6021200186075, 47.6021115964565, 47.6022202750292, 47.6023327082714, 47.6024669392813, 47.6025158426155, 47.6034455617469, 47.6037908798289, 
47.6040128334091, 47.6050449007853, 47.6053367748561, 47.6056731878512, 47.6057339019818, 47.6054531857997, 47.6050249799026, 47.604800523509, 47.6047956815591, 47.6051485719327, 47.6054591213251, 47.6058687373361, 47.6063548397878, 47.6066702347273, 47.6070580547692, 47.6073754758813, 47.6082743006024, 47.6091011723653, 47.6096321626782, 47.6104748058517, 47.6122300000988, 47.6139418506205, 47.616302152807, 47.6164250226815, -20.7398476352443, -20.7647800061623, -20.7885700060581, -20.7798800055187, 
-20.7772500056447, -20.7743964936663, -20.7725268076301, -20.7692591488563, -20.7648176301976, -20.761289618591, -20.7562800044912, -20.7539815019185, -20.7524175700893, -20.7503329325944, -20.7478518082912, -20.7449815275538, -20.7426202307186, -20.7433559579906, -20.7442482149625, -20.7447000055802, -20.7447260472489, -20.743097119617, -20.7427992119948, -20.7422730492429, -20.7421170258612, -20.741670005248, -20.7414383434864, -20.7413792184579, -20.7408233016362, -20.7406146166536, -20.7404626069463, 
-20.741742067924, -20.7419036751963, -20.7422103296247, -20.7426941037314, -20.7431337768835, -20.7433327410943, -20.7437281460182, -20.7440812432357, -20.7442576254699, -20.7444975951685, -20.744959665037, -20.7446727417343, -20.7443185797195, -20.7440608124376, -20.7432927221629, -20.7428997463079, -20.7420709967612, -20.741862935908, -20.7415874735655, -20.7411254639516, -20.7408006252314, -20.7403836078003, -20.7403821446034, -20.7404271880474, -20.7405332343044, -20.7405966499984, -20.7407996341787, 
-20.7407462639119, -20.7405537001762, -20.740138313216, -20.7397320327906, -20.7393064322298, -20.7391515734702, -20.738990698246, -20.7385225048938, -20.7382843868992, -20.7380901926927, -20.738008394856, -20.7379317141619, -20.7378296950689, -20.7378213151861, -20.7376373219896, -20.7375012410743, -20.7373698591168, -20.7378376567673, -20.7388300046854, -20.7392915349606, -20.7398171059588, -20.7398476352443))
"AMBOHIMANGA DU SUD_MAROSATROKA","<b>Fokontany:</b> Marosatroka<br><b>Mois:</b> 2024-11-01<br><b>Cas Prédit:</b> 58<br><b>Éventail:</b> 44 - 77",2024-11-01,45.7641296728185,"MAROSATROKA","AMBOHIMANGA DU SUD","AMBOHIMANGA DU SUD",list(c(47.6499499993941, 47.6656699994745, 47.6575663038454, 47.6533257467887, 47.6502389515689, 47.6474221688003, 47.6444575923459, 47.6437226807588, 47.641934940047, 47.6399760475579, 47.6393872641122, 47.6402677939248, 47.6406829956248, 47.6411712924222, 47.6396767073149, 47.6372775822952, 47.6352457583855, 47.6332126259621, 47.6313998751041, 47.6279229854571, 47.6249598641058, 47.6210167083534, 47.6186653930921, 47.6165589119626, 47.6143987323138, 47.6146499992959, 47.6076973045841, 47.6117199999747, 
47.6142499997343, 47.628929999518, 47.6398199998915, 47.6499499993941, -20.9547200057957, -20.9702700061206, -20.9822855547924, -20.980447337833, -20.9790965705095, -20.978272784321, -20.9764163318085, -20.9757740530906, -20.975385420961, -20.9756856056665, -20.974676439527, -20.972288359982, -20.9703365937221, -20.9684311623326, -20.9668943873312, -20.968044485329, -20.9687578131863, -20.9678875743163, -20.966763963151, -20.9678001746022, -20.9681467814124, -20.9670944810893, -20.9659942648877, 
-20.9648025417687, -20.9640374021696, -20.9592700060736, -20.9583065443793, -20.9444200056541, -20.9376800060066, -20.9416800061053, -20.9259800060592, -20.9547200057957))
"AMBOHIMANGA DU SUD_MASOAROVANA","<b>Fokontany:</b> Masoarovana<br><b>Mois:</b> 2024-11-01<br><b>Cas Prédit:</b> 50<br><b>Éventail:</b> 38 - 64",2024-11-01,39.1950325269891,"MASOAROVANA","AMBOHIMANGA DU SUD","AMBOHIMANGA DU SUD",list(c(47.6304199989795, 47.6155799999128, 47.6035499991262, 47.6078799982566, 47.6191499990675, 47.6198232801147, 47.6232487968892, 47.6304199989795, -20.8968500054251, -20.9226000057729, -20.8979700058108, -20.8933300058774, -20.8925300058586, -20.8926986665137, -20.8935567348586, -20.8968500054251))
"AMBOHIMANGA DU SUD_MORARANO","<b>Fokontany:</b> Morarano<br><b>Mois:</b> 2024-11-01<br><b>Cas Prédit:</b> 46<br><b>Éventail:</b> 36 - 60",2024-11-01,67.6743930142433,"MORARANO","AMBOHIMANGA DU SUD","AMBOHIMANGA DU SUD",list(c(47.6368999983296, 47.6361585612622, 47.6350699984753, 47.6291699988907, 47.6030699985729, 47.6038699985929, 47.6196799983252, 47.6180499986995, 47.6277199985704, 47.6368999983296, -20.8456200054882, -20.8515165957404, -20.854070005751, -20.8757500054712, -20.869700006165, -20.8687200059387, -20.8513800058079, -20.8386500060249, -20.8285300060927, -20.8456200054882))
"AMBOHIMANGA DU SUD_NOSIMBOAHANGY","<b>Fokontany:</b> Nosimboahangy<br><b>Mois:</b> 2024-11-01<br><b>Cas Prédit:</b> 36<br><b>Éventail:</b> 27 - 49",2024-11-01,47.8856482306031,"NOSIMBOAHANGY","AMBOHIMANGA DU SUD","AMBOHIMANGA DU SUD",list(c(47.6757733790362, 47.6743317586018, 47.6726839865748, 47.6710291539702, 47.6696749638264, 47.6690000010472, 47.6646516845255, 47.6641200844724, 47.6624525219647, 47.6623699992748, 47.648950000039, 47.65501999847, 47.6559199986035, 47.6695882574877, 47.6695147208233, 47.6695363387268, 47.6697755835724, 47.6704698116286, 47.6708035986034, 47.670943712079, 47.6708901430621, 47.6708400184486, 47.6708523265703, 47.6713773696667, 47.6721698891262, 47.6728960673969, 47.6736807573586, 47.674470411578, 
47.6747500000104, 47.6757733790362, -20.8591799967837, -20.8616325766051, -20.8639230967951, -20.8653591971899, -20.8665082888465, -20.8680000051154, -20.8742995869721, -20.8794237378281, -20.8859035258364, -20.893100006066, -20.8793300059871, -20.8581700059647, -20.8305000061088, -20.8279159148281, -20.8285849654639, -20.8312283112763, -20.8350977370077, -20.8359678391807, -20.8377077278647, -20.8392086954595, -20.8404707518577, -20.8421533366402, -20.8436552287381, -20.8453336460623, -20.8484520218731, 
-20.851270474681, -20.8534276236132, -20.8561855214704, -20.858400004881, -20.8591799967837))
"AMBOHIMANGA DU SUD_SAHAMARANA","<b>Fokontany:</b> Sahamarana<br><b>Mois:</b> 2024-11-01<br><b>Cas Prédit:</b> 67<br><b>Éventail:</b> 52 - 86",2024-11-01,48.6139020612983,"SAHAMARANA","AMBOHIMANGA DU SUD","AMBOHIMANGA DU SUD",list(c(47.6030699985729, 47.6291699988907, 47.6339799985735, 47.6334699984373, 47.6304199989795, 47.6232487968892, 47.6198232801147, 47.6191499990675, 47.6078799982566, 47.6033499988957, 47.5959299984618, 47.5889199989486, 47.6030699985729, -20.869700006165, -20.8757500054712, -20.884880005616, -20.890000006101, -20.8968500054251, -20.8935567348586, -20.8926986665137, -20.8925300058586, -20.8933300058774, -20.8855500059343, -20.8782000060352, -20.8676200055737, -20.869700006165))
"AMBOHIMANGA DU SUD_SOANIHERENANA NORD","<b>Fokontany:</b> Soaniherenana Nord<br><b>Mois:</b> 2024-11-01<br><b>Cas Prédit:</b> 138<br><b>Éventail:</b> 108 - 176",2024-11-01,163.307073539688,"SOANIHERENANA NORD","AMBOHIMANGA DU SUD","AMBOHIMANGA DU SUD",list(c(47.6437401293929, 47.6434507518401, 47.6427360785966, 47.6415367274276, 47.6414367237154, 47.6408240848532, 47.6402788906481, 47.6400054463842, 47.6409066677985, 47.6466612020436, 47.6488521061309, 47.6498699992922, 47.6519961216151, 47.6555216313099, 47.6586597616307, 47.6609999999424, 47.659248688968, 47.6402199985451, 47.6124799990396, 47.6207499990996, 47.6430199990629, 47.6437401293929, -20.7666378409351, -20.7673863160967, -20.77110739416, -20.7739898472212, -20.7742301874405, -20.7754697940624, 
-20.7799038519455, -20.7824305547892, -20.7833506736571, -20.7854954874884, -20.7865840988383, -20.786250005195, -20.7864768600805, -20.7865425735425, -20.7864747592645, -20.7864700054483, -20.7882694670232, -20.7999000060342, -20.7793300062379, -20.757750005733, -20.7663700057428, -20.7666378409351))
"AMBOHIMANGA DU SUD_VOHITRARIVO","<b>Fokontany:</b> Vohitrarivo<br><b>Mois:</b> 2024-11-01<br><b>Cas Prédit:</b> 41<br><b>Éventail:</b> 30 - 56",2024-11-01,35.9421571879574,"VOHITRARIVO","AMBOHIMANGA DU SUD","AMBOHIMANGA DU SUD",list(c(47.6462964325229, 47.6479509944316, 47.6494342462825, 47.6514810439044, 47.6522840827338, 47.6524041584148, 47.6518672739451, 47.6505515541002, 47.6501117154725, 47.6494503630332, 47.6497406003379, 47.6487375603795, 47.6474431805476, 47.6460727504464, 47.6443829369123, 47.6437401293929, 47.6430199990629, 47.6207499990996, 47.6233799989738, 47.6203699986619, 47.6219176743467, 47.6222829169087, 47.6224075440585, 47.6239343185997, 47.6252350422492, 47.6260595667815, 47.6264230727526, 47.6267975666404, 
47.6269754849167, 47.6272027867652, 47.6274042259104, 47.6278506673605, 47.628585069032, 47.6291907534368, 47.6297915707108, 47.6308856544358, 47.6311209188816, 47.6315190199732, 47.63170646207, 47.6320504869269, 47.6322355790951, 47.6326633236399, 47.6328550267245, 47.6332636336962, 47.6336987715676, 47.6345014848422, 47.6347702975978, 47.6354552914153, 47.6357258497548, 47.6362972241243, 47.6366499481234, 47.6373252688334, 47.6373424144082, 47.6374304310569, 47.6381306405041, 47.6385630408392, 
47.6388443352855, 47.6394758554141, 47.639632029882, 47.6401146105887, 47.6403726935329, 47.6408339899846, 47.6422407904684, 47.6426117185443, 47.6433756503544, 47.6441815616182, 47.6447859995628, 47.6454111174177, 47.6457451445114, 47.6461496622657, 47.6462964325229, -20.7495532626536, -20.7493795325202, -20.7520242426043, -20.7533822188932, -20.7543487202956, -20.7554747605296, -20.7555886650626, -20.754460942197, -20.7548507938071, -20.756136505073, -20.7576763035951, -20.758869585239, -20.7595110707548, 
-20.7618298782205, -20.7649752103101, -20.7666378409351, -20.7663700057428, -20.757750005733, -20.7461000062914, -20.7400500051879, -20.7403861178092, -20.7411582001745, -20.7412465414784, -20.7408164757838, -20.7401852821095, -20.7399802591662, -20.7398789325513, -20.7401450716223, -20.7403702339835, -20.7406170709054, -20.7408183562663, -20.7410365686669, -20.741086222935, -20.7409098092246, -20.74057252029, -20.7395791336551, -20.7392743111457, -20.738689449644, -20.738409238881, -20.7376649770432, 
-20.7373153368196, -20.7369137544528, -20.7367938541397, -20.7365533115728, -20.7364046095719, -20.7362917275682, -20.7362847677149, -20.7363127222413, -20.7363746270744, -20.7366817122781, -20.7370400102749, -20.7432722095283, -20.7438457044988, -20.7443492591939, -20.7456863550235, -20.7462495959241, -20.746678961047, -20.7473746046357, -20.7476924960931, -20.748299980041, -20.7487532167683, -20.7494760225808, -20.7507494122353, -20.7509003661387, -20.7511100871405, -20.7510891626145, -20.7508669716133, 
-20.7505288939734, -20.7502673936055, -20.7498890928878, -20.7495532626536))
"AMBOHIMIERA_AMBINANITOMAROSANA","<b>Fokontany:</b> Ambinanitomarosana<br><b>Mois:</b> 2024-11-01<br><b>Cas Prédit:</b> 55<br><b>Éventail:</b> 39 - 78",2024-11-01,41.3904405638115,"AMBINANITOMAROSANA","AMBOHIMIERA","AMBOHIMIERA",list(c(47.5297268754818, 47.5182799987099, 47.4686799983657, 47.4639784299426, 47.4636757828929, 47.4635708535939, 47.4638182534913, 47.4642090736716, 47.4646298295847, 47.4646349476263, 47.4644823614533, 47.4641608385333, 47.4638206978482, 47.4637381140041, 47.4630467269061, 47.4627436652691, 47.4625871193811, 47.4626014177022, 47.4629885425682, 47.4635704030327, 47.4641318983494, 47.4644018523445, 47.4645111307649, 47.4645364808546, 47.4645543108135, 47.4647891588732, 47.4649706069886, 47.4652958944706, 
47.4658197495624, 47.466194896358, 47.4758588374967, 47.484398864398, 47.4938779957556, 47.511219998688, 47.5118082137622, 47.5122287655292, 47.5153125615102, 47.5180047234243, 47.5196444240363, 47.5224104076999, 47.525126979013, 47.52857829374, 47.5297268754818, -20.9168590315045, -20.9358200056633, -20.943120005052, -20.9439839999288, -20.9431513823979, -20.9422300485459, -20.9408085972077, -20.9395737138252, -20.938063127082, -20.9364997465372, -20.935508690945, -20.9343769544052, -20.9336126394843, 
-20.9334270688768, -20.9324274391482, -20.9316174026945, -20.9308335733848, -20.9300746759799, -20.9290464550049, -20.9280672956447, -20.9268810556923, -20.9255520537611, -20.9236684749981, -20.9223358829733, -20.9213934681132, -20.9206383064922, -20.9201126932261, -20.9197499354912, -20.9192527201173, -20.9188450529374, -20.9146481804525, -20.9109387827845, -20.9068207961314, -20.9017700047741, -20.9015788223972, -20.9018841539229, -20.9044316733742, -20.9065661054316, -20.9078513274664, -20.9101235311645, 
-20.9129007374663, -20.9159757641559, -20.9168590315045))
"AMBOHIMIERA_AMBODIMANGA","<b>Fokontany:</b> Ambodimanga<br><b>Mois:</b> 2024-11-01<br><b>Cas Prédit:</b> 34<br><b>Éventail:</b> 23 - 49",2024-11-01,42.428006393889,"AMBODIMANGA","AMBOHIMIERA","AMBOHIMIERA",list(c(47.6076973045841, 47.6146499992959, 47.6143987323138, 47.6143452010683, 47.6140923144069, 47.6139158836093, 47.6136568734641, 47.61339857828, 47.6129916206649, 47.6127129387493, 47.6123851385615, 47.6121064539478, 47.6119492641454, 47.6118859123032, 47.6116553773919, 47.6114182954162, 47.6111380423849, 47.6110530456597, 47.6110386888827, 47.6110243330049, 47.6107836987071, 47.6104528785958, 47.611808727989, 47.6126299996735, 47.5958577460356, 47.5863300000263, 47.5980470835021, 47.5986567006422, 
47.5995699999515, 47.603969660568, 47.6076973045841, -20.9583065443793, -20.9592700060736, -20.9640374021696, -20.9641467327505, -20.964508115422, -20.9647334711375, -20.9653472494404, -20.9659378773952, -20.9666170445046, -20.9670237673964, -20.9674522871565, -20.967859009149, -20.968314568825, -20.9689320631266, -20.9693858736214, -20.9701146653213, -20.9705902726844, -20.9710927517903, -20.9717115995715, -20.9723304473528, -20.973219595368, -20.9737627355216, -20.9765831956163, -20.9780200055763, 
-20.9831367550111, -20.9875000056717, -20.9565961030959, -20.9548809421709, -20.952800004487, -20.9559630406306, -20.9583065443793))
"AMBOHIMIERA_AMBOHIDAZA","<b>Fokontany:</b> Ambohidaza<br><b>Mois:</b> 2024-11-01<br><b>Cas Prédit:</b> 79<br><b>Éventail:</b> 51 - 121",2024-11-01,202.095402249635,"AMBOHIDAZA","AMBOHIMIERA","AMBOHIMIERA",list(c(47.4575989433186, 47.4623499996374, 47.4870499992454, 47.4564499982549, 47.4249745252361, 47.4140999985964, 47.3419346465398, 47.3432814640414, 47.3451586099552, 47.347278460406, 47.3494456223912, 47.3510081638694, 47.3522561260931, 47.3530199949506, 47.354228224227, 47.3555922736383, 47.3556041617764, 47.3551800594859, 47.3546302625502, 47.3539778925393, 47.3531596605633, 47.3525639280562, 47.35174692995, 47.3512414938729, 47.3512502523702, 47.3515440042254, 47.3512934279222, 47.3508373943031, 
47.3505268404141, 47.3501977335112, 47.3498986288912, 47.349648370948, 47.3495123664749, 47.3487294185, 47.3497377500693, 47.3498539047061, 47.3500510342999, 47.3506069313369, 47.3516733114463, 47.353107300234, 47.354173662357, 47.3550937929166, 47.356509048826, 47.3578462237967, 47.3591499134105, 47.359999093756, 47.3610629719515, 47.3620233912396, 47.3627653256325, 47.3635306963579, 47.364201427827, 47.3656669189668, 47.3672113588909, 47.3686583644659, 47.3694747897037, 47.3700005720426, 47.3706716524486, 
47.3720172603621, 47.3731173515585, 47.3740610569463, 47.3752880343895, 47.3771893073151, 47.3792562893209, 47.3806745363755, 47.3823273122306, 47.3841367652746, 47.3844898534991, 47.3845904120929, 47.3856041503864, 47.3867004563362, 47.3879939485373, 47.3888440587817, 47.3892678669938, 47.3893671818253, 47.3893483922897, 47.3891490719472, 47.3887253662577, 47.3878385124124, 47.3867770246148, 47.3855711443674, 47.3851337087281, 47.3854231132605, 47.386296161613, 47.3866333408305, 47.3866039986501, 
47.3868661753081, 47.3875394698451, 47.3884477302531, 47.3892060035288, 47.3901074677602, 47.3911608823437, 47.3922433234455, 47.3930496789745, 47.3933554358797, 47.3931636032927, 47.3924283580573, 47.392231539629, 47.3928524153819, 47.3938724669161, 47.3951147858942, 47.3964417526604, 47.3976049330969, 47.3984968537225, 47.3998800982638, 47.4004841800768, 47.4012571617646, 47.401786558479, 47.4024363276507, 47.4028961591067, 47.4035958253635, 47.4045611846275, 47.4054596783981, 47.4060430461264, 
47.4065545850029, 47.4071160137699, 47.4076792483755, 47.4088147206998, 47.4092620803578, 47.4095681700121, 47.4097974773488, 47.4101723984144, 47.4110831949106, 47.4120153341176, 47.4125333139385, 47.4137186392811, 47.4144351174641, 47.4152010322791, 47.4164578726103, 47.4171707463104, 47.4183960537125, 47.4192514034073, 47.419905864342, 47.4204586137519, 47.4211003753601, 47.4216991376833, 47.4226430697003, 47.4238152253709, 47.4245694768783, 47.4243466320698, 47.4245369007357, 47.4249144667076, 
47.4256533191237, 47.4271915132563, 47.428065692956, 47.4288886526679, 47.4296536843489, 47.4302011106717, 47.4306312806881, 47.4313728859292, 47.4316767218825, 47.4320368437048, 47.4328181441215, 47.4336782943974, 47.4341911975453, 47.4363192417194, 47.4385362072601, 47.440647249751, 47.4429299989007, 47.4461376890839, 47.4489360330525, 47.452580073393, 47.45471999941, 47.4575989433186, -20.9521930745131, -20.9873200054578, -20.9910000060888, -21.0189200057803, -21.0010543977766, -20.9953500061346, 
-20.9897577356662, -20.9888001996054, -20.9881988598258, -20.9877170066713, -20.9873054445277, -20.9865363784886, -20.9855996437467, -20.9844001855589, -20.9830723815247, -20.9813806731202, -20.9808764124573, -20.9801554817314, -20.9795701786623, -20.9791655448956, -20.9785280721548, -20.9778035549325, -20.9771203327798, -20.9756867325001, -20.974287021373, -20.9732838006515, -20.9724749557996, -20.9720748824951, -20.971723696337, -20.9711428170331, -20.9703099566853, -20.9695016730104, -20.9690394340694, 
-20.9658784987422, -20.9647070823151, -20.9639521293368, -20.9628777299733, -20.9621785331632, -20.9616510097371, -20.9611316314709, -20.9606040936556, -20.9600502506704, -20.9592780037293, -20.9587105647935, -20.958509729993, -20.9588720488588, -20.9594917689825, -20.960339026577, -20.961089809399, -20.9618867553209, -20.9625436345322, -20.9637917676266, -20.9637792436678, -20.9627091781375, -20.9613501424472, -20.9598470569491, -20.9584154279834, -20.9574808408225, -20.9575966546162, -20.9581221114004, 
-20.9580570940139, -20.9574552964794, -20.9571100116726, -20.957255606516, -20.957841953698, -20.9580191911875, -20.957590354866, -20.9564453344402, -20.9560771277132, -20.9563532258765, -20.9565875460342, -20.9558718871341, -20.9545268547874, -20.9534275720823, -20.9521420766537, -20.9512426637766, -20.9504992266171, -20.949653961021, -20.9489423589625, -20.9481130005747, -20.9469106061004, -20.9460677075198, -20.9454208134814, -20.9446250708524, -20.9437980911715, -20.9430693947996, -20.942579457639, 
-20.942507125167, -20.9425694490842, -20.94279525536, -20.9428180684624, -20.9426351904251, -20.9427440875331, -20.9432787209994, -20.9441464795391, -20.9451861497831, -20.9462605833208, -20.9469622388774, -20.9473516498198, -20.9476765496939, -20.9475216108948, -20.9470418216842, -20.9466251199151, -20.946068964773, -20.946493468161, -20.9470581497755, -20.9475496994205, -20.9481585566333, -20.9484421668336, -20.9490055633169, -20.9497576978199, -20.95016354747, -20.9504029595891, -20.9505496264243, 
-20.9506508334293, -20.9506605658925, -20.9502198198492, -20.9498824229961, -20.9492663658111, -20.9488105336404, -20.9484261283246, -20.948188233362, -20.9481348325182, -20.9479364735512, -20.9474508054725, -20.9471406257017, -20.9468086994246, -20.9464157568446, -20.9462896467129, -20.9462644270248, -20.9463706540455, -20.9467264771082, -20.9472872754501, -20.9483093936257, -20.9490093737455, -20.949600053861, -20.9498032035166, -20.9488045171768, -20.9476512256863, -20.9466654509132, -20.9461432370843, 
-20.9459486237937, -20.946203800129, -20.9466091083872, -20.9471287654435, -20.9481072098426, -20.9489440946566, -20.9495027598067, -20.950435038408, -20.951198831722, -20.9515727194666, -20.9517002073598, -20.951576543384, -20.9516542376142, -20.9516521080197, -20.9515893191532, -20.9514775406177, -20.9514300060518, -20.9514446748938, -20.9514774515853, -20.9516538599, -20.9521500059802, -20.9521930745131))
"AMBOHIMIERA_AMBOHIMAHATSINJO","<b>Fokontany:</b> Ambohimahatsinjo<br><b>Mois:</b> 2024-11-01<br><b>Cas Prédit:</b> 96<br><b>Éventail:</b> 71 - 130",2024-11-01,106.148865047193,"AMBOHIMAHATSINJO","AMBOHIMIERA","AMBOHIMIERA",list(c(47.539419998724, 47.5308343528127, 47.5128300000929, 47.5114699994303, 47.4870499992454, 47.4623499996374, 47.4575989433186, 47.4575572435538, 47.457699501013, 47.4580549724408, 47.4585305438314, 47.459297247352, 47.4604019925399, 47.4613602192808, 47.4629303429432, 47.4638400170854, 47.4645785205647, 47.4648103055335, 47.4645274282805, 47.464368194319, 47.4648313244883, 47.4648425174504, 47.4639784299426, 47.4686799983657, 47.5182799987099, 47.539419998724, -20.9541500046851, -20.9589216177016, 
-20.969300004548, -20.9854700046848, -20.9910000060888, -20.9873200054578, -20.9521930745131, -20.9518793271317, -20.9508469575841, -20.9501864900779, -20.94964216192, -20.9492643108632, -20.9491441128746, -20.9489993930718, -20.9488639227962, -20.9486952099805, -20.9485004348119, -20.9479062005758, -20.9473269679305, -20.9466803553798, -20.9455156047277, -20.94491820218, -20.9439839999288, -20.943120005052, -20.9358200056633, -20.9541500046851))
"AMBOHIMIERA_AMBOHIMAHAVELONA","<b>Fokontany:</b> Ambohimahavelona<br><b>Mois:</b> 2024-11-01<br><b>Cas Prédit:</b> 38<br><b>Éventail:</b> 27 - 51",2024-11-01,61.0583905817862,"AMBOHIMAHAVELONA","AMBOHIMIERA","AMBOHIMIERA",list(c(47.5471592476903, 47.5489465621236, 47.5501704584897, 47.5513616177343, 47.5510299990251, 47.539419998724, 47.5182799987099, 47.5297268754818, 47.5326662826102, 47.5361669881038, 47.5390310994938, 47.5404511281054, 47.5409406138067, 47.539569758326, 47.5379781660477, 47.5383451865694, 47.5399367365796, 47.5423114800795, 47.5442210339626, 47.5451516650064, 47.5471592476903, -20.9268283788078, -20.9287096382194, -20.9313031274162, -20.9310580306827, -20.9313300054543, -20.9541500046851, -20.9358200056633, 
-20.9168590315045, -20.919119415413, -20.9214374170864, -20.923180800536, -20.9240071048262, -20.9249478766249, -20.9252470208148, -20.9253161157275, -20.9267624252263, -20.9273358104797, -20.9282992613818, -20.9288033430796, -20.9274027434225, -20.9268283788078))
"AMBOHIMIERA_AMBOHIMIERA","<b>Fokontany:</b> Ambohimiera<br><b>Mois:</b> 2024-11-01<br><b>Cas Prédit:</b> 97<br><b>Éventail:</b> 75 - 125",2024-11-01,71.5365390368193,"AMBOHIMIERA","AMBOHIMIERA","AMBOHIMIERA",list(c(47.519679998526, 47.5213999996049, 47.5224499994643, 47.5167999997191, 47.4873299995729, 47.4813336349312, 47.4571775416975, 47.4743629276949, 47.4831199996765, 47.519679998526, -21.0295500058529, -21.0552000060866, -21.0820700050235, -21.130270005527, -21.0823500044438, -21.0728533533989, -21.0365262439083, -21.0211943660537, -21.0133800048147, -21.0295500058529))
"AMBOHIMIERA_AMBOLO","<b>Fokontany:</b> Ambolo<br><b>Mois:</b> 2024-11-01<br><b>Cas Prédit:</b> 36<br><b>Éventail:</b> 26 - 50",2024-11-01,72.2333925743263,"AMBOLO","AMBOHIMIERA","AMBOHIMIERA",list(c(47.5047171988227, 47.5057674244104, 47.5084352299855, 47.5118082137622, 47.511219998688, 47.4938779957556, 47.484398864398, 47.4758588374967, 47.466194896358, 47.4664581953701, 47.4664264519997, 47.4660439082802, 47.4656323092641, 47.4646318080918, 47.4638089140303, 47.463408378474, 47.4634266589931, 47.4637927882866, 47.4642694172798, 47.4651123320485, 47.4656640373455, 47.4657739273049, 47.4655927552814, 47.4654962571265, 47.4647375584713, 47.4646322217792, 47.4648714747184, 47.4651540929667, 
47.465973512947, 47.4667405555119, 47.4671641964503, 47.4673562223914, 47.4670145528589, 47.4671837117384, 47.4675500856474, 47.4680846084974, 47.4679386854014, 47.4919373693954, 47.4944956519345, 47.4948763583389, 47.4965664578576, 47.5001635850638, 47.5018766433751, 47.5047171988227, -20.8966501994418, -20.8975919290185, -20.8991299136081, -20.9015788223972, -20.9017700047741, -20.9068207961314, -20.9109387827845, -20.9146481804525, -20.9188450529374, -20.9178610552246, -20.9169635471116, -20.9164746855401, 
-20.916215225734, -20.9160378335611, -20.9155183383828, -20.9146840490122, -20.9137184829048, -20.9124831804383, -20.9118931010699, -20.911354989026, -20.9106746779789, -20.9100557771376, -20.9092709666674, -20.9079131414647, -20.9065898385372, -20.9056916460401, -20.9047066635697, -20.9039986345178, -20.9034143665685, -20.9029901941312, -20.9026065073737, -20.901528652815, -20.9001666763416, -20.8989969326536, -20.8977616211937, -20.8966895798527, -20.8953535074516, -20.8895588526565, -20.8889409176873, 
-20.8891725146979, -20.8902006619286, -20.8927260751447, -20.8941030532092, -20.8966501994418))
"AMBOHIMIERA_ANDEMAKA NORD","<b>Fokontany:</b> Andemaka Nord<br><b>Mois:</b> 2024-11-01<br><b>Cas Prédit:</b> 128<br><b>Éventail:</b> 98 - 167",2024-11-01,103.442037242031,"ANDEMAKA NORD","AMBOHIMIERA","AMBOHIMIERA",list(c(47.5691500000689, 47.5699999996981, 47.5669199997567, 47.5368199993395, 47.528354579296, 47.5256409343769, 47.5213999996049, 47.519679998526, 47.5289299988137, 47.5312199982971, 47.5548999994298, 47.565485043296, 47.5691500000689, -21.0101700060788, -21.03105000578, -21.0473500056163, -21.0534200058416, -21.0599612013574, -21.0585946149591, -21.0552000060866, -21.0295500058529, -21.0218200055183, -21.0093500060342, -20.9984700061293, -21.0069643609559, -21.0101700060788))
"AMBOHIMIERA_ANDRORANGAVOLA","<b>Fokontany:</b> Androrangavola<br><b>Mois:</b> 2024-11-01<br><b>Cas Prédit:</b> 45<br><b>Éventail:</b> 33 - 61",2024-11-01,56.5577396937795,"ANDRORANGAVOLA","AMBOHIMIERA","AMBOHIMIERA",list(c(47.6108460604001, 47.6104594310606, 47.6102797887839, 47.6099059388108, 47.6094625406664, 47.6079521868464, 47.6074378169042, 47.6069897368892, 47.6064428906293, 47.6055943191248, 47.6039001996367, 47.6023293628119, 47.6011096743739, 47.5993499997047, 47.5965877437312, 47.5956360289814, 47.5957604313008, 47.5958999997874, 47.5965762027319, 47.5977875796359, 47.5980604915014, 47.5983326821106, 47.5986981090336, 47.5960199999259, 47.5747499993137, 47.5669199997567, 47.5699999996981, 47.5995199994497, 
47.6108460604001, -21.045469150902, -21.0463096276082, -21.0466721874922, -21.0469627125798, -21.0470905709936, -21.0467832636573, -21.046795315472, -21.0471298210048, -21.0474847708256, -21.0474845145188, -21.0474839974086, -21.048317566422, -21.049230955663, -21.0511500045869, -21.0537046349772, -21.0552742721054, -21.0577842610489, -21.0606000050987, -21.0634121707462, -21.0681646560827, -21.0690649017319, -21.0699877329552, -21.0721739182983, -21.0714700054432, -21.07032000547, -21.0473500056163, 
-21.03105000578, -21.0404700058096, -21.045469150902))
"AMBOHIMIERA_ANTARAMBAKANA","<b>Fokontany:</b> Antarambakana<br><b>Mois:</b> 2024-11-01<br><b>Cas Prédit:</b> 79<br><b>Éventail:</b> 59 - 107",2024-11-01,85.4512221220298,"ANTARAMBAKANA","AMBOHIMIERA","AMBOHIMIERA",list(c(47.5863300000263, 47.5582300001085, 47.5548999994298, 47.5312199982971, 47.5114699994303, 47.5128300000929, 47.5308343528127, 47.539419998724, 47.5469999984427, 47.5806192735567, 47.5863300000263, -20.9875000056717, -20.9884200058275, -20.9984700061293, -21.0093500060342, -20.9854700046848, -20.969300004548, -20.9589216177016, -20.9541500046851, -20.9646200054699, -20.9839028685751, -20.9875000056717))
"AMBOHIMIERA_FALIARIVO","<b>Fokontany:</b> Faliarivo<br><b>Mois:</b> 2024-11-01<br><b>Cas Prédit:</b> 43<br><b>Éventail:</b> 31 - 59",2024-11-01,62.9608859914352,"FALIARIVO","AMBOHIMIERA","AMBOHIMIERA",list(c(47.6098986021385, 47.6023216799008, 47.5745049610321, 47.5691500000689, 47.565485043296, 47.5548999994298, 47.5582300001085, 47.5863300000263, 47.5958577460356, 47.6126299996735, 47.6122593647769, 47.6114642732567, 47.6108706262777, 47.6109091055703, 47.6098986021385, -20.9976570252984, -21.0008507984704, -21.0095966891744, -21.0101700060788, -21.0069643609559, -20.9984700061293, -20.9884200058275, -20.9875000056717, -20.9831367550111, -20.9780200055763, -20.9810651801699, -20.9855558350873, 
-20.9892650609853, -20.9941399116765, -20.9976570252984))
"AMBOHIMIERA_FIADANANA NORD","<b>Fokontany:</b> Fiadanana Nord<br><b>Mois:</b> 2024-11-01<br><b>Cas Prédit:</b> 23<br><b>Éventail:</b> 16 - 33",2024-11-01,39.7886680170001,"FIADANANA NORD","AMBOHIMIERA","AMBOHIMIERA",list(c(47.572288458638, 47.5765749881384, 47.5820821917336, 47.5919069703255, 47.5995699999515, 47.5986567006422, 47.5980470835021, 47.5863300000263, 47.5806192735567, 47.5469999984427, 47.539419998724, 47.5510299990251, 47.5513616177343, 47.5527414727308, 47.5536226032906, 47.5551408639501, 47.5573443072846, 47.5597193574533, 47.5620943806425, 47.5639062276818, 47.5648611638034, 47.5661932261283, 47.571953793925, 47.572288458638, -20.9409206176674, -20.9436066237205, -20.9459387114752, -20.9501923563634, 
-20.952800004487, -20.9548809421709, -20.9565961030959, -20.9875000056717, -20.9839028685751, -20.9646200054699, -20.9541500046851, -20.9313300054543, -20.9310580306827, -20.9307741030217, -20.9314395554701, -20.9325637377048, -20.9341011440304, -20.9354776049847, -20.9372435839007, -20.938275957945, -20.9385970348012, -20.9384527754512, -20.9407109074575, -20.9409206176674))
"AMBOHIMIERA_MANARINONY","<b>Fokontany:</b> Manarinony<br><b>Mois:</b> 2024-11-01<br><b>Cas Prédit:</b> 84<br><b>Éventail:</b> 64 - 110",2024-11-01,64.9862868423146,"MANARINONY","AMBOHIMIERA","AMBOHIMIERA",list(c(47.5986981090336, 47.5984954872802, 47.5984655785269, 47.5986427350775, 47.5995345756636, 47.5988252542856, 47.5987364786093, 47.5985005252827, 47.5980176918667, 47.5969299987242, 47.5975479444858, 47.5988338374156, 47.6006628066474, 47.6022938404927, 47.6037269398509, 47.6054551346515, 47.6075796013225, 47.6097011415996, 47.6110875409626, 47.6133124942818, 47.615419999739, 47.6016699996759, 47.5887999997249, 47.5879799996828, 47.5892999994015, 47.5920590420978, 47.5956923364395, 47.5993200001257, 
47.5957394923913, 47.5919045493631, 47.5885799994751, 47.5811464237754, 47.5728275329705, 47.5600820252703, 47.5484469824462, 47.5441700001493, 47.5515953128759, 47.5649767114074, 47.5673999994114, 47.5702198740488, 47.5747499993137, 47.5960199999259, 47.5986981090336, -21.0721739182983, -21.073522310512, -21.0748057150168, -21.075611776467, -21.076204007913, -21.0788035342586, -21.0800535649224, -21.0813971628503, -21.082696196673, -21.0845300060547, -21.0856610240362, -21.0861611361265, -21.0867500166987, 
-21.0872477051161, -21.0876542058754, -21.0879660880629, -21.0885065581294, -21.0886768276717, -21.0894075106461, -21.0901785758783, -21.0902700045548, -21.1007700058225, -21.1134500059968, -21.1292000056511, -21.1355800048853, -21.1412476853016, -21.1451224727911, -21.1477000053171, -21.1511020659716, -21.1568485674681, -21.1639500055451, -21.1634226350032, -21.1629595300147, -21.1635659176882, -21.1644239680459, -21.1693700045733, -21.1350021598919, -21.0950240484135, -21.0848800060054, -21.0808775066918, 
-21.07032000547, -21.0714700054432, -21.0721739182983))
"AMBOHIMIERA_MAROFOTSY","<b>Fokontany:</b> Marofotsy<br><b>Mois:</b> 2024-11-01<br><b>Cas Prédit:</b> 115<br><b>Éventail:</b> 87 - 151",2024-11-01,132.76927200068,"MAROFOTSY","AMBOHIMIERA","AMBOHIMIERA",list(c(47.5312199982971, 47.5289299988137, 47.519679998526, 47.4831199996765, 47.4743629276949, 47.4571775416975, 47.4564499982549, 47.4870499992454, 47.5114699994303, 47.5312199982971, -21.0093500060342, -21.0218200055183, -21.0295500058529, -21.0133800048147, -21.0211943660537, -21.0365262439083, -21.0189200057803, -20.9910000060888, -20.9854700046848, -21.0093500060342))
"AMBOHIMIERA_MAROMANANA","<b>Fokontany:</b> Maromanana<br><b>Mois:</b> 2024-11-01<br><b>Cas Prédit:</b> 108<br><b>Éventail:</b> 80 - 146",2024-11-01,54.3779453986976,"MAROMANANA","AMBOHIMIERA","AMBOHIMIERA",list(c(47.4854961110365, 47.485607542434, 47.4868303461236, 47.487735845613, 47.4884208879939, 47.488566805694, 47.4876119613034, 47.4864364664501, 47.4869990274637, 47.4889081316856, 47.4904505805106, 47.4925557846028, 47.4954188168063, 47.4971315369724, 47.4965924923313, 47.4941691908369, 47.4929454743355, 47.491843483771, 47.4938500475232, 47.4944956519345, 47.4919373693954, 47.4679386854014, 47.4676617949351, 47.4674598413777, 47.4671755584843, 47.4669075218437, 47.4666045465415, 47.465947274326, 
47.4649217207393, 47.4642318849719, 47.4622826152285, 47.4617280527854, 47.4609615516121, 47.4604005320366, 47.4602911456974, 47.4605693554688, 47.4612488688176, 47.4613327998462, 47.4616867019571, 47.4623317676744, 47.4646318809343, 47.4676672097519, 47.471853342536, 47.4738852995454, 47.4752557260496, 47.4763567408497, 47.4786319069161, 47.4796349153983, 47.4811037942841, 47.4827447764298, 47.4844823961253, 47.4854961110365, -20.8748471967459, -20.8750040780807, -20.8769324871486, -20.8773452310015, 
-20.8777587734524, -20.8797559617708, -20.8804444908228, -20.8817074447443, -20.8828551577402, -20.8826716573722, -20.8818219428301, -20.8815925797357, -20.8830155275458, -20.8848747274871, -20.8862065865644, -20.8862753900968, -20.8860690541431, -20.8871480931089, -20.8885481693608, -20.8889409176873, -20.8895588526565, -20.8953535074516, -20.8944524083456, -20.8934836658326, -20.8916854669058, -20.890324731497, -20.8895152517237, -20.888032673466, -20.8865901609048, -20.8855216206244, -20.8837188423497, 
-20.883272786709, -20.8823639129638, -20.8809750098891, -20.8789961857268, -20.8772532762201, -20.8749879361479, -20.8744375069893, -20.8737042060885, -20.8740379256139, -20.8747268854414, -20.8743143196544, -20.8727073147961, -20.8720190456484, -20.8721337217997, -20.8729834552278, -20.8749579689397, -20.8758760319575, -20.8754169892072, -20.8733280115842, -20.8734200185248, -20.8748471967459))
"AMBOHIMIERA_SAHALALONA","<b>Fokontany:</b> Sahalalona<br><b>Mois:</b> 2024-11-01<br><b>Cas Prédit:</b> 36<br><b>Éventail:</b> 26 - 48",2024-11-01,27.3601789139301,"SAHALALONA","AMBOHIMIERA","AMBOHIMIERA",list(c(47.6104534613593, 47.6104428052925, 47.6102577877679, 47.6103310780181, 47.6107561003152, 47.6112611514825, 47.6120194895094, 47.6129261185471, 47.6137698795779, 47.6143684530434, 47.6150882614159, 47.6150672784339, 47.6153363537916, 47.6158780829092, 47.616516288598, 47.6170426078322, 47.6172746086385, 47.6167220435897, 47.616171754725, 47.615537600482, 47.6151548661064, 47.614919703284, 47.6146832841085, 47.6144767341162, 47.6138349311394, 47.6130710344029, 47.6123802084819, 47.6118603679637, 
47.6110062350516, 47.6105660016216, 47.6102377688598, 47.6102979389007, 47.6110945367855, 47.6117660533629, 47.6118964847372, 47.6112770344098, 47.6104750271029, 47.6099108338199, 47.6098215518252, 47.6095824005095, 47.6094335923885, 47.6095436208436, 47.6095227304918, 47.610001498073, 47.610686241879, 47.6113889838171, 47.6117126066541, 47.6120731934258, 47.6122515163971, 47.6120414077875, 47.6113705063465, 47.6108460604001, 47.5995199994497, 47.5699999996981, 47.5691500000689, 47.5745049610321, 
47.6023216799008, 47.6098986021385, 47.6076390932693, 47.6041799985076, 47.6037952973146, 47.603956505288, 47.6042881186014, 47.6045902656279, 47.6046731831206, 47.6044414368226, 47.6038448769392, 47.603097317287, 47.6028228181182, 47.6025655634496, 47.6029638659893, 47.6039413598058, 47.6045852519078, 47.6051573511309, 47.605464207907, 47.6055240442993, 47.6054636719111, 47.6056682469922, 47.606045770696, 47.6070898179412, 47.608297863756, 47.6088726996161, 47.6095645084961, 47.6102363497287, 47.6106166019756, 
47.6108297359046, 47.6110802330674, 47.611163183835, 47.6109920257625, 47.6107580005825, 47.6104534613593, -21.0216522999479, -21.021683864353, -21.0222756668224, -21.0233319817188, -21.0240064705551, -21.0243840131445, -21.0244001730623, -21.0243503713055, -21.0238414665436, -21.0233495158011, -21.0229063946482, -21.0238227948194, -21.024883379697, -21.0257890626474, -21.0267657650598, -21.0272814525086, -21.0278364637131, -21.0284438334471, -21.0289597286392, -21.0299317959457, -21.0306119244304, 
-21.0312486813109, -21.0319543190655, -21.0324085261613, -21.0326473024596, -21.0328829778955, -21.0331203971168, -21.0333848463615, -21.033274514835, -21.0332651663823, -21.0336936843438, -21.0342685345926, -21.0347439647894, -21.035331478392, -21.0360452765948, -21.0363759087476, -21.0361297211362, -21.0361861598898, -21.0368721366658, -21.0376923894178, -21.038835492489, -21.039365394622, -21.0402592101186, -21.0407278270515, -21.0407428061595, -21.0410557369566, -21.0418652850783, -21.0432024177801, 
-21.0439632999886, -21.0445778589031, -21.0450217588688, -21.045469150902, -21.0404700058096, -21.03105000578, -21.0101700060788, -21.0095966891744, -21.0008507984704, -20.9976570252984, -21.0007928065879, -21.0030000045903, -21.0033745461419, -21.0038441208528, -21.0043098329755, -21.0050038281069, -21.0056479666228, -21.0061475040462, -21.0065473839964, -21.0071272704487, -21.00735103976, -21.0078953499315, -21.0086609427889, -21.0097595563986, -21.0104839225348, -21.0111382170946, -21.0116261145928, 
-21.0122009738349, -21.0127038387499, -21.0133731007263, -21.0139773660006, -21.0143206974801, -21.0149886248628, -21.0155282810427, -21.0162997149968, -21.0168640953385, -21.0173537285283, -21.0176565311604, -21.0184643408926, -21.0191079074395, -21.020159153757, -21.0207501693195, -21.0216522999479))
"AMBOHIMIERA_SAHASOMANGANA","<b>Fokontany:</b> Sahasomangana<br><b>Mois:</b> 2024-11-01<br><b>Cas Prédit:</b> 141<br><b>Éventail:</b> 108 - 183",2024-11-01,99.5609195646884,"SAHASOMANGANA","AMBOHIMIERA","AMBOHIMIERA",list(c(47.5747499993137, 47.5702198740488, 47.5673999994114, 47.5649767114074, 47.5515953128759, 47.5441700001493, 47.5376901707682, 47.5340797965486, 47.5252749543784, 47.5201859589173, 47.5170999982686, 47.5168994548474, 47.5176695605028, 47.5171949091181, 47.5167999997191, 47.5224499994643, 47.5362534777131, 47.5378009645402, 47.5391765243744, 47.5409199995557, 47.5404217490617, 47.5396206383789, 47.5380586580774, 47.5364999998716, 47.5368199993395, 47.5669199997567, 47.5747499993137, -21.07032000547, 
-21.0808775066918, -21.0848800060054, -21.0950240484135, -21.1350021598919, -21.1693700045733, -21.171515472211, -21.1738076759318, -21.1793972304426, -21.182885108004, -21.1850000049875, -21.1713917677645, -21.163066644663, -21.1531327306494, -21.130270005527, -21.0820700050235, -21.0755206931266, -21.0742800918546, -21.0719639805564, -21.0694700058407, -21.0689936466443, -21.0676046527381, -21.0648963434983, -21.0634500061204, -21.0534200058416, -21.0473500056163, -21.07032000547))
"AMBOHIMIERA_TSINJORANO","<b>Fokontany:</b> Tsinjorano<br><b>Mois:</b> 2024-11-01<br><b>Cas Prédit:</b> 105<br><b>Éventail:</b> 81 - 136",2024-11-01,136.734384013666,"TSINJORANO","AMBOHIMIERA","AMBOHIMIERA",list(c(47.5224499994643, 47.5213999996049, 47.5256409343769, 47.528354579296, 47.5368199993395, 47.5364999998716, 47.5380586580774, 47.5396206383789, 47.5404217490617, 47.5409199995557, 47.5391765243744, 47.5378009645402, 47.5362534777131, 47.5224499994643, -21.0820700050235, -21.0552000060866, -21.0585946149591, -21.0599612013574, -21.0534200058416, -21.0634500061204, -21.0648963434983, -21.0676046527381, -21.0689936466443, -21.0694700058407, -21.0719639805564, -21.0742800918546, -21.0755206931266, 
-21.0820700050235))
"AMBOHIMIERA_VOHIMENA","<b>Fokontany:</b> Vohimena<br><b>Mois:</b> 2024-11-01<br><b>Cas Prédit:</b> 86<br><b>Éventail:</b> 65 - 112",2024-11-01,96.7846285231305,"VOHIMENA","AMBOHIMIERA","AMBOHIMIERA",list(c(47.6370807395933, 47.6370976324587, 47.636164655983, 47.6356624925389, 47.6351518745683, 47.6350082987029, 47.6347680691001, 47.6343783415961, 47.6340418737425, 47.633048640891, 47.6319173396223, 47.6307313343923, 47.6297445739616, 47.6292546179149, 47.6291011800842, 47.6290029156609, 47.6286717511095, 47.6282272315107, 47.6277999995795, 47.6261567628335, 47.6225417391189, 47.617521211743, 47.6140194594387, 47.6123005564335, 47.6093451575607, 47.6047868601329, 47.6026699999277, 47.5998821735303, 
47.595149584792, 47.5892999994015, 47.5879799996828, 47.5887999997249, 47.6016699996759, 47.615419999739, 47.6172223283538, 47.6184623558593, 47.6197513307657, 47.6213368966871, 47.6232676224098, 47.6248513681033, 47.6267828798334, 47.6282844958404, 47.6305299986684, 47.6323878361379, 47.6343710211141, 47.636278999385, 47.6366264515583, 47.6370715629111, 47.6370807395933, -21.1059179158697, -21.1065572304221, -21.1077527954448, -21.1082921206741, -21.1091984466398, -21.1101128736984, -21.1109788758622, 
-21.1119565945085, -21.1127515907002, -21.1133497396851, -21.113577978627, -21.1140346678515, -21.1143572672597, -21.1145739328263, -21.1171066719195, -21.1194107646779, -21.1218261998009, -21.1246811794729, -21.1272700047855, -21.1288639442933, -21.1299864537887, -21.1307897597158, -21.1314725546902, -21.1315653152626, -21.1317247650611, -21.1318663525251, -21.1319000042565, -21.1325586623266, -21.1332252137462, -21.1355800048853, -21.1292000056511, -21.1134500059968, -21.1007700058225, -21.0902700045548, 
-21.0920020628419, -21.0929188092521, -21.0937889285124, -21.094749488094, -21.095707590728, -21.0964367574454, -21.0974873598484, -21.0985624220122, -21.100170005135, -21.1015658500767, -21.1028936307285, -21.1038341794955, -21.1046903340829, -21.1055706282727, -21.1059179158697))
"AMPASINAMBO_AMBODIARA NORD","<b>Fokontany:</b> Ambodiara Nord<br><b>Mois:</b> 2024-11-01<br><b>Cas Prédit:</b> 50<br><b>Éventail:</b> 35 - 72",2024-11-01,34.6874145232394,"AMBODIARA NORD","AMPASINAMBO","FASINTSARA",list(c(47.7521383905674, 47.7398699983934, 47.7174299986849, 47.7021100710105, 47.6989499990303, 47.6946108699821, 47.6936699983579, 47.7009199990458, 47.713529998699, 47.7242299984048, 47.7358299982456, 47.7420503714179, 47.7472847278988, 47.7474479728367, 47.7464821639117, 47.7469653390703, 47.7472491920878, 47.7475586425087, 47.7492218594929, 47.7492078219754, 47.7482746494476, 47.7463284760703, 47.7478505066878, 47.7510044362984, 47.751902619803, 47.7521383905674, -20.6345027172736, -20.6337200058204, 
-20.6346000059306, -20.6294255640855, -20.6296800056744, -20.6254701982397, -20.6229300055652, -20.6259200058524, -20.6273800057313, -20.6170200055236, -20.6074800062576, -20.6067817681251, -20.605697142571, -20.6065206481709, -20.6085084988285, -20.6100370998919, -20.6117467425768, -20.6134336081323, -20.6157888201547, -20.6215712981306, -20.6243656805839, -20.6265207403908, -20.6286201393578, -20.6309318107033, -20.6324448031333, -20.6345027172736))
"AMPASINAMBO_AMPASIMBOLA I","<b>Fokontany:</b> Ampasimbola I<br><b>Mois:</b> 2024-11-01<br><b>Cas Prédit:</b> 29<br><b>Éventail:</b> 20 - 43",2024-11-01,71.0037925276444,"AMPASIMBOLA I","AMPASINAMBO","FASINTSARA",list(c(47.7242299984048, 47.713529998699, 47.7009199990458, 47.6936699983579, 47.7073200001043, 47.7100699983191, 47.7242299984048, -20.6170200055236, -20.6273800057313, -20.6259200058524, -20.6229300055652, -20.600800005778, -20.6134500063684, -20.6170200055236))
"AMPASINAMBO_FIADANANA NORD","<b>Fokontany:</b> Fiadanana Nord<br><b>Mois:</b> 2024-11-01<br><b>Cas Prédit:</b> 40<br><b>Éventail:</b> 27 - 58",2024-11-01,83.7280745591515,"FIADANANA NORD","AMPASINAMBO","FASINTSARA",list(c(47.7235096270506, 47.7212799990569, 47.7073200001043, 47.6971699987817, 47.6854999984092, 47.6844500003475, 47.679107178431, 47.6801164668789, 47.6812473796405, 47.6826860547953, 47.68329175269, 47.6850637318836, 47.6864868856393, 47.6870238465513, 47.6891580088134, 47.689655780868, 47.6915512693543, 47.6924765836063, 47.6938820818716, 47.6950514550399, 47.695056319473, 47.6947915329823, 47.6942952088363, 47.6944955580031, 47.6953024837023, 47.6968828074753, 47.697371548538, 47.6976830638023, 
47.6973138948004, 47.6964813878859, 47.69722232583, 47.6984718025122, 47.698982842265, 47.6990356783346, 47.6990962063057, 47.6985853329276, 47.6978863348674, 47.6981885565376, 47.6990190732527, 47.6997307553513, 47.7015458597351, 47.7026758659801, 47.7036815805224, 47.7046244414467, 47.7060991767175, 47.7073386259588, 47.7083641624582, 47.7092682365221, 47.7103608372651, 47.7110581967606, 47.7121256632512, 47.712391477667, 47.7136794300441, 47.7156916685183, 47.7158287899492, 47.716795112387, 47.716783718876, 
47.716943485236, 47.7175021153127, 47.7189125760371, 47.7199580145334, 47.7220249533717, 47.7227282340036, 47.7235096270506, -20.5108167188268, -20.5379800055687, -20.600800005778, -20.6014000055672, -20.583350005069, -20.5393300048691, -20.4995298593293, -20.4995514367632, -20.4989019472812, -20.4980752158132, -20.4975407046548, -20.4957703649264, -20.4955489761206, -20.495704334004, -20.4965584678149, -20.4967575741186, -20.498397069684, -20.4989990326939, -20.4999921801093, -20.5020089556621, 
-20.5034136571271, -20.5043053906934, -20.5059785200039, -20.5068109891466, -20.5067035183636, -20.506492761343, -20.5078549914251, -20.5087222193649, -20.5110657428984, -20.5135458707527, -20.5154787773301, -20.5175231611704, -20.5186740586657, -20.5195640502451, -20.5205883618673, -20.5225326079962, -20.5242664946049, -20.5253844670208, -20.5261699996467, -20.5262766142753, -20.5274112313436, -20.5283904770388, -20.5290488032593, -20.5278223851953, -20.5259026995514, -20.5251799809732, -20.5252633751065, 
-20.5253708000243, -20.5246491381496, -20.5232409949791, -20.5223817449253, -20.5220579719017, -20.5212654110741, -20.5195020473869, -20.51825948919, -20.5169182259021, -20.5154012368851, -20.513928151871, -20.5135790674286, -20.5129007456818, -20.5124323176066, -20.5113578597873, -20.5108230662417, -20.5108167188268))
"AMPASINAMBO_MORARANO","<b>Fokontany:</b> Morarano<br><b>Mois:</b> 2024-11-01<br><b>Cas Prédit:</b> 13<br><b>Éventail:</b> 7 - 22",2024-11-01,23.8135236767683,"MORARANO","AMPASINAMBO","FASINTSARA",list(c(47.7607101185667, 47.7598737796408, 47.7596984064458, 47.7591230993412, 47.7566795640001, 47.7556886478021, 47.7563807219823, 47.75675745788, 47.7552926043598, 47.7512500879105, 47.7491945416839, 47.7493245944438, 47.7469683221196, 47.7455776500777, 47.7444100485738, 47.7413460053024, 47.7386160745604, 47.736993627442, 47.7356787934297, 47.736315796725, 47.7377558325542, 47.7384282592456, 47.7397451697928, 47.741786235136, 47.7428108210522, 47.7433646379576, 47.744911088766, 47.7457052000253, 
47.7468476609815, 47.7472847278988, 47.7420503714179, 47.7358299982456, 47.7242299984048, 47.7100699983191, 47.7073200001043, 47.7212799990569, 47.7235096270506, 47.7242628065663, 47.7258140660493, 47.7265217425675, 47.7274548863172, 47.7284693728468, 47.7293052567158, 47.7306588649985, 47.731475406249, 47.7317778500519, 47.7315429894017, 47.730814560128, 47.7299398884992, 47.7291396717425, 47.7289021077301, 47.7297658624888, 47.7309410713577, 47.7320195734291, 47.7328797138124, 47.733084312276, 
47.7336533609987, 47.7344110029504, 47.7356555153748, 47.7364795263941, 47.7371325457156, 47.7379141743849, 47.738434299089, 47.7391441780469, 47.7397004554971, 47.74020335009, 47.7405851464728, 47.7413089145603, 47.7422346236146, 47.7429472014378, 47.7438594296548, 47.7444782405643, 47.7449744190203, 47.7460052246476, 47.7470093240074, 47.7481091579978, 47.7491337385178, 47.7497219715784, 47.7502679221137, 47.7508150444657, 47.7507949805909, 47.7502383308212, 47.7496569209171, 47.7496653295783, 
47.7513158769135, 47.7523442282909, 47.753157135381, 47.7542094752747, 47.7545860609857, 47.7552317328461, 47.7565301830097, 47.7584352097055, 47.7596837555893, 47.7607361323552, 47.7620841504519, 47.7632665080319, 47.7647140253212, 47.7657442436913, 47.7663852849424, 47.7665156794446, 47.7660115662703, 47.7646757510745, 47.7641424980672, 47.7634150328668, 47.762837767938, 47.7627719582487, 47.7627291451234, 47.7617618631089, 47.7611112503733, 47.7604616196974, 47.7601980275064, 47.7604994173038, 
47.7607101185667, -20.5563117258939, -20.5571333618033, -20.5586280161572, -20.5605994029263, -20.5607879538869, -20.5615542895843, -20.5636165231684, -20.5656043693296, -20.5668920312249, -20.5689653840267, -20.5705200087718, -20.5738856244007, -20.5770933415614, -20.5783137503555, -20.5768653814091, -20.5750389068977, -20.5748539325406, -20.5754707856254, -20.5777982679516, -20.5814491656205, -20.5827176989361, -20.5845266501573, -20.5871064822496, -20.5900901630004, -20.59261852959, -20.5955541172957, 
-20.5976076661269, -20.5994642049742, -20.6034922891009, -20.605697142571, -20.6067817681251, -20.6074800062576, -20.6170200055236, -20.6134500063684, -20.600800005778, -20.5379800055687, -20.5108167188268, -20.5103735778889, -20.508981644099, -20.5089758290826, -20.5097034435702, -20.5115568168038, -20.5123320036289, -20.5138147221808, -20.5152099663752, -20.5164718384124, -20.5176925475801, -20.5181581167105, -20.5186942178703, -20.5193906717482, -20.520220133558, -20.5214541212158, -20.5219501171091, 
-20.5225620032384, -20.5232901249436, -20.5245295732848, -20.5254907785797, -20.5256448998953, -20.5256118848838, -20.5248231983356, -20.5240132032508, -20.5240988151123, -20.5250829540188, -20.5253294411043, -20.5247042198278, -20.523435763854, -20.5223059752458, -20.5212199152726, -20.5209820463903, -20.5216197601495, -20.5227612777159, -20.5238598310709, -20.5249130091322, -20.5256166270095, -20.5260680695893, -20.5262889961438, -20.5261881021028, -20.5265049098772, -20.5276265722115, -20.5289554266539, 
-20.5294845976381, -20.5301330016383, -20.5306895641734, -20.5317469744441, -20.5337099813304, -20.5340460292006, -20.5350504801948, -20.5353863320127, -20.5366701681921, -20.5380902813392, -20.5386766204272, -20.5388444905783, -20.5392708429724, -20.5396066561195, -20.5403077487006, -20.5416768675897, -20.5425838158862, -20.5431958450078, -20.5439949034373, -20.5450745143721, -20.5461132529184, -20.5470437436674, -20.547485372845, -20.5481351231303, -20.5491744111624, -20.5501634981388, -20.5508994736232, 
-20.5521032116846, -20.5531199078476, -20.5543212132429, -20.5549668473313, -20.5560677398229, -20.5563117258939))
"AMPASINAMBO_SAKAVANANA","<b>Fokontany:</b> Sakavanana<br><b>Mois:</b> 2024-11-01<br><b>Cas Prédit:</b> 31<br><b>Éventail:</b> 22 - 45",2024-11-01,36.0524451156171,"SAKAVANANA","AMPASINAMBO","FASINTSARA",list(c(47.7174299986849, 47.7151499987634, 47.7025299986501, 47.6799299996546, 47.6936699983579, 47.6946108699821, 47.6989499990303, 47.7021100710105, 47.7174299986849, -20.6346000059306, -20.6497000061874, -20.6650200057969, -20.6248300059482, -20.6229300055652, -20.6254701982397, -20.6296800056744, -20.6294255640855, -20.6346000059306))
"AMPASINAMBO_VOLOBE","<b>Fokontany:</b> Volobe<br><b>Mois:</b> 2024-11-01<br><b>Cas Prédit:</b> 21<br><b>Éventail:</b> 14 - 30",2024-11-01,49.3864404461758,"VOLOBE","AMPASINAMBO","FASINTSARA",list(c(47.6799299996546, 47.6564681092983, 47.6544006389607, 47.6521033073039, 47.6484629622774, 47.6472353400201, 47.6452586166726, 47.6398483258199, 47.6365806220783, 47.6364278866179, 47.6316271040874, 47.6272920885387, 47.625449999997, 47.6126499996756, 47.611094249877, 47.6110517829903, 47.6149084563371, 47.6158655616234, 47.6170900425486, 47.6186794575683, 47.6210461683236, 47.6223346872738, 47.6235236764544, 47.6244671282333, 47.6250432105537, 47.6254024582348, 47.6261719037883, 47.6269415256089, 
47.6275220074128, 47.6285874432341, 47.6291443762902, 47.6289976572943, 47.6284972691117, 47.6279498967482, 47.6272791697755, 47.6270600292745, 47.6267921257333, 47.6266096955582, 47.6268991018892, 47.6268500312811, 47.6270321979546, 47.627221811914, 47.627610565452, 47.6276812818424, 47.6275210397408, 47.6274237178069, 47.6273758936591, 47.6275812106809, 47.6277547573527, 47.627856914042, 47.6279452643391, 47.6280474758869, 47.6282653276594, 47.628577826782, 47.628853502264, 47.6289907307144, 47.6290393399703, 
47.6290153658432, 47.6305121947588, 47.6332409689725, 47.6366999998822, 47.6409912508231, 47.6443959554867, 47.6480343903527, 47.6516607590149, 47.6687299993701, 47.6703999999414, 47.6799299996546, -20.6248300059482, -20.6290023251419, -20.6290169292325, -20.6290331413109, -20.6255162669083, -20.6225491903404, -20.6200124465659, -20.6210421721065, -20.6265912571257, -20.6263089185667, -20.6283260691365, -20.6321819879498, -20.6340700048671, -20.6285700057436, -20.6202484997152, -20.614722403166, 
-20.6089631061153, -20.6093173499685, -20.609622331658, -20.6098536651671, -20.6098679221196, -20.609575075882, -20.6091688539127, -20.6086508300254, -20.6080466897569, -20.6076286659843, -20.6069063170275, -20.6062076759984, -20.605901607928, -20.6053821577159, -20.6051689437474, -20.604821286529, -20.6033290909213, -20.6010318653861, -20.5985820851542, -20.5965893889492, -20.5935615712711, -20.5932212192457, -20.5916049738531, -20.5905315061873, -20.5877690352774, -20.5859652668493, -20.5835848711118, 
-20.5822037750518, -20.5812353338118, -20.5805025545178, -20.5802440210134, -20.5801347461902, -20.580186342994, -20.5802743695352, -20.5804512248128, -20.5805460781076, -20.5805991812757, -20.580706233874, -20.5807384610796, -20.5806760850018, -20.5804027279721, -20.5801162201563, -20.578348098156, -20.5761744637516, -20.5730700049497, -20.572457558543, -20.5689861970309, -20.5661595702851, -20.5618246257855, -20.5655500062065, -20.5838300056194, -20.6248300059482))
"ANALAMPASINA_AMBARO","<b>Fokontany:</b> Ambaro<br><b>Mois:</b> 2024-11-01<br><b>Cas Prédit:</b> 40<br><b>Éventail:</b> 28 - 57",2024-11-01,29.2620466347618,"AMBARO","ANALAMPASINA","ANALAMPASINA",list(c(47.5053799982691, 47.5099799990598, 47.4865799982481, 47.4854961110365, 47.4844823961253, 47.4827447764298, 47.4811037942841, 47.4796349153983, 47.4786319069161, 47.4763567408497, 47.4752557260496, 47.4738852995454, 47.471853342536, 47.4676672097519, 47.4646318809343, 47.4623317676744, 47.4616867019571, 47.4597214458651, 47.4589468858671, 47.4579477066982, 47.4569409858147, 47.4561808554389, 47.4547184489738, 47.4535965717009, 47.452463586002, 47.4513598210751, 47.4504366130354, 47.4503578090417, 
47.4510235267904, 47.4515751619402, 47.452096679694, 47.4524066022589, 47.4524272884645, 47.4524374103341, 47.4520774198129, 47.4511019890411, 47.4505147344428, 47.4497482737391, 47.4491414624837, 47.4483840642483, 47.4472797966004, 47.4451101327012, 47.4445112076008, 47.4439716485472, 47.4436271848211, 47.4433563189133, 47.4430367978841, 47.4429047855016, 47.4424082724978, 47.4414444339873, 47.4406277776235, 47.4402975762458, 47.4401937809918, 47.4407256778214, 47.4418638678968, 47.4428641990973, 
47.4440020384372, 47.445312868668, 47.4462897707305, 47.4471755912548, 47.4479458452988, 47.4480038515708, 47.4475019840035, 47.4472230889485, 47.4467667702442, 47.4470729777098, 47.4478424655314, 47.4486352448947, 47.464049998884, 47.5051299984303, 47.5053799982691, -20.8597700059952, -20.8717200057819, -20.8727200060298, -20.8748471967459, -20.8734200185248, -20.8733280115842, -20.8754169892072, -20.8758760319575, -20.8749579689397, -20.8729834552278, -20.8721337217997, -20.8720190456484, -20.8727073147961, 
-20.8743143196544, -20.8747268854414, -20.8740379256139, -20.8737042060885, -20.8729166320015, -20.8724442271241, -20.8721978884267, -20.8723422916682, -20.8723982555796, -20.87205249683, -20.8718271950738, -20.8721761545104, -20.872273118514, -20.8718896466944, -20.8708998060863, -20.8693702562383, -20.8686899856607, -20.8683074419415, -20.8674620639302, -20.866381502412, -20.8658527595051, -20.8641916001709, -20.8614167779721, -20.8601194501633, -20.859233094543, -20.8589470831528, -20.8588652295581, 
-20.8590078989067, -20.8585121359377, -20.8578353538302, -20.8566082909522, -20.8554065997477, -20.8542067278718, -20.8530060160289, -20.8522219969622, -20.8513170586503, -20.8504961988559, -20.8496778454719, -20.8490288101476, -20.8480611225394, -20.8471274940557, -20.8465024922138, -20.8466800480633, -20.8473429068669, -20.8479166482517, -20.8480474600392, -20.8478095569827, -20.8472245416967, -20.84674258512, -20.8461132206667, -20.8453266933906, -20.8448596637612, -20.8442209589491, -20.8436585337337, 
-20.8431659777474, -20.8428700054672, -20.8404700054109, -20.8597700059952))
"ANALAMPASINA_AMBOHIMALAZA","<b>Fokontany:</b> Ambohimalaza<br><b>Mois:</b> 2024-11-01<br><b>Cas Prédit:</b> 36<br><b>Éventail:</b> 27 - 49",2024-11-01,36.6669560953606,"AMBOHIMALAZA","ANALAMPASINA","ANALAMPASINA",list(c(47.5745499999711, 47.5506699986084, 47.5391999984662, 47.5400499989927, 47.5289999984337, 47.5510799986275, 47.5647144996593, 47.5665699988913, 47.566174623645, 47.566893902317, 47.5656629858435, 47.5661014368175, 47.5661200923541, 47.5662688698983, 47.5669734851242, 47.5679668519749, 47.568119591932, 47.5682683964558, 47.5672500005736, 47.5665201728541, 47.5668150128891, 47.5659341503274, 47.5644415626144, 47.5643925180867, 47.5649554217419, 47.5660321998129, 47.5685283203127, 47.568430278022, 
47.56806349672, 47.5674270932728, 47.567231396299, 47.5681122948337, 47.5695562373178, 47.5697275167988, 47.5686752785287, 47.5679902217587, 47.568601936118, 47.5701685218476, 47.5713923129928, 47.5712455202527, 47.5713121150502, 47.5725043957496, 47.5736248637849, 47.5745499999711, -20.8729000044429, -20.8829500056428, -20.8724700061953, -20.861520005759, -20.8492500056045, -20.8444500054884, -20.8279896889076, -20.8260000054316, -20.8279192665956, -20.8311804196735, -20.8338013381928, -20.8366724400112, 
-20.8391544177708, -20.8404597972099, -20.8417614795361, -20.8444982424259, -20.8463261360674, -20.8476315110098, -20.8499300045891, -20.8504200109975, -20.8511574766586, -20.8524663868359, -20.8531786409027, -20.8541652898169, -20.8549000224384, -20.8555189835343, -20.8561838172492, -20.8566429085629, -20.8571483905052, -20.8580209532233, -20.8591915000059, -20.8593979150998, -20.859397320648, -20.8600860934163, -20.8607751215919, -20.8618083499922, -20.8635527712593, -20.8649520704969, -20.8666506110513, 
-20.8689228857958, -20.8697192309705, -20.8708548354946, -20.8717985912438, -20.8729000044429))
"ANALAMPASINA_AMBOHIMIARINA","<b>Fokontany:</b> Ambohimiarina<br><b>Mois:</b> 2024-11-01<br><b>Cas Prédit:</b> 23<br><b>Éventail:</b> 16 - 34",2024-11-01,45.5836008124369,"AMBOHIMIARINA","ANALAMPASINA","ANALAMPASINA",list(c(47.5745499999711, 47.5738616309982, 47.5732654839038, 47.5723639711091, 47.5723755067132, 47.5722901592525, 47.5723038631219, 47.5717059506582, 47.5707300009779, 47.5685848283161, 47.5663738576562, 47.5653760256719, 47.5651850654274, 47.5651893695828, 47.5657307704479, 47.566122612258, 47.5662439460907, 47.5656999983457, 47.5663338980805, 47.5665706131329, 47.5655727119008, 47.5647822725736, 47.561867390857, 47.5596638962614, 47.5559360804751, 47.5511499982628, 47.5506450900878, 47.5493826307928, 
47.5488413981011, 47.5481621644416, 47.5471592476903, 47.5451516650064, 47.5442210339626, 47.5423114800795, 47.5399367365796, 47.5383451865694, 47.5379781660477, 47.539569758326, 47.5409406138067, 47.5404511281054, 47.5390310994938, 47.5361669881038, 47.5326662826102, 47.5297268754818, 47.52857829374, 47.525126979013, 47.5224104076999, 47.5196444240363, 47.5180047234243, 47.5153125615102, 47.5122287655292, 47.5118082137622, 47.5084352299855, 47.5057674244104, 47.5047171988227, 47.505099998849, 47.5180299988695, 
47.5260999987004, 47.5391999984662, 47.5506699986084, 47.5745499999711, -20.8729000044429, -20.8755904621399, -20.8777939171642, -20.8790365859776, -20.8805585176686, -20.8826518507084, -20.884459144479, -20.8856997781266, -20.8873000047948, -20.8879085283589, -20.8900160410092, -20.891925200988, -20.8934484798633, -20.8940192040226, -20.8957263528875, -20.8969618738894, -20.8996245758102, -20.9011700049875, -20.9022595417397, -20.9026664040264, -20.904575564005, -20.9071492096609, -20.9099272397413, 
-20.9130810074716, -20.9154838385959, -20.9169800056093, -20.9179080807793, -20.9210454241913, -20.9230074652056, -20.9251009745124, -20.9268283788078, -20.9274027434225, -20.9288033430796, -20.9282992613818, -20.9273358104797, -20.9267624252263, -20.9253161157275, -20.9252470208148, -20.9249478766249, -20.9240071048262, -20.923180800536, -20.9214374170864, -20.919119415413, -20.9168590315045, -20.9159757641559, -20.9129007374663, -20.9101235311645, -20.9078513274664, -20.9065661054316, -20.9044316733742, 
-20.9018841539229, -20.9015788223972, -20.8991299136081, -20.8975919290185, -20.8966501994418, -20.8965200054886, -20.8920000056936, -20.8841000056134, -20.8724700061953, -20.8829500056428, -20.8729000044429))
"ANALAMPASINA_ANALAMPASINA","<b>Fokontany:</b> Analampasina<br><b>Mois:</b> 2024-11-01<br><b>Cas Prédit:</b> 175<br><b>Éventail:</b> 128 - 239",2024-11-01,120.387651287558,"ANALAMPASINA","ANALAMPASINA","ANALAMPASINA",list(c(47.5657499988453, 47.5658259420957, 47.5662817823609, 47.5656244031265, 47.5652350470428, 47.5652780939921, 47.5650305825789, 47.5650550531319, 47.5650199993574, 47.564813412493, 47.5648378920393, 47.5652782136031, 47.5655815783119, 47.5665699988913, 47.5647144996593, 47.5510799986275, 47.5289999984337, 47.5274199984157, 47.5270799989234, 47.5358799982447, 47.5292368258986, 47.526119998718, 47.5329699989449, 47.5470699989612, 47.5657499988453, -20.7772500056447, -20.7814144197989, -20.7866369528896, 
-20.7916055749912, -20.7952660324533, -20.8010138352691, -20.8050652577022, -20.8083310476846, -20.8107800059363, -20.8131662508642, -20.8164320336521, -20.8195644191018, -20.8229589830079, -20.8260000054316, -20.8279896889076, -20.8444500054884, -20.8492500056045, -20.8347200055526, -20.820850006259, -20.8183200056018, -20.8036770111305, -20.7973700062693, -20.7782300058691, -20.7753800057441, -20.7772500056447))
"ANALAMPASINA_ANALAVORY","<b>Fokontany:</b> Analavory<br><b>Mois:</b> 2024-11-01<br><b>Cas Prédit:</b> 23<br><b>Éventail:</b> 17 - 32",2024-11-01,31.1263472697497,"ANALAVORY","ANALAMPASINA","ANALAMPASINA",list(c(47.5391999984662, 47.5099799990598, 47.5053799982691, 47.5289999984337, 47.5400499989927, 47.5391999984662, -20.8724700061953, -20.8717200057819, -20.8597700059952, -20.8492500056045, -20.861520005759, -20.8724700061953))
"ANALAMPASINA_ANDRORANGAVOLA SUD","<b>Fokontany:</b> Androrangavola Sud<br><b>Mois:</b> 2024-11-01<br><b>Cas Prédit:</b> 88<br><b>Éventail:</b> 65 - 120",2024-11-01,146.911640297198,"ANDRORANGAVOLA SUD","ANALAMPASINA","ANALAMPASINA",list(c(47.5289999984337, 47.5053799982691, 47.5051299984303, 47.501429998673, 47.5119699990946, 47.526119998718, 47.5292368258986, 47.5358799982447, 47.5270799989234, 47.5274199984157, 47.5289999984337, -20.8492500056045, -20.8597700059952, -20.8404700054109, -20.812120005673, -20.8108000059561, -20.7973700062693, -20.8036770111305, -20.8183200056018, -20.820850006259, -20.8347200055526, -20.8492500056045))
"ANALAMPASINA_BETAMPO NORD","<b>Fokontany:</b> Betampo Nord<br><b>Mois:</b> 2024-11-01<br><b>Cas Prédit:</b> 80<br><b>Éventail:</b> 56 - 113",2024-11-01,102.582592772065,"BETAMPO NORD","ANALAMPASINA","ANALAMPASINA",list(c(47.5020987255502, 47.5081799987836, 47.5128699983285, 47.5209199990364, 47.5329699989449, 47.526119998718, 47.5119699990946, 47.501429998673, 47.5051299984303, 47.464049998884, 47.4486352448947, 47.4488665217467, 47.4487334598553, 47.4478571829365, 47.4476917985114, 47.4484166251009, 47.4490224587932, 47.4494993764688, 47.4503226635338, 47.4508925828003, 47.4517082948757, 47.4528418966102, 47.4535812049825, 47.4540505422726, 47.4555356746058, 47.4561604408258, 47.4562200514883, 47.4560647079939, 
47.4553684043024, 47.4553041576346, 47.455534947054, 47.4558861844737, 47.4563841238021, 47.4569648025575, 47.4571479665792, 47.457344593452, 47.4575398866302, 47.4577363669135, 47.457632050952, 47.4582728925535, 47.4594278900587, 47.4606875677509, 47.4620477959429, 47.4633652676669, 47.4639849212411, 47.464699067482, 47.465880559914, 47.4673122338467, 47.4684755878524, 47.4685000907809, 47.4702470382446, 47.4714907017089, 47.4730695838688, 47.4745787218052, 47.4761946974021, 47.4769404656048, 47.4784694650686, 
47.4796745979793, 47.4810747587682, 47.4822556981172, 47.483118657875, 47.4834918819201, 47.4839931937062, 47.4842058366054, 47.4841719996134, 47.484085120607, 47.4839753853309, 47.4840583369977, 47.4845832146188, 47.4852346781131, 47.4859494709665, 47.4875746529232, 47.4888318934526, 47.4897061307089, 47.490411570613, 47.4905832628828, 47.4911977615429, 47.491630787806, 47.4917305019365, 47.4913213535729, 47.4908656374144, 47.4906335925413, 47.4908342690613, 47.4913319493849, 47.4914102839323, 47.4914335017296, 
47.4915143345936, 47.4916865628593, 47.4922426226736, 47.4939363626478, 47.4944899043603, 47.4950557829727, 47.4948746424255, 47.494429169545, 47.49444693835, 47.494759771121, 47.4951536355063, 47.4952257710269, 47.4950334788863, 47.4948669846978, 47.4944586295361, 47.4937955018349, 47.4930677290663, 47.4920396169085, 47.4907744983181, 47.4902785276055, 47.4901095809658, 47.4899210246089, 47.489812392801, 47.4905526796358, 47.4937032349899, 47.4976706706389, 47.5007638528439, 47.5011463596911, 47.5020987255502, 
-20.7624165797269, -20.771970005872, -20.7818200059445, -20.7818300055068, -20.7782300058691, -20.7973700062693, -20.8108000059561, -20.812120005673, -20.8404700054109, -20.8428700054672, -20.8431659777474, -20.8425949082484, -20.8418803438232, -20.8403250014189, -20.838736052249, -20.8366788090029, -20.8357232595444, -20.8351100693982, -20.8342960615385, -20.8339375144295, -20.833514254804, -20.8331195774319, -20.8328554240641, -20.8326335397317, -20.8317844834933, -20.8311048910044, -20.830554040963, 
-20.8297007228373, -20.8289997129939, -20.8285156645941, -20.8279677382486, -20.8275139412439, -20.8270852317267, -20.826151828973, -20.825534174592, -20.8242039028181, -20.8229425218108, -20.8216354003851, -20.8206908730175, -20.8191608771058, -20.8189275111289, -20.818327075168, -20.8175910798985, -20.8165323800001, -20.8161283217996, -20.8158874284972, -20.8155386795018, -20.8148959394318, -20.8142254588741, -20.8142007329137, -20.8124378656522, -20.8114010111856, -20.8107370048472, -20.8098882175061, 
-20.8085582847767, -20.8079495912407, -20.8073310114574, -20.8070288941088, -20.8067532339155, -20.8064275336449, -20.8060970085116, -20.8057582051186, -20.8051453432249, -20.8042525205798, -20.8034470355951, -20.8028705440835, -20.8022021625432, -20.8016980241883, -20.8011087281294, -20.8006767387848, -20.8004148687957, -20.7998718428562, -20.7993909285937, -20.7985352209694, -20.7975840071425, -20.7973015714568, -20.7962907046993, -20.7954953137052, -20.794303377447, -20.7928949662785, -20.7913942441986, 
-20.7908384155103, -20.7894877641996, -20.7879822604244, -20.7866521280454, -20.7855961692805, -20.7841514039176, -20.7829838581726, -20.7821447916034, -20.7807080841662, -20.7799836415876, -20.7787086295561, -20.7769374534582, -20.7760797601307, -20.7752762122857, -20.7743867045416, -20.7731545416083, -20.772099972296, -20.7708336198364, -20.7695219397471, -20.7680903701365, -20.7671363432302, -20.7668929938792, -20.7669654225788, -20.7667112759673, -20.7659210677661, -20.7647240089695, -20.7632972741143, 
-20.7626313468239, -20.7622273731598, -20.7624529150351, -20.7623388926911, -20.762319612126, -20.7623172244259, -20.7624165797269))
"ANALAMPASINA_MANJIRIANA SUD","<b>Fokontany:</b> Manjiriana Sud<br><b>Mois:</b> 2024-11-01<br><b>Cas Prédit:</b> 35<br><b>Éventail:</b> 24 - 51",2024-11-01,41.7556504906239,"MANJIRIANA SUD","ANALAMPASINA","ANALAMPASINA",list(c(47.5391999984662, 47.5260999987004, 47.5180299988695, 47.505099998849, 47.5047171988227, 47.5018766433751, 47.5001635850638, 47.4965664578576, 47.4948763583389, 47.4944956519345, 47.4938500475232, 47.491843483771, 47.4929454743355, 47.4941691908369, 47.4965924923313, 47.4971315369724, 47.4954188168063, 47.4925557846028, 47.4904505805106, 47.4889081316856, 47.4869990274637, 47.4864364664501, 47.4876119613034, 47.488566805694, 47.4884208879939, 47.487735845613, 47.4868303461236, 47.485607542434, 
47.4854961110365, 47.4865799982481, 47.5099799990598, 47.5391999984662, -20.8724700061953, -20.8841000056134, -20.8920000056936, -20.8965200054886, -20.8966501994418, -20.8941030532092, -20.8927260751447, -20.8902006619286, -20.8891725146979, -20.8889409176873, -20.8885481693608, -20.8871480931089, -20.8860690541431, -20.8862753900968, -20.8862065865644, -20.8848747274871, -20.8830155275458, -20.8815925797357, -20.8818219428301, -20.8826716573722, -20.8828551577402, -20.8817074447443, -20.8804444908228, 
-20.8797559617708, -20.8777587734524, -20.8773452310015, -20.8769324871486, -20.8750040780807, -20.8748471967459, -20.8727200060298, -20.8717200057819, -20.8724700061953))
"ANALAMPASINA_MATSITSIRANO","<b>Fokontany:</b> Matsitsirano<br><b>Mois:</b> 2024-11-01<br><b>Cas Prédit:</b> 59<br><b>Éventail:</b> 43 - 82",2024-11-01,73.8763505805277,"MATSITSIRANO","ANALAMPASINA","ANALAMPASINA",list(c(47.5624054318447, 47.5634704890515, 47.5640473969497, 47.564204778308, 47.5650536375957, 47.5656208570974, 47.5669299984015, 47.5667865943069, 47.5666740900185, 47.5667073199684, 47.5664539674584, 47.5661753035293, 47.5657499988453, 47.5470699989612, 47.5329699989449, 47.5209199990364, 47.5128699983285, 47.5081799987836, 47.5020987255502, 47.5039622107621, 47.5085909224083, 47.5113967901052, 47.5142015012738, 47.5172799993483, 47.5181412674812, 47.5161299993752, 47.5159463757997, 47.5174157663995, 
47.5187207366477, 47.5193603794529, 47.5183385130864, 47.5170002112649, 47.5160717080169, 47.5172749550493, 47.5181791019583, 47.5188139549743, 47.5193060855818, 47.5198060268011, 47.5200033407561, 47.5202778480187, 47.5206509254744, 47.5208991374598, 47.5216199368853, 47.5217492620935, 47.5224023785418, 47.522554778555, 47.5227099385877, 47.5230257840876, 47.5232847402736, 47.5235389453411, 47.5238412947151, 47.5242123936622, 47.5246293373492, 47.5250676579213, 47.5260315288074, 47.5271739690788, 
47.5277431832767, 47.5280287899721, 47.5286067563721, 47.5288231467463, 47.5293720497558, 47.5299269395522, 47.5309933439433, 47.5314659457725, 47.5318971760896, 47.5321796954124, 47.5323113408715, 47.5325214216023, 47.5326547622834, 47.5328922165785, 47.5332005806184, 47.5337102695894, 47.5345110960865, 47.5347851653794, 47.5350835334546, 47.5356022983838, 47.5359977140997, 47.5365200178611, 47.5367973229147, 47.537002657923, 47.5371844558747, 47.5374439336674, 47.5376778788078, 47.5379858003812, 
47.538810504778, 47.5393508174633, 47.5401356657056, 47.5405752300401, 47.5411476943879, 47.541700804426, 47.5421837799349, 47.5426720002902, 47.5429016574631, 47.5435330696732, 47.5438836128163, 47.5443049002288, 47.5449425780155, 47.545235426052, 47.545742194025, 47.5459573496299, 47.5464226903329, 47.546534780034, 47.546808333116, 47.5471487750738, 47.5473029773285, 47.5474155328784, 47.5477141464686, 47.5480907546625, 47.5484483071216, 47.5487351225059, 47.5491698934538, 47.5496340533468, 47.5500048824974, 
47.5503760147194, 47.5513762640816, 47.5516285284122, 47.552031229536, 47.5522882863538, 47.5526682265359, 47.5534377557264, 47.5537798074707, 47.5541689207378, 47.5546792122545, 47.5549910989388, 47.5566767809875, 47.55687210834, 47.5573828621083, 47.5577476729957, 47.5580651120943, 47.5624054318447, -20.7426202307186, -20.7449815275538, -20.7478518082912, -20.7503329325944, -20.7524175700893, -20.7539815019185, -20.7562800044912, -20.761289618591, -20.7648176301976, -20.7692591488563, -20.7725268076301, 
-20.7743964936663, -20.7772500056447, -20.7753800057441, -20.7782300058691, -20.7818300055068, -20.7818200059445, -20.771970005872, -20.7624165797269, -20.7626109780797, -20.7618035469624, -20.7606961352855, -20.7594330095936, -20.7580200046883, -20.7548934009801, -20.7520500045759, -20.7488358230883, -20.7460243049529, -20.7433694972811, -20.7402518598138, -20.7362106734642, -20.734195309847, -20.7315162627481, -20.7317153051998, -20.7317157935317, -20.7316993539248, -20.7318249667315, -20.7322029113179, 
-20.7322671552875, -20.7324669774515, -20.7326870676364, -20.7328187409744, -20.733237057926, -20.7334863580909, -20.7340902933141, -20.7342931470928, -20.7345880150063, -20.735361215229, -20.7358598101629, -20.7361980865532, -20.7365123429508, -20.7366635549595, -20.7367218777929, -20.7366648841576, -20.7362042316208, -20.735164279889, -20.7345751475068, -20.7343153000929, -20.7340247875959, -20.733904273046, -20.7334541605636, -20.7332100899563, -20.73290741233, -20.7331940280646, -20.7337344162928, 
-20.7342096981014, -20.7345284205322, -20.7350284435896, -20.7354154722279, -20.7360067845668, -20.7365276305268, -20.7372498787596, -20.7378957250881, -20.7380729427924, -20.7382488762649, -20.7384425875355, -20.7385930522078, -20.7389019180691, -20.7391931617149, -20.7395328608326, -20.7398958586865, -20.7404175760895, -20.7408942887194, -20.7413919771368, -20.7420144986487, -20.7421154646355, -20.7422103323194, -20.7421990251434, -20.7425521538371, -20.7430894672832, -20.7437209550359, -20.7445353397116, 
-20.7448743076803, -20.7455703244877, -20.7458599529512, -20.7460565258647, -20.7461319996687, -20.7461244534575, -20.7459049217516, -20.7457386622863, -20.7449451985395, -20.7445978057218, -20.7439247189285, -20.7430428572205, -20.7424642675906, -20.7421400197251, -20.7414887891556, -20.740996830319, -20.7406890562347, -20.7404748997767, -20.7403026894976, -20.7402911988598, -20.7404423560099, -20.7405940752363, -20.7413723494339, -20.7416417125744, -20.7420450315322, -20.7424752734941, -20.742925037939, 
-20.7433417675872, -20.7433333220539, -20.743277142305, -20.7431721770332, -20.7429804316805, -20.7421332217502, -20.7421285551682, -20.742046163779, -20.7419912637654, -20.7419829711169, -20.7426202307186))
"ANDRORANGAVOLA_AMBALATABAKA","<b>Fokontany:</b> Ambalatabaka<br><b>Mois:</b> 2024-11-01<br><b>Cas Prédit:</b> 42<br><b>Éventail:</b> 32 - 56",2024-11-01,47.758252975409,"AMBALATABAKA","ANDRORANGAVOLA","ANDRORANGAVOLA",list(c(47.7208877409181, 47.7344742847038, 47.7307095337618, 47.7309927959247, 47.727848220163, 47.7258461988866, 47.7258678770447, 47.7263186847035, 47.7251288249792, 47.722622543939, 47.7200181234811, 47.7174978903587, 47.7137021415838, 47.7111230316457, 47.7082153606932, 47.7079959153221, 47.7073299997224, 47.7023799998785, 47.7058799994029, 47.7056894420544, 47.7059776028246, 47.7207106068506, 47.7208877409181, -21.5279965723511, -21.5364981208547, -21.5507681745667, -21.5510361707378, -21.5531659784809, 
-21.5557645767261, -21.5572338881847, -21.5594550157866, -21.5604583462253, -21.5606067613423, -21.5607793340482, -21.5616626688457, -21.5644459230877, -21.5663173798888, -21.5676190262418, -21.5676917975831, -21.5668500042694, -21.552170004495, -21.5296500047093, -21.5294735325429, -21.5295460313897, -21.5278857264123, -21.5279965723511))
"ANDRORANGAVOLA_AMBALAVAONA","<b>Fokontany:</b> Ambalavaona<br><b>Mois:</b> 2024-11-01<br><b>Cas Prédit:</b> 54<br><b>Éventail:</b> 40 - 72",2024-11-01,47.2439629866751,"AMBALAVAONA","ANDRORANGAVOLA","ANDRORANGAVOLA",list(c(47.668579999703, 47.667179999894, 47.6685826563019, 47.6698465931834, 47.6710616303279, 47.6734633876637, 47.675584025921, 47.6774499995573, 47.6543299999659, 47.6537306027214, 47.6523567399077, 47.6494741501478, 47.6453558829031, 47.6419202325677, 47.638483548012, 47.6352541086246, 47.6334799998363, 47.6361200001718, 47.6298799992947, 47.6551700000301, 47.668579999703, -21.5067000048771, -21.5288500046876, -21.5324945891157, -21.5357785454035, -21.5389352880915, -21.5451747277865, -21.550683329824, 
-21.5555300047556, -21.5373000040503, -21.5362961088373, -21.5359216113523, -21.5354300689016, -21.5346911427413, -21.5336264704449, -21.5324334900735, -21.5314312810892, -21.5311800042143, -21.5241500046835, -21.5023300048019, -21.506330004901, -21.5067000048771))
"ANDRORANGAVOLA_AMBODIARA NORD","<b>Fokontany:</b> Ambodiara Nord<br><b>Mois:</b> 2024-11-01<br><b>Cas Prédit:</b> 38<br><b>Éventail:</b> 28 - 50",2024-11-01,38.8247759411835,"AMBODIARA NORD","ANDRORANGAVOLA","ANDRORANGAVOLA",list(c(47.7560106168362, 47.7564904078458, 47.7572869706571, 47.7591043845, 47.7600469630374, 47.76150909431, 47.7631328823176, 47.7635024668065, 47.7582000001705, 47.7271199995274, 47.7091799995944, 47.7039699994502, 47.7156699994064, 47.7309299998562, 47.7501749943184, 47.7505815328496, 47.7506719398964, 47.7507732817998, 47.7511243411539, 47.7525158729479, 47.7539987398888, 47.7544588456383, 47.7550080265384, 47.7558127345096, 47.755794279522, 47.7560106168362, -21.4407540952418, -21.4420589368862, 
-21.4433947907521, -21.4461287441599, -21.4485908684862, -21.450505256224, -21.4521606652931, -21.4525026172125, -21.455600004645, -21.4737500043562, -21.4676700045663, -21.4283500043696, -21.4295000043421, -21.4249800045473, -21.4186746319568, -21.4212926672495, -21.424013123632, -21.4264103456849, -21.4282916536599, -21.4303009783295, -21.4315453072915, -21.4336771870727, -21.4349978208123, -21.4376953282949, -21.4401657398738, -21.4407540952418))
"ANDRORANGAVOLA_AMBODIFONTSINA","<b>Fokontany:</b> Ambodifontsina<br><b>Mois:</b> 2024-11-01<br><b>Cas Prédit:</b> 34<br><b>Éventail:</b> 25 - 45",2024-11-01,30.1449386385266,"AMBODIFONTSINA","ANDRORANGAVOLA","ANDRORANGAVOLA",list(c(47.7354496615078, 47.7354972815094, 47.7356855204056, 47.7358024736405, 47.7362820371216, 47.7363950648157, 47.7384996339865, 47.7397994745018, 47.7406001705971, 47.7424554225157, 47.7442547887637, 47.745543266345, 47.7454235503929, 47.7445164959761, 47.7438483959233, 47.7437197757835, 47.7443523930851, 47.7457918254692, 47.7475072975607, 47.7485210745251, 47.7492169204618, 47.7497959426661, 47.7501749943184, 47.7309299998562, 47.7156699994064, 47.7039699994502, 47.6849199986914, 47.675269562672, 
47.6660499999388, 47.6663068687981, 47.6667854655079, 47.6668599077896, 47.6673384928082, 47.6678183755486, 47.6679718124801, 47.668287814462, 47.6685235096831, 47.6686743304868, 47.6689883629533, 47.669080775488, 47.6688506830431, 47.6688479616946, 47.6687434928484, 47.6687390331103, 47.6686365041018, 47.6685826320133, 47.6684772017917, 47.6686136136575, 47.668610515493, 47.6688259148142, 47.6696078528502, 47.6701461843291, 47.6707825940716, 47.6710744348674, 47.6710217058172, 47.6703045819209, 
47.6692684136363, 47.6680342074424, 47.6673920168577, 47.6670177154247, 47.6670148223057, 47.6671576400425, 47.6674996594112, 47.6683090060853, 47.6691177268312, 47.6704437699936, 47.6711314779651, 47.6717454595152, 47.6730224509552, 47.6742004189441, 47.6748367666334, 47.6752285805646, 47.6760114071308, 47.6773348611451, 47.6782435568249, 47.6789330211723, 47.6796970186329, 47.6807304340928, 47.6815410964751, 47.6820307350609, 47.6828141308981, 47.6834741640321, 47.6840365388858, 47.6850664083188, 
47.6861448924037, 47.687421038481, 47.6884514789836, 47.6890899481736, 47.6902690367178, 47.6909600434024, 47.6926550640112, 47.6949624536855, 47.6983140165102, 47.7005088893055, 47.7033076163852, 47.7053790329479, 47.7081188913059, 47.7108799988452, 47.7138145316479, 47.7176153013381, 47.719701292314, 47.7222793527434, 47.7243679238743, 47.72645855805, 47.7282422491147, 47.7299035838178, 47.7313793191348, 47.7323640048297, 47.7337299994748, 47.7354496615078, -21.3932725037641, -21.3939208771875, 
-21.3948843271902, -21.395896032116, -21.3972327511296, -21.3972241518122, -21.3973093589789, -21.3971517914613, -21.396849141714, -21.3975970637927, -21.3987622515153, -21.4000824544797, -21.4019096718309, -21.4037854543712, -21.4048919784173, -21.405934682974, -21.406906732294, -21.4077143432762, -21.4080512598916, -21.4087106688957, -21.4100039299703, -21.4120395103469, -21.4186746319568, -21.4249800045473, -21.4295000043421, -21.4283500043696, -21.426200003248, -21.4305116157361, -21.4346300052853, 
-21.4328090247326, -21.4315063504543, -21.4306652019546, -21.429362524079, -21.4282126742939, -21.4270652634703, -21.4258402186709, -21.4247686099038, -21.4233155464965, -21.4218612636084, -21.4205104962851, -21.4197906834164, -21.4193306649016, -21.4182499325123, -21.4174447577938, -21.4167323238624, -21.4158583716917, -21.414593629918, -21.4127064475714, -21.4121312816606, -21.4110950036593, -21.4103322067942, -21.4099844155768, -21.4094750170872, -21.4089216318569, -21.4083236933133, -21.4075681638695, 
-21.4067910282136, -21.4057619196076, -21.4051669713096, -21.4042485557577, -21.4036965285037, -21.4029133916719, -21.4025896546212, -21.4022178335188, -21.4019145974136, -21.4017011873929, -21.401697730399, -21.4016716824352, -21.4015734899578, -21.4013145913287, -21.4008743309193, -21.4005962092815, -21.4000173939218, -21.3994356386784, -21.3994081976649, -21.3996807219224, -21.3999989677126, -21.4003160228005, -21.4002430167362, -21.3999875688058, -21.399408437784, -21.3988530983271, -21.3984362220895, 
-21.397993794314, -21.3975975611146, -21.3973381156978, -21.3971028224738, -21.3969845184573, -21.3969326653469, -21.3955488326499, -21.3934153574715, -21.3913345178137, -21.3897041755483, -21.3887703842875, -21.3869149318215, -21.3858674024022, -21.3850458923981, -21.3845200039395, -21.384828096384, -21.3856010555886, -21.3862153114316, -21.3871122754549, -21.3880130139329, -21.3891429563252, -21.3901606462393, -21.3911792714482, -21.3919700875911, -21.3925928024572, -21.392980005564, -21.3932725037641
))
"ANDRORANGAVOLA_AMBODIRORANGA","<b>Fokontany:</b> Ambodiroranga<br><b>Mois:</b> 2024-11-01<br><b>Cas Prédit:</b> 69<br><b>Éventail:</b> 52 - 91",2024-11-01,62.9281933839417,"AMBODIRORANGA","ANDRORANGAVOLA","ANDRORANGAVOLA",list(c(47.6980299998239, 47.6921499993625, 47.6968299993456, 47.6830299996743, 47.6774499995573, 47.675584025921, 47.6734633876637, 47.6710616303279, 47.6698465931834, 47.6685826563019, 47.667179999894, 47.668579999703, 47.6844499995045, 47.6980299998239, -21.5223800049022, -21.534900004893, -21.5469000042872, -21.5491500046224, -21.5555300047556, -21.550683329824, -21.5451747277865, -21.5389352880915, -21.5357785454035, -21.5324945891157, -21.5288500046876, -21.5067000048771, -21.4987000046825, 
-21.5223800049022))
"ANDRORANGAVOLA_AMBOHIMAHAVELONA BETOHO","<b>Fokontany:</b> Ambohimahavelona Betoho<br><b>Mois:</b> 2024-11-01<br><b>Cas Prédit:</b> 66<br><b>Éventail:</b> 46 - 97",2024-11-01,79.973853067215,"AMBOHIMAHAVELONA BETOHO","ANDRORANGAVOLA","ANDRORANGAVOLA",list(c(47.6298799992947, 47.6361200001718, 47.6334799998363, 47.632514056013, 47.6315610948027, 47.6302039090172, 47.6292557348983, 47.6280998146888, 47.6264031033544, 47.625322075987, 47.6245114190008, 47.6235799983523, 47.6209578000962, 47.6185596427469, 47.6165030928769, 47.6133951779783, 47.610595333041, 47.6092474777215, 47.6076405025394, 47.6072151034264, 47.6062622438393, 47.6052870864613, 47.6056616190198, 47.6064289376764, 47.6063994857785, 47.6073075087653, 47.6072800821407, 47.6085777705781, 
47.6090868668957, 47.6091000005946, 47.6298799992947, -21.5023300048019, -21.5241500046835, -21.5311800042143, -21.5315796143679, -21.5323560503512, -21.5339690222114, -21.5353225090846, -21.5364210201712, -21.5384211735545, -21.5402885834065, -21.5417051667143, -21.5428800041624, -21.5429493221069, -21.5430308411536, -21.5429816140633, -21.5441347193941, -21.5424174378676, -21.5398209323445, -21.5379709054882, -21.5346231153217, -21.5316514216345, -21.5259495471956, -21.5230924316337, -21.5196119662845, 
-21.5160131024899, -21.5135244724451, -21.51017380175, -21.5066895205774, -21.5040796340418, -21.4998000041431, -21.5023300048019))
"ANDRORANGAVOLA_AMBOHIMISAFY","<b>Fokontany:</b> Ambohimisafy<br><b>Mois:</b> 2024-11-01<br><b>Cas Prédit:</b> 91<br><b>Éventail:</b> 70 - 119",2024-11-01,69.5051161717131,"AMBOHIMISAFY","ANDRORANGAVOLA","ANDRORANGAVOLA",list(c(47.7056894420544, 47.7058799994029, 47.7023799998785, 47.7073299997224, 47.7079959153221, 47.7041037745122, 47.702721613654, 47.7021389761753, 47.7008147037781, 47.6991298616963, 47.6973301519076, 47.6957670591451, 47.6944396166376, 47.6931403777688, 47.6774499995573, 47.6830299996743, 47.6968299993456, 47.6921499993625, 47.6980299998239, 47.7056894420544, -21.5294735325429, -21.5296500047093, -21.552170004495, -21.5668500042694, -21.5676917975831, -21.5689824641132, -21.5696452311858, -21.5712974692452, 
-21.5731315493229, -21.5755383545514, -21.5787439565064, -21.5811497922658, -21.5826418898471, -21.5844432121193, -21.5555300047556, -21.5491500046224, -21.5469000042872, -21.534900004893, -21.5223800049022, -21.5294735325429))
"ANDRORANGAVOLA_AMPASIMPOTSY","<b>Fokontany:</b> Ampasimpotsy<br><b>Mois:</b> 2024-11-01<br><b>Cas Prédit:</b> 71<br><b>Éventail:</b> 54 - 94",2024-11-01,43.1891872177357,"AMPASIMPOTSY","ANDRORANGAVOLA","ANDRORANGAVOLA",list(c(47.7039699994502, 47.7091799995944, 47.7110499994963, 47.7061500001609, 47.6945699994425, 47.6876199999983, 47.6738799994958, 47.6757699985198, 47.6849199986914, 47.7039699994502, -21.4283500043696, -21.4676700045663, -21.4884700041754, -21.4987700043145, -21.4808000048077, -21.4714700044332, -21.4609700040634, -21.4542500044388, -21.426200003248, -21.4283500043696))
"ANDRORANGAVOLA_ANDRORANGAVOLA","<b>Fokontany:</b> Androrangavola<br><b>Mois:</b> 2024-11-01<br><b>Cas Prédit:</b> 76<br><b>Éventail:</b> 59 - 100",2024-11-01,27.2389867093101,"ANDRORANGAVOLA","ANDRORANGAVOLA","ANDRORANGAVOLA",list(c(47.7468300001465, 47.7209700001071, 47.7208877409181, 47.7207106068506, 47.7059776028246, 47.7056894420544, 47.6980299998239, 47.6844499995045, 47.6662500001704, 47.6738799994958, 47.6876199999983, 47.6945699994425, 47.7061500001609, 47.7110499994963, 47.7091799995944, 47.7271199995274, 47.7582000001705, 47.7623999996026, 47.7468300001465, -21.4966200040955, -21.5278700044643, -21.5279965723511, -21.5278857264123, -21.5295460313897, -21.5294735325429, -21.5223800049022, -21.4987000046825, 
-21.4645800041624, -21.4609700040634, -21.4714700044332, -21.4808000048077, -21.4987700043145, -21.4884700041754, -21.4676700045663, -21.4737500043562, -21.455600004645, -21.4762000049239, -21.4966200040955))
"ANDRORANGAVOLA_ANIVORANO","<b>Fokontany:</b> Anivorano<br><b>Mois:</b> 2024-11-01<br><b>Cas Prédit:</b> 53<br><b>Éventail:</b> 41 - 70",2024-11-01,24.242352085085,"ANIVORANO","ANDRORANGAVOLA","ANDRORANGAVOLA",list(c(47.7666185808286, 47.7665897647515, 47.7661473909351, 47.7657957847933, 47.7655991750076, 47.7651041791602, 47.7646078280345, 47.7638637271748, 47.7634684535518, 47.7630774876816, 47.7624353204792, 47.76194110974, 47.7615436687508, 47.7610772227811, 47.7591769274187, 47.7570024854218, 47.7546070629109, 47.7527189767445, 47.7519621010152, 47.7508841367386, 47.7484106395844, 47.7443071697848, 47.7417382581587, 47.7394079906309, 47.7372892823189, 47.7352134725678, 47.7335439261552, 47.7315493800438, 
47.7309927959247, 47.7307095337618, 47.7344742847038, 47.7208877409181, 47.7209700001071, 47.7468300001465, 47.7699999993449, 47.7666185808286, -21.5290286667086, -21.5290339646147, -21.5292976692208, -21.5295072661161, -21.5297970861351, -21.5302598574746, -21.530543995577, -21.5310168851888, -21.5314402635249, -21.5323304754381, -21.5330359693011, -21.5335535201451, -21.5337434776455, -21.5339110105507, -21.5350850970649, -21.5369658834329, -21.5386142445149, -21.5389612928922, -21.5393161797605, 
-21.5412365201108, -21.5435430923, -21.5454128062149, -21.547927198239, -21.5499565085421, -21.5497094836619, -21.5490026507081, -21.5491857760589, -21.5506591920233, -21.5510361707378, -21.5507681745667, -21.5364981208547, -21.5279965723511, -21.5278700044643, -21.4966200040955, -21.5016700058501, -21.5290286667086))
"ANDRORANGAVOLA_LAVAKIANJA SUD","<b>Fokontany:</b> Lavakianja Sud<br><b>Mois:</b> 2024-11-01<br><b>Cas Prédit:</b> 43<br><b>Éventail:</b> 31 - 59",2024-11-01,50.5736291355954,"LAVAKIANJA SUD","ANDRORANGAVOLA","ANDRORANGAVOLA",list(c(47.6774499995573, 47.6931403777688, 47.6914120300835, 47.6886110843763, 47.6861737318742, 47.6821520958841, 47.67947099743, 47.6763034125136, 47.6730099926578, 47.6712895724965, 47.670057866418, 47.6694908321767, 47.6684921764133, 47.6677839935768, 47.6656668707697, 47.6640665154973, 47.6629579931568, 47.6616028767112, 47.6596297056859, 47.6584438533406, 47.6571824525474, 47.6562161543911, 47.6556721490894, 47.6548274033008, 47.6541542886282, 47.6537652176292, 47.6538550374184, 47.6539941373579, 
47.653392379393, 47.6531785430934, 47.6528972630363, 47.6528232524291, 47.6522678014558, 47.6518849960336, 47.6515681774671, 47.6509431099742, 47.6502478773751, 47.6501717029991, 47.6502282496713, 47.6507009414326, 47.6508276604055, 47.6509549216695, 47.6512159885642, 47.6514052400968, 47.651596123899, 47.6516515715996, 47.6517728280903, 47.6523041961185, 47.6526294080574, 47.6529573386468, 47.6537666250662, 47.6541652558582, 47.6543299999659, 47.6774499995573, -21.5555300047556, -21.5844432121193, 
-21.5848309970873, -21.5850804995995, -21.5850991938067, -21.5851299614124, -21.5851504209887, -21.5852885307744, -21.5849715746118, -21.5855367553499, -21.5858025598729, -21.5856719342452, -21.5854418768739, -21.5854719367133, -21.5852525506975, -21.5850535136415, -21.5847830281471, -21.5843986794885, -21.5835112482788, -21.5826658675695, -21.5814530274696, -21.5802385326172, -21.5797120290221, -21.5783128907633, -21.5767290191657, -21.5731423564733, -21.5716467614285, -21.5701276536087, -21.569000159171, 
-21.5680399494256, -21.5672084821276, -21.5665678302834, -21.5657384071445, -21.5648290792418, -21.5640764905811, -21.5631193376314, -21.5619703431015, -21.5610732225962, -21.5596621485352, -21.5588250631725, -21.5576058288929, -21.5564507090806, -21.5549098691437, -21.5529848415268, -21.5512521618084, -21.5497128507188, -21.5478524447869, -21.5458607432323, -21.5438064542591, -21.5420727493136, -21.5405278192599, -21.5390500676639, -21.5373000040503, -21.5555300047556))
"ANDRORANGAVOLA_MAHASOA","<b>Fokontany:</b> Mahasoa<br><b>Mois:</b> 2024-11-01<br><b>Cas Prédit:</b> 209<br><b>Éventail:</b> 160 - 273",2024-11-01,70.1788788234784,"MAHASOA","ANDRORANGAVOLA","ANDRORANGAVOLA",list(c(47.8170121870098, 47.8177124585104, 47.8177362977392, 47.817981150757, 47.8174218066186, 47.816497732532, 47.8177144460128, 47.8189300614213, 47.8192083458366, 47.8200428438505, 47.8194020831879, 47.8165052463683, 47.8136393687101, 47.8108289009811, 47.807769124993, 47.8043713001429, 47.8033523790567, 47.8027147840077, 47.800487890851, 47.7997888864956, 47.8018662520738, 47.8033217076789, 47.8047609449102, 47.8044676948768, 47.8044302435096, 47.8046425176869, 47.8018888070715, 47.7989363381898, 
47.7964249301146, 47.7954435170527, 47.7945971246056, 47.7937494074571, 47.7928010255947, 47.7919524280099, 47.7910812196703, 47.7902088548024, 47.78941365986, 47.788669669617, 47.7878740268123, 47.7870731211749, 47.7863190414378, 47.785766286632, 47.7853133197011, 47.7850100287369, 47.7847071784406, 47.784152246376, 47.7836507106587, 47.7830016861257, 47.7821142360299, 47.7812537467098, 47.7802055940595, 47.7789578746526, 47.7780099406526, 47.7774917144175, 47.7770633106696, 47.7762151564505, 47.7755674377332, 
47.774721455377, 47.7741262318862, 47.7736307863778, 47.7734846951086, 47.7731349064968, 47.7728325166533, 47.7725787198779, 47.7721842097793, 47.7718732961615, 47.7714212384451, 47.7708685313034, 47.7701709208969, 47.7695778521818, 47.7690841297745, 47.7686381307907, 47.7679973206654, 47.7675526131081, 47.76740682581, 47.7678128859016, 47.768218517916, 47.7682245739507, 47.7680297601112, 47.7676664510916, 47.7673867646333, 47.7666185808286, 47.7699999993449, 47.7468300001465, 47.7623999996026, 47.7582000001705, 
47.7635024668065, 47.7659046135484, 47.7667823194899, 47.7687103490451, 47.772503122863, 47.7753299996222, 47.7778959587743, 47.7795136008151, 47.781574218319, 47.7826077264091, 47.7831700005389, 47.7883002011377, 47.7925187715688, 47.7968876295058, 47.800979168, 47.8044903685819, 47.8072696307355, 47.8096071333095, 47.8106320690618, 47.8114950701884, 47.8122025821306, 47.8131977323365, 47.8141824944735, 47.8153000001419, 47.8170121870098, -21.4729648008871, -21.4754984653827, -21.4759157625031, 
-21.4802017335215, -21.4821841234957, -21.4860087045332, -21.4883794847193, -21.4891202418992, -21.4896274568349, -21.4911484262513, -21.4926269170902, -21.4960653310398, -21.4999168755507, -21.5025733370756, -21.5034423708539, -21.5030764016397, -21.5055931184114, -21.5073012484367, -21.5095821764577, -21.512071670751, -21.5144997548386, -21.5164083554391, -21.5188910805354, -21.5205940889217, -21.5229367014419, -21.5257866125349, -21.5255893939082, -21.5254236893245, -21.5252060291076, -21.5251561814852, 
-21.5253499224334, -21.5254036146575, -21.5253647594485, -21.5253250750645, -21.5253175486383, -21.5256195706587, -21.5259529268579, -21.5264259144959, -21.5267125814919, -21.5264390490944, -21.5258383244509, -21.525422687479, -21.5250062303255, -21.5245885411007, -21.5242175356833, -21.5235684796745, -21.523292473242, -21.5232511071259, -21.523078925625, -21.5230786792107, -21.5230405704389, -21.5230040867421, -21.5230118317035, -21.5230927392114, -21.5231596217918, -21.523166542075, -21.5232651986026, 
-21.5235055280301, -21.5238838728147, -21.5242614001155, -21.5246826830312, -21.5245922454076, -21.5242678986165, -21.5238030975071, -21.5235350491754, -21.5230618457001, -21.5227387138932, -21.5223230238613, -21.5224220643995, -21.5230338093352, -21.5235980601744, -21.5239284881811, -21.5247740487548, -21.5252445245863, -21.5256658875415, -21.5264095846051, -21.5271065978613, -21.5277601648695, -21.5282752992352, -21.5286211793932, -21.5288874425705, -21.5290286667086, -21.5016700058501, -21.4966200040955, 
-21.4762000049239, -21.455600004645, -21.4525026172125, -21.454725134267, -21.4555993085703, -21.4562380583484, -21.4583808927718, -21.4595500042366, -21.4609181554552, -21.4632143440723, -21.4663219648907, -21.4682153462642, -21.4699200031077, -21.4717006967312, -21.4727527875122, -21.4743469041867, -21.4773016240697, -21.4802610492056, -21.4825472715358, -21.4841579114542, -21.4851002606638, -21.4842780123162, -21.482370325427, -21.4801885512588, -21.4769201253634, -21.4751000045625, -21.4729648008871
))
"ANDRORANGAVOLA_MANDRIAPOTSY","<b>Fokontany:</b> Mandriapotsy<br><b>Mois:</b> 2024-11-01<br><b>Cas Prédit:</b> 15<br><b>Éventail:</b> 11 - 21",2024-11-01,35.5020895026118,"MANDRIAPOTSY","ANDRORANGAVOLA","ANDRORANGAVOLA",list(c(47.668579999703, 47.6551700000301, 47.6298799992947, 47.6406699995535, 47.6586699995549, 47.668579999703, -21.5067000048771, -21.506330004901, -21.5023300048019, -21.4948000046971, -21.493130004129, -21.5067000048771))
"ANDRORANGAVOLA_NOSIBE SUD","<b>Fokontany:</b> Nosibe Sud<br><b>Mois:</b> 2024-11-01<br><b>Cas Prédit:</b> 34<br><b>Éventail:</b> 26 - 46",2024-11-01,34.5708112820207,"NOSIBE SUD","ANDRORANGAVOLA","ANDRORANGAVOLA",list(c(47.6844499995045, 47.668579999703, 47.6586699995549, 47.6406699995535, 47.628119999968, 47.6515499994648, 47.6662500001704, 47.6844499995045, -21.4987000046825, -21.5067000048771, -21.493130004129, -21.4948000046971, -21.4700300045745, -21.4665300041531, -21.4645800041624, -21.4987000046825))
"ANTARETRA_AMBINANIVATOMENA","<b>Fokontany:</b> Ambinanivatomena<br><b>Mois:</b> 2024-11-01<br><b>Cas Prédit:</b> 91<br><b>Éventail:</b> 67 - 124",2024-11-01,93.2075971137827,"AMBINANIVATOMENA","ANTARETRA","ANTARETRA",list(c(47.7824860787007, 47.7821999998611, 47.772049999438, 47.772641911625, 47.773504657344, 47.7758852185581, 47.7781435538121, 47.7815412590522, 47.7846978857295, 47.788996092027, 47.7938001948546, 47.7974681427724, 47.8007566388399, 47.8056860576979, 47.8108650690008, 47.8140192576158, 47.8171756324829, 47.8228678518039, 47.8231541141051, 47.8235136756498, 47.82353182217, 47.8226855574268, 47.8222178946744, 47.8219410239933, 47.8212204467005, 47.8209205695629, 47.8213040998387, 47.8227152053771, 
47.8234221660348, 47.8240746484612, 47.8240164164594, 47.8234178960541, 47.8229966643995, 47.8222517028887, 47.8216157544984, 47.8199866200212, 47.8176244283593, 47.8185905835234, 47.8176907479644, 47.8149869227428, 47.8120784837692, 47.8090556096625, 47.8076744074817, 47.806057541556, 47.8041985619477, 47.8046117761463, 47.8065129663343, 47.8099521707905, 47.8105518872943, 47.8095164996215, 47.8098140655015, 47.8061396109888, 47.8021998654655, 47.7996359198955, 47.7975011919599, 47.7946147288197, 
47.7930653848923, 47.7920738094911, 47.7907221131671, 47.7887374290211, 47.7865059106509, 47.7861485434519, 47.7829496441419, 47.7824860787007, -21.2494905867426, -21.2489500060596, -21.249270004628, -21.2467366548951, -21.2442393149162, -21.2417298035129, -21.2396956107902, -21.2377708169972, -21.23715241528, -21.2368804980651, -21.2366043666272, -21.2365745397124, -21.236547732721, -21.2361516613999, -21.2353976293276, -21.2345415466861, -21.2339225694027, -21.2323625352355, -21.2336070458605, 
-21.2348989228785, -21.2358651185113, -21.2376761291799, -21.2384525696598, -21.2389122437343, -21.2402638699101, -21.2410898927123, -21.2424967219734, -21.2443945729775, -21.2450446038514, -21.2466834402138, -21.2480403004439, -21.249439464783, -21.2501028047239, -21.2513626308033, -21.2512222736116, -21.2506018897882, -21.2518056512318, -21.254019348635, -21.2561671931811, -21.2558835946718, -21.2550970170337, -21.253209510931, -21.2543768588251, -21.2561670313025, -21.258213742588, -21.2595853705856, 
-21.2603171183572, -21.262152689511, -21.2644637070492, -21.2673943979463, -21.2692044067702, -21.2712756668495, -21.2704799080325, -21.2681042004607, -21.2665490532092, -21.2639247064743, -21.2604788749163, -21.2565887782676, -21.2532084758104, -21.2533967236994, -21.2518884805893, -21.249367660211, -21.2487912073701, -21.2494905867426))
"ANTARETRA_AMBOATROTROKA","<b>Fokontany:</b> Amboatrotroka<br><b>Mois:</b> 2024-11-01<br><b>Cas Prédit:</b> 177<br><b>Éventail:</b> 135 - 232",2024-11-01,102.508480626701,"AMBOATROTROKA","ANTARETRA","ANTARETRA",list(c(47.8144051836962, 47.8143077196696, 47.8141277626304, 47.8137306633838, 47.8134999998695, 47.81365879766, 47.8140495027271, 47.801479999546, 47.7921999996731, 47.7560106168362, 47.755794279522, 47.7558127345096, 47.7550080265384, 47.7544588456383, 47.7539987398888, 47.7525158729479, 47.7511243411539, 47.7507732817998, 47.7506719398964, 47.7505815328496, 47.7501749943184, 47.7497959426661, 47.7492169204618, 47.7485210745251, 47.7799199999478, 47.8028499997702, 47.8144051836962, -21.4239143313101, 
-21.4256177821627, -21.429230901111, -21.4325448560843, -21.4337800047667, -21.4362573914875, -21.4381722711543, -21.4381300048161, -21.4393500044183, -21.4407540952418, -21.4401657398738, -21.4376953282949, -21.4349978208123, -21.4336771870727, -21.4315453072915, -21.4303009783295, -21.4282916536599, -21.4264103456849, -21.424013123632, -21.4212926672495, -21.4186746319568, -21.4120395103469, -21.4100039299703, -21.4087106688957, -21.4045300048932, -21.4165700043343, -21.4239143313101))
"ANTARETRA_AMBODIARA I","<b>Fokontany:</b> Ambodiara I<br><b>Mois:</b> 2024-11-01<br><b>Cas Prédit:</b> 52<br><b>Éventail:</b> 39 - 69",2024-11-01,65.8643913636912,"AMBODIARA I","ANTARETRA","ANTARETRA",list(c(47.7824860787007, 47.7814138206225, 47.7790094363673, 47.7784219569387, 47.7780876987193, 47.7785854995524, 47.7782107124858, 47.7755447460246, 47.7755737446642, 47.7760286703189, 47.7768747444061, 47.7786873136013, 47.7788938572986, 47.779137779518, 47.7790714239403, 47.7718500001096, 47.763670000601, 47.7507700001652, 47.7368412247713, 47.7387135485199, 47.7422235359161, 47.7432564450576, 47.7436137430084, 47.7451021929404, 47.7467192108513, 47.7474499999459, 47.7495735609994, 47.7528519127143, 
47.7565054265131, 47.7592787369532, 47.7631968960493, 47.7658468500817, 47.7697649516212, 47.772049999438, 47.7821999998611, 47.7824860787007, -21.2494905867426, -21.2511082872382, -21.2525433165404, -21.2528940584335, -21.2547419979632, -21.2580707476834, -21.2615005578191, -21.2660910419801, -21.2692637647213, -21.2745906677327, -21.2782644837245, -21.2839611834645, -21.2861708806831, -21.2887804119865, -21.2930252839874, -21.2855700049531, -21.2773200049197, -21.2789000058345, -21.2800414622461, 
-21.2746231530416, -21.2732302147091, -21.2709252100382, -21.2684319556793, -21.2650996680262, -21.2620035459396, -21.2592200048136, -21.2558142497441, -21.2546024726431, -21.2529132967294, -21.2518239947005, -21.251437104558, -21.2507044583639, -21.2503174243299, -21.249270004628, -21.2489500060596, -21.2494905867426))
"ANTARETRA_AMBODIROTRA","<b>Fokontany:</b> Ambodirotra<br><b>Mois:</b> 2024-11-01<br><b>Cas Prédit:</b> 48<br><b>Éventail:</b> 36 - 64",2024-11-01,48.3570991930475,"AMBODIROTRA","ANTARETRA","ANTARETRA",list(c(47.7677299998759, 47.7820700001691, 47.7354064194057, 47.7353805890779, 47.7356494584907, 47.735944643865, 47.736283209837, 47.7358419520791, 47.7355153830629, 47.7348384426742, 47.7334586317446, 47.7316499404263, 47.7302961837556, 47.7288936244749, 47.7267449624436, 47.7242981661606, 47.7230910133726, 47.7226325794629, 47.7224030248126, 47.7222742059226, 47.7222016405259, 47.7215521060772, 47.721393007014, 47.7211804225708, 47.7217930884127, 47.7234062590242, 47.7244899348952, 47.7256668785565, 
47.726659444111, 47.7280872284759, 47.7290801744437, 47.7299142182997, 47.7303993009202, 47.730627896893, 47.7311941316369, 47.7321222913438, 47.7333666949502, 47.7340160828092, 47.7341773996005, 47.7349483074515, 47.7356618700324, 47.7361723827823, 47.7358324498406, 47.7353751616672, 47.7349526817535, 47.7347949424652, 47.7340502129793, 47.7337224964283, 47.7530700001149, 47.7677299998759, -21.3627300054449, -21.3844300051891, -21.3926837311108, -21.3923320188493, -21.3905230964064, -21.3887594062652, 
-21.3862553762296, -21.3845615364316, -21.3820793815054, -21.3806470321827, -21.3800685666592, -21.3798496186132, -21.3798935145222, -21.379938912299, -21.3798461832027, -21.3790942069803, -21.3779329187181, -21.3770011779112, -21.3756465713822, -21.3737583323322, -21.3720293964914, -21.3700650487159, -21.369546567973, -21.3688537824297, -21.3687649213177, -21.3690363052349, -21.3696013636654, -21.3706251563788, -21.3713783098136, -21.3713321754921, -21.3709078537674, -21.3702347157129, -21.3688801784316, 
-21.3672804158135, -21.3661081261448, -21.3653162703857, -21.3644451672673, -21.3634782467809, -21.3620415699205, -21.3604471465775, -21.3592471604876, -21.3579149884462, -21.3562869394518, -21.3542014664868, -21.3523685968966, -21.3509654602518, -21.3490741464197, -21.3480807238119, -21.3554200055914, -21.3627300054449))
"ANTARETRA_AMPASIMBE","<b>Fokontany:</b> Ampasimbe<br><b>Mois:</b> 2024-11-01<br><b>Cas Prédit:</b> 136<br><b>Éventail:</b> 103 - 180",2024-11-01,136.006680069708,"AMPASIMBE","ANTARETRA","ANTARETRA",list(c(47.8140495027271, 47.8143331444039, 47.8168300005493, 47.8175972688443, 47.8190266099358, 47.8205545535959, 47.8217543697147, 47.8219637741554, 47.8217384607079, 47.8200068511816, 47.8171942493615, 47.8143669409277, 47.8130043133445, 47.8128485759472, 47.8140428819199, 47.8153791926423, 47.8166188073589, 47.8170121870098, 47.8153000001419, 47.8141824944735, 47.8131977323365, 47.8122025821306, 47.8114950701884, 47.8106320690618, 47.8096071333095, 47.8072696307355, 47.8044903685819, 47.800979168, 
47.7968876295058, 47.7925187715688, 47.7883002011377, 47.7831700005389, 47.7826077264091, 47.781574218319, 47.7795136008151, 47.7778959587743, 47.7753299996222, 47.772503122863, 47.7687103490451, 47.7667823194899, 47.7659046135484, 47.7635024668065, 47.7631328823176, 47.76150909431, 47.7600469630374, 47.7591043845, 47.7572869706571, 47.7564904078458, 47.7560106168362, 47.7921999996731, 47.801479999546, 47.8140495027271, -21.4381722711543, -21.4395624116962, -21.4417200048935, -21.4447519153862, -21.4485521949434, 
-21.4514487313879, -21.4536457472664, -21.4557715907981, -21.4560860828181, -21.458544243832, -21.4610173605715, -21.4625259706048, -21.4634175512861, -21.4644760056697, -21.4670538898304, -21.4692165758884, -21.4715414798584, -21.4729648008871, -21.4751000045625, -21.4769201253634, -21.4801885512588, -21.482370325427, -21.4842780123162, -21.4851002606638, -21.4841579114542, -21.4825472715358, -21.4802610492056, -21.4773016240697, -21.4743469041867, -21.4727527875122, -21.4717006967312, -21.4699200031077, 
-21.4682153462642, -21.4663219648907, -21.4632143440723, -21.4609181554552, -21.4595500042366, -21.4583808927718, -21.4562380583484, -21.4555993085703, -21.454725134267, -21.4525026172125, -21.4521606652931, -21.450505256224, -21.4485908684862, -21.4461287441599, -21.4433947907521, -21.4420589368862, -21.4407540952418, -21.4393500044183, -21.4381300048161, -21.4381722711543))
"ANTARETRA_ANDONABE","<b>Fokontany:</b> Andonabe<br><b>Mois:</b> 2024-11-01<br><b>Cas Prédit:</b> 101<br><b>Éventail:</b> 76 - 133",2024-11-01,60.3429147962774,"ANDONABE","ANTARETRA","ANTARETRA",list(c(47.8144051836962, 47.8028499997702, 47.7799199999478, 47.7485210745251, 47.7475072975607, 47.7457918254692, 47.7443523930851, 47.7437197757835, 47.7438483959233, 47.7445164959761, 47.7454235503929, 47.745543266345, 47.7442547887637, 47.7424554225157, 47.7406001705971, 47.7397994745018, 47.7384996339865, 47.7363950648157, 47.7362820371216, 47.7358024736405, 47.7356855204056, 47.7354972815094, 47.7354496615078, 47.7354064194057, 47.7820700001691, 47.8013800003273, 47.8019670381888, 47.8018600845158, 
47.8028011575881, 47.8035037205612, 47.8044724639742, 47.8056849290576, 47.806313125292, 47.8071606607776, 47.8083488936285, 47.8091211189866, 47.8099180783989, 47.8109046571668, 47.8117914255767, 47.812318981379, 47.8127999927686, 47.8137176906622, 47.814219104072, 47.8145746528416, 47.8144914889349, 47.8144051836962, -21.4239143313101, -21.4165700043343, -21.4045300048932, -21.4087106688957, -21.4080512598916, -21.4077143432762, -21.406906732294, -21.405934682974, -21.4048919784173, -21.4037854543712, 
-21.4019096718309, -21.4000824544797, -21.3987622515153, -21.3975970637927, -21.396849141714, -21.3971517914613, -21.3973093589789, -21.3972241518122, -21.3972327511296, -21.395896032116, -21.3948843271902, -21.3939208771875, -21.3932725037641, -21.3926837311108, -21.3844300051891, -21.383120004135, -21.383113421997, -21.3833772201327, -21.3859156276528, -21.3874400135937, -21.3895184466658, -21.391875096704, -21.3935598128798, -21.395430383849, -21.3977637819156, -21.3998866945568, -21.4020096809424, 
-21.4051236320887, -21.4085129961148, -21.4105648209457, -21.4121561749026, -21.4146023839266, -21.4168152737385, -21.4187736913843, -21.4224059209261, -21.4239143313101))
"ANTARETRA_ANDRANOMAITSO","<b>Fokontany:</b> Andranomaitso<br><b>Mois:</b> 2024-11-01<br><b>Cas Prédit:</b> 54<br><b>Éventail:</b> 41 - 71",2024-11-01,26.9435133455357,"ANDRANOMAITSO","ANTARETRA","ANTARETRA",list(c(47.7770810299991, 47.7765796381735, 47.7761395189575, 47.7764985049362, 47.7788327249849, 47.7801068143129, 47.7800855246621, 47.7824629391488, 47.7843125613114, 47.7821299993358, 47.7647199995631, 47.7677299998759, 47.7530700001149, 47.7337224964283, 47.7335981516656, 47.7327977244674, 47.7317334101006, 47.7301575721458, 47.7293522715217, 47.7293967151177, 47.7303510603847, 47.7311130703435, 47.7320490361656, 47.7332408986801, 47.733987019417, 47.7342015553889, 47.7341977539545, 47.7338395656746, 
47.73333116813, 47.7328163368354, 47.7327623730159, 47.7324626028975, 47.7322934539103, 47.7324537454745, 47.7318679657643, 47.7310828657118, 47.7302740964025, 47.7295148230805, 47.7289477465709, 47.7282514806509, 47.7271804015837, 47.7279314308203, 47.7290791213338, 47.7293895852906, 47.7499999997321, 47.7562500001692, 47.7734199996664, 47.7770810299991, -21.3014021594752, -21.3051733135886, -21.3085872749719, -21.3128533484901, -21.3162658349855, -21.3193481758612, -21.319646562822, -21.3256807646358, 
-21.3283662427868, -21.3305200057713, -21.3417000051218, -21.3627300054449, -21.3554200055914, -21.3480807238119, -21.3477037918623, -21.3462520558541, -21.344393704873, -21.3426674705955, -21.3416774798007, -21.3409834082269, -21.3402376472192, -21.3396124861973, -21.3384282742162, -21.3368898345698, -21.3352961684559, -21.3339505092818, -21.3321041831358, -21.3300382326536, -21.3284276332049, -21.3262163486829, -21.3243489622132, -21.3230885965405, -21.3214095092214, -21.3187727734261, -21.3165759320161, 
-21.3154700572804, -21.3144112152889, -21.3127508257744, -21.3115687307973, -21.3108296148802, -21.3098344799631, -21.3094358194936, -21.3080683499613, -21.3077132724367, -21.315900005165, -21.3046700053068, -21.3013700042152, -21.3014021594752))
"ANTARETRA_ANTARETRA","<b>Fokontany:</b> Antaretra<br><b>Mois:</b> 2024-11-01<br><b>Cas Prédit:</b> 65<br><b>Éventail:</b> 49 - 85",2024-11-01,26.2969089682501,"ANTARETRA","ANTARETRA","ANTARETRA",list(c(47.8019670381888, 47.8013800003273, 47.7820700001691, 47.7677299998759, 47.7647199995631, 47.7821299993358, 47.7843125613114, 47.7857610525665, 47.7911094655661, 47.7930859829689, 47.7950893280477, 47.7960494055937, 47.7955743261326, 47.7959482381591, 47.7962199934964, 47.7963999999986, 47.7963755438349, 47.7963272826167, 47.7966234815271, 47.796955370033, 47.7973809687955, 47.7977326693661, 47.7981697974372, 47.7986169961165, 47.7990735639329, 47.7995307900531, 47.7995320005407, 47.7990576711139, 
47.7990501446877, 47.799626265679, 47.7998500008163, 47.7999999987406, 47.8009799989675, 47.8018289311001, 47.8026763955392, 47.8029411145808, 47.802661625074, 47.8022801686349, 47.8020873863639, 47.8021973518665, 47.8028286840368, 47.8032631698999, 47.8033273689035, 47.802334222387, 47.8019670381888, -21.383113421997, -21.383120004135, -21.3844300051891, -21.3627300054449, -21.3417000051218, -21.3305200057713, -21.3283662427868, -21.3304692714176, -21.3343501158412, -21.3383132248495, -21.3430927698869, 
-21.3496646682578, -21.3553878332469, -21.3562949488172, -21.3569421971888, -21.3574200051929, -21.3582623704754, -21.358778099293, -21.3592593543985, -21.3597985923937, -21.3604900811146, -21.3610614995504, -21.3617717022639, -21.3624982582492, -21.363240031663, -21.3639743514955, -21.3640085374245, -21.3651554203461, -21.3662826665709, -21.3669606411795, -21.3677700031416, -21.3692700048644, -21.369870003755, -21.370534421983, -21.3713508391266, -21.3722043443112, -21.3736284612399, -21.3745262346528, 
-21.3749810649788, -21.3769376237259, -21.3780703234396, -21.3792243982398, -21.3806050419407, -21.3822077561337, -21.383113421997))
"ANTARETRA_BETAMPONA","<b>Fokontany:</b> Betampona<br><b>Mois:</b> 2024-11-01<br><b>Cas Prédit:</b> 18<br><b>Éventail:</b> 13 - 24",2024-11-01,29.3570278362388,"BETAMPONA","ANTARETRA","ANTARETRA",list(c(47.7790714239403, 47.7790524590371, 47.7773397865354, 47.7771064160618, 47.7770810299991, 47.7734199996664, 47.7562500001692, 47.7573200000492, 47.7507700001652, 47.763670000601, 47.7718500001096, 47.7790714239403, -21.2930252839874, -21.2942385359768, -21.2994559348377, -21.3012112127205, -21.3014021594752, -21.3013700042152, -21.3046700053068, -21.2931300046425, -21.2789000058345, -21.2773200049197, -21.2855700049531, -21.2930252839874))
"ANTARETRA_MORAFENO","<b>Fokontany:</b> Morafeno<br><b>Mois:</b> 2024-11-01<br><b>Cas Prédit:</b> 63<br><b>Éventail:</b> 48 - 83",2024-11-01,75.3186053893785,"MORAFENO","ANTARETRA","ANTARETRA",list(c(47.7562500001692, 47.7499999997321, 47.7293895852906, 47.7305143080185, 47.7321016626913, 47.7335440385562, 47.7355686570977, 47.7346807699313, 47.7337917010556, 47.7337735941055, 47.7353572183903, 47.7359237364207, 47.7362015513898, 47.7356024185459, 47.7366061770626, 47.7368851899287, 47.7358572783196, 47.7345407077162, 47.7330358919214, 47.7329598911146, 47.7328790789349, 47.7351418388534, 47.7368412247713, 47.7507700001652, 47.7573200000492, 47.7562500001692, -21.3046700053068, -21.315900005165, 
-21.3077132724367, -21.3064269253502, -21.3055994294585, -21.3047730532228, -21.3042138215, -21.3021829481749, -21.3000162214629, -21.2979785474646, -21.296743493211, -21.2952446696001, -21.2938839548756, -21.2917149645701, -21.2904844303091, -21.2892595581796, -21.2877731901788, -21.2864249202727, -21.2859078793442, -21.2857942553997, -21.2856832098116, -21.2837203998769, -21.2800414622461, -21.2789000058345, -21.2931300046425, -21.3046700053068))
"ANTSINDRA_AMBATOVORY","<b>Fokontany:</b> Ambatovory<br><b>Mois:</b> 2024-11-01<br><b>Cas Prédit:</b> 71<br><b>Éventail:</b> 51 - 99",2024-11-01,38.6725821183543,"AMBATOVORY","ANTSINDRA","ANTSINDRA",list(c(47.8071699588427, 47.8032217740815, 47.8011090327714, 47.7956800000475, 47.7801699997601, 47.7783699994909, 47.7510199999855, 47.7377499995723, 47.7448000000286, 47.7536299998335, 47.7676699997812, 47.7729718800592, 47.7783568909692, 47.7853694679387, 47.7883699992883, 47.7902390135322, 47.7917683241618, 47.7939513699732, 47.7966840094734, 47.802927868441, 47.8030895098878, 47.8039347089348, 47.8047961533354, 47.8067211063099, 47.8071699588427, -20.9416275405662, -20.943894251205, -20.9456711685747, 
-20.9508000057977, -20.9594700054131, -20.9727200048939, -20.9761700057074, -20.9464200061597, -20.920920005649, -20.909370004524, -20.9136500058435, -20.9123835193852, -20.9103102466234, -20.9089855164722, -20.9072000060803, -20.9097084580826, -20.9145196565581, -20.9169139396267, -20.9203192405389, -20.9235694012039, -20.9264874818072, -20.930288572553, -20.9358665267094, -20.9395319664158, -20.9416275405662))
"ANTSINDRA_AMPITABE","<b>Fokontany:</b> Ampitabe<br><b>Mois:</b> 2024-11-01<br><b>Cas Prédit:</b> 83<br><b>Éventail:</b> 58 - 118",2024-11-01,71.8612553298687,"AMPITABE","ANTSINDRA","ANTSINDRA",list(c(47.7962127755216, 47.7949231773849, 47.7907429918171, 47.790076756958, 47.7901177381644, 47.7896288586061, 47.7895300006301, 47.7898263344388, 47.7901583425544, 47.7903699997965, 47.7891730956826, 47.7880826865873, 47.7861461296606, 47.7835119317503, 47.7836300001444, 47.7834200246343, 47.7832365827219, 47.7829721775435, 47.783279999292, 47.7830952929327, 47.7828364536586, 47.7822426780762, 47.7809984435421, 47.779262933656, 47.7777758884647, 47.7765379770641, 47.7753999983291, 47.7795718175035, 
47.7860190428632, 47.7867226760294, 47.787974485553, 47.7890797370593, 47.7901135059528, 47.7913673587362, 47.7923268840981, 47.7931865748204, 47.7942169217935, 47.7951012278595, 47.795519862272, 47.7955476827996, 47.7957471263491, 47.7966339190407, 47.7974223070145, 47.7981869915573, 47.7985089317628, 47.7985859065355, 47.7984435645401, 47.7985237391006, 47.7980373443694, 47.7977663570532, 47.7972189864887, 47.7963999999816, 47.7962231114292, 47.7961197964131, 47.795789294662, 47.795639698735, 47.7953402217958, 
47.794742678054, 47.7937783296281, 47.7936473604592, 47.7937212055911, 47.7939384098516, 47.7942997988186, 47.7951532248634, 47.7957797186811, 47.7963850658402, 47.7977300001616, 47.7980073303963, 47.7980141940222, 47.7976818648485, 47.7970522989468, 47.7962800007436, 47.7960289415047, 47.7958040012759, 47.7957495967887, 47.7958715178785, 47.7961645754572, 47.7962127755216, -21.0727859177529, -21.0713210273613, -21.0662617904695, -21.0644895504735, -21.0641443996656, -21.0623730050324, -21.0611300061678, 
-21.0589979878909, -21.0578708468868, -21.0565800040893, -21.0561652484531, -21.0552152675965, -21.0546835920003, -21.0535076384934, -21.0526700036449, -21.0505036564469, -21.0482817734146, -21.0461372006019, -21.0436800045605, -21.0416895197885, -21.0401582360475, -21.0377096087465, -21.0355728240626, -21.0332865909407, -21.0313817045402, -21.029934835663, -21.0290800048777, -21.0273545548093, -21.0244430185728, -21.0250818393973, -21.0258164155368, -21.0268970651886, -21.0286455127205, -21.0303938847095, 
-21.0317742918888, -21.0325554349238, -21.0330602936358, -21.0337034905616, -21.034577916675, -21.035914418952, -21.037410986164, -21.0391137094651, -21.0407709288695, -21.0427275163951, -21.0442010717545, -21.0455828971647, -21.0473108266641, -21.049450331797, -21.0523993113072, -21.0539543434454, -21.0564754390162, -21.0580000048213, -21.0598568854109, -21.0610357401307, -21.0623235144412, -21.0646807598306, -21.065750032159, -21.0664014632772, -21.0669982318029, -21.0676397496944, -21.0678198749069, 
-21.0678858968362, -21.0679281703684, -21.0676297258509, -21.0675175884858, -21.0671630775341, -21.0672800046885, -21.0678209118254, -21.0685705048443, -21.069057674791, -21.069435001543, -21.0693800044025, -21.0698180713655, -21.0703372949485, -21.070462876279, -21.0713186369633, -21.0721730144904, -21.0727859177529))
"ANTSINDRA_AMPITOMITA","<b>Fokontany:</b> Ampitomita<br><b>Mois:</b> 2024-11-01<br><b>Cas Prédit:</b> 78<br><b>Éventail:</b> 57 - 107",2024-11-01,89.0758765884186,"AMPITOMITA","ANTSINDRA","ANTSINDRA",list(c(47.7868568746624, 47.7855368605549, 47.7839480193028, 47.7831671964262, 47.7826817190033, 47.7830073320402, 47.7834555847251, 47.7838782642883, 47.7844473040179, 47.7850869747024, 47.78584876073, 47.7864392897598, 47.7865883110202, 47.786174443914, 47.7858817073934, 47.7856154118403, 47.7859121701292, 47.7860190428632, 47.7795718175035, 47.7753999983291, 47.7732711456646, 47.7717224735309, 47.7696799998495, 47.7674826323348, 47.7656876017184, 47.763727889947, 47.7619308034804, 47.7604610162794, 
47.7585019807981, 47.7566245938661, 47.754995638354, 47.7524696468725, 47.7519046639848, 47.7494199657743, 47.7462275173012, 47.7425947760429, 47.7386669447381, 47.7358980913378, 47.7332720718623, 47.7306299994883, 47.726016249863, 47.7226786481138, 47.7197718279198, 47.7180204638854, 47.7184395209791, 47.7182673718535, 47.7173788326785, 47.7146056373515, 47.7116966893616, 47.7099536611433, 47.7082071426561, 47.7084811525936, 47.7087470128747, 47.7071119977305, 47.7069319948253, 47.7054573647749, 
47.7037999996793, 47.7229200000688, 47.7442300007266, 47.7510199999855, 47.7783699994909, 47.7822199998693, 47.7868568746624, -20.9989815998769, -21.0003203936265, -21.0019819576554, -21.0033887023802, -21.0054168741418, -21.0085258277554, -21.0115660605743, -21.0141684395696, -21.0163327237228, -21.0175294515689, -21.0183340030574, -21.0193465227688, -21.0202677280178, -21.0213051940235, -21.0220425085985, -21.0233102415173, -21.0243459889187, -21.0244430185728, -21.0273545548093, -21.0290800048777, 
-21.0298840293632, -21.0302029406518, -21.0304500060012, -21.0309263921772, -21.0310938540358, -21.0311092549258, -21.0310466917889, -21.0310582130036, -21.0311502190447, -21.0312415658827, -21.0311511543394, -21.0318319537183, -21.031811101138, -21.0317193837791, -21.0318804640484, -21.0314996928927, -21.0305759191798, -21.029370535359, -21.0278914077999, -21.0273000055286, -21.0282195686152, -21.0283813251749, -21.0279945366554, -21.0269174240372, -21.0250060130554, -21.0218723730516, -21.0198345794434, 
-21.0180836533798, -21.0174241265642, -21.0173009734032, -21.0167689218905, -21.0148586170748, -21.0119942511785, -21.007508544331, -21.0034207937839, -21.0007057953868, -20.9986200049609, -20.9969800048769, -20.993030004388, -20.9761700057074, -20.9727200048939, -20.9878000051278, -20.9989815998769))
"ANTSINDRA_ANIVORANO","<b>Fokontany:</b> Anivorano<br><b>Mois:</b> 2024-11-01<br><b>Cas Prédit:</b> 81<br><b>Éventail:</b> 58 - 113",2024-11-01,72.2464865168772,"ANIVORANO","ANTSINDRA","ANTSINDRA",list(c(47.7090699998857, 47.6946869913161, 47.6928619665109, 47.6895314631104, 47.6868626520933, 47.6839738417228, 47.6819430205572, 47.6805727604277, 47.6787848920121, 47.6756255538788, 47.6718537990157, 47.6696000880753, 47.6691570019956, 47.668297319367, 47.6682936699181, 47.6659004318602, 47.665220000303, 47.6643500159405, 47.6637998053166, 47.6631824117384, 47.6628471579691, 47.6623699992748, 47.6624525219647, 47.6641200844724, 47.6646516845255, 47.6690000010472, 47.6696749638264, 47.6710291539702, 
47.6726839865748, 47.6743317586018, 47.6757733790362, 47.6788436698978, 47.6815904269553, 47.6838932696576, 47.6855545009385, 47.6867049253912, 47.6887501249177, 47.6907314096265, 47.6941816694484, 47.6966098272819, 47.6990374796964, 47.7001868843179, 47.7015285298184, 47.7029984995819, 47.7038288463251, 47.7072200000042, 47.7108412973925, 47.7112499996927, 47.7090699998857, -20.9222200053416, -20.9372190189264, -20.9362860307599, -20.9353944195015, -20.9348698989114, -20.9350565819802, -20.9369644100628, 
-20.9378839434719, -20.9372890410394, -20.9358008824884, -20.9337847607425, -20.9319968833347, -20.9291971427208, -20.9252035889632, -20.9249797593973, -20.9217205218751, -20.9157000050448, -20.9124632964393, -20.9104148620527, -20.9050319699487, -20.8991056454116, -20.893100006066, -20.8859035258364, -20.8794237378281, -20.8742995869721, -20.8680000051154, -20.8665082888465, -20.8653591971899, -20.8639230967951, -20.8616325766051, -20.8591799967837, -20.8594580239929, -20.8592577296851, -20.8594811968243, 
-20.8594089470899, -20.8594005078519, -20.8593854864759, -20.8593709129623, -20.8592253208172, -20.8591473028312, -20.859009177757, -20.8588805009602, -20.8588104689539, -20.8587995511843, -20.8587333017266, -20.8581000036388, -20.9100398258764, -20.9159000043778, -20.9222200053416))
"ANTSINDRA_ANTSINDRA","<b>Fokontany:</b> Antsindra<br><b>Mois:</b> 2024-11-01<br><b>Cas Prédit:</b> 157<br><b>Éventail:</b> 115 - 213",2024-11-01,97.6862633989871,"ANTSINDRA","ANTSINDRA","ANTSINDRA",list(c(47.7377499995723, 47.7510199999855, 47.7442300007266, 47.7229200000688, 47.7037999996793, 47.7006550246185, 47.6971762985558, 47.6931146796068, 47.6887200003354, 47.6895377853483, 47.6903436129751, 47.6909459545999, 47.691244699491, 47.6917444887248, 47.6918320889873, 47.6921279947187, 47.691809209335, 47.6904858398568, 47.6893351887751, 47.6880384581155, 47.6861285229199, 47.6855154505844, 47.6853178110748, 47.685168680097, 47.6847031379459, 47.6831361798971, 47.682840948657, 47.6831812844948, 
47.6836189764405, 47.6848490349609, 47.6850129696787, 47.6864319910495, 47.6872623674702, 47.6884605054538, 47.6895121888423, 47.6911527357162, 47.6923279041156, 47.6923540114348, 47.692013415693, 47.6914526964912, 47.6925554155067, 47.6938289598453, 47.6943666824832, 47.694831229984, 47.6953446025781, 47.6956864798539, 47.6966160937644, 47.6980357689424, 47.6984013127771, 47.6968575122709, 47.6957298577531, 47.6958501420766, 47.6960425727126, 47.6957214634806, 47.6955488862778, 47.6958623755536, 
47.6958367196943, 47.6961998506478, 47.696515951555, 47.6969290704252, 47.6957280141413, 47.6946869913161, 47.7090699998857, 47.7237000000627, 47.7377499995723, -20.9464200061597, -20.9761700057074, -20.993030004388, -20.9969800048769, -20.9986200049609, -20.9992424347417, -20.9998136328436, -21.0001164885354, -21.000550005828, -20.999982200868, -20.9986333086312, -20.9973818453475, -20.9964683634763, -20.9951696974764, -20.9934424406699, -20.9921932490737, -20.9908029151776, -20.9892664873145, -20.9902550409927, 
-20.9918176679054, -20.9923020490544, -20.9909483184649, -20.9888824678075, -20.9867942411183, -20.9864730707328, -20.9867047981448, -20.9853278236778, -20.9823203090942, -20.9788079456913, -20.9765985767253, -20.9763041233991, -20.9748563462068, -20.9728128104274, -20.9703318623914, -20.9689533950499, -20.9685613140205, -20.9687208321676, -20.9703961702131, -20.9729215906236, -20.9752177486636, -20.9765475069247, -20.9762478806982, -20.9750075627126, -20.97457111363, -20.9736521926591, -20.9727108336032, 
-20.9713321054582, -20.9705498211836, -20.9687129361205, -20.9678889269001, -20.9663064654395, -20.9640338939187, -20.9603381605493, -20.9576065148019, -20.9559542776418, -20.9507892849742, -20.9495266107419, -20.9451194111117, -20.9424789889953, -20.9395860588324, -20.9377512035389, -20.9372190189264, -20.9222200053416, -20.941930005948, -20.9464200061597))
"ANTSINDRA_BEFOTAKA","<b>Fokontany:</b> Befotaka<br><b>Mois:</b> 2024-11-01<br><b>Cas Prédit:</b> 86<br><b>Éventail:</b> 61 - 121",2024-11-01,79.7951086009306,"BEFOTAKA","ANTSINDRA","ANTSINDRA",list(c(47.7868568746624, 47.7822199998693, 47.7783699994909, 47.7801699997601, 47.7956800000475, 47.8011090327714, 47.8032217740815, 47.8071699588427, 47.807426752159, 47.8092646426657, 47.8093026264317, 47.8092957178399, 47.8093378249974, 47.8095250926258, 47.8097842124884, 47.8099476004185, 47.8100387835802, 47.8102253497373, 47.8097036764008, 47.8093495575534, 47.8096605278285, 47.8103147990063, 47.8107241065499, 47.8110567432918, 47.8109761451509, 47.8104791249295, 47.8103968153786, 47.8111947847296, 
47.8120662790538, 47.8127941435532, 47.8135421546652, 47.81399928186, 47.8143799549897, 47.8139103254199, 47.8127076242762, 47.8125733096293, 47.8127830126448, 47.8128605117222, 47.8128676703258, 47.8128686577815, 47.8148732403275, 47.8148512914737, 47.8143259246214, 47.8124779689027, 47.8102769384494, 47.8087860504553, 47.8078573439606, 47.8070003521039, 47.806215982301, 47.805379746797, 47.8046422541557, 47.8035130986693, 47.8021402107208, 47.801084826622, 47.8000535029851, 47.7994628480502, 47.7990454915744, 
47.7984808926971, 47.7978437365173, 47.7968404339568, 47.7958879844609, 47.7952036012831, 47.7941017087446, 47.7923628731657, 47.7894986565552, 47.7883243730888, 47.7868568746624, -20.9989815998769, -20.9878000051278, -20.9727200048939, -20.9594700054131, -20.9508000057977, -20.9456711685747, -20.943894251205, -20.9416275405662, -20.9428264249864, -20.9464840351952, -20.948139427177, -20.9492888165093, -20.9502780545717, -20.951566439522, -20.9531539938433, -20.9543274076647, -20.9552936689482, -20.9567660821687, 
-20.9580737413891, -20.9600258368009, -20.9610388673273, -20.9618701718479, -20.9627920821654, -20.9642655673778, -20.9654375629683, -20.9668138926214, -20.9681930749241, -20.9694849726264, -20.9707316722012, -20.9715860740101, -20.9730618246147, -20.9741453458017, -20.9758024509922, -20.9766276131432, -20.977540005036, -20.9794705571882, -20.9813206793726, -20.9829612676143, -20.9839638471193, -20.9840710939711, -20.9919685228902, -20.9929131051164, -20.9935648536954, -20.9944610398049, -20.9960549676214, 
-20.9978090853787, -20.9986633504905, -20.9990795441426, -20.998827907539, -20.9977700188289, -20.9965967345099, -20.9959769928024, -20.9955883930485, -20.9950143288071, -20.9939799933414, -20.9930826704887, -20.9925999908569, -20.9921862316695, -20.9921873989895, -20.9929727715359, -20.9941957874646, -20.994887710558, -20.9952126625927, -20.9956307682034, -20.9969034716751, -20.9977347618066, -20.9989815998769))
"ANTSINDRA_KIANJAVATO","<b>Fokontany:</b> Kianjavato<br><b>Mois:</b> 2024-11-01<br><b>Cas Prédit:</b> 90<br><b>Éventail:</b> 65 - 124",2024-11-01,112.773976933648,"KIANJAVATO","ANTSINDRA","ANTSINDRA",list(c(47.7388644313532, 47.7377120265935, 47.735977308111, 47.7345299994646, 47.7339227376494, 47.7342245959937, 47.7354828590525, 47.7371540970902, 47.7407120624188, 47.7424299995521, 47.7536299998335, 47.7448000000286, 47.7377499995723, 47.7237000000627, 47.7090699998857, 47.7112499996927, 47.7108412973925, 47.7072200000042, 47.7093221940655, 47.7115631589143, 47.7134211717516, 47.7152786890624, 47.7169475420978, 47.7186138554476, 47.7203420430536, 47.7227955051115, 47.7246543498216, 47.726472298761, 
47.7287465664046, 47.7307917569379, 47.7332951097856, 47.7354539224649, 47.7373854890536, 47.7388644313532, -20.8630968095958, -20.8653737680094, -20.8677987701202, -20.8703700046935, -20.8801271416706, -20.8838059569937, -20.8887468197219, -20.8945730470174, -20.8998770550883, -20.9013500052041, -20.909370004524, -20.920920005649, -20.9464200061597, -20.941930005948, -20.9222200053416, -20.9159000043778, -20.9100398258764, -20.8581000036388, -20.8583318992244, -20.8587957749315, -20.859322569907, 
-20.859789268586, -20.8606178310739, -20.8611460074079, -20.8614333902643, -20.8617519993808, -20.8620249993797, -20.862011255041, -20.8622076399962, -20.8621921275903, -20.8626003244711, -20.8625838938573, -20.8625691692576, -20.8630968095958))
"FASINTSARA_AMBALAPAISO","<b>Fokontany:</b> Ambalapaiso<br><b>Mois:</b> 2024-11-01<br><b>Cas Prédit:</b> 70<br><b>Éventail:</b> 52 - 93",2024-11-01,58.7480510149483,"AMBALAPAISO","FASINTSARA","FASINTSARA",list(c(47.7025299986501, 47.6744200000698, 47.6709563448458, 47.6700862049007, 47.6687412193179, 47.6681667314955, 47.6653396928583, 47.6637589526991, 47.6587999983063, 47.6529999997341, 47.6559799995612, 47.6579890445426, 47.6580339764707, 47.6586742928683, 47.6592668210909, 47.6607359913571, 47.6608879884742, 47.6613375208942, 47.6617616807413, 47.6622834134332, 47.6623705316593, 47.6632919428536, 47.6632999144443, 47.6631619080805, 47.6639248452405, 47.6652876688761, 47.6664794126801, 47.6703945059874, 
47.6710023829394, 47.6734109751225, 47.6759666478289, 47.6779143986171, 47.6794319110404, 47.6802906367899, 47.680276789029, 47.6799388166091, 47.6781048786229, 47.6761228043092, 47.6735433319441, 47.6702193756081, 47.6664450774623, 47.6644804185202, 47.6623595806134, 47.6564681092983, 47.6799299996546, 47.7025299986501, -20.6650200057969, -20.6693000053154, -20.668191146629, -20.668129177944, -20.6681388087837, -20.6681429204842, -20.6676317602225, -20.6676430368215, -20.6673200057384, -20.6588500045528, 
-20.650800005649, -20.6484374713468, -20.6484598392847, -20.6486495179953, -20.6488638120498, -20.64979060029, -20.6499707515828, -20.6503034890486, -20.6506138199055, -20.6508991774885, -20.6517739309552, -20.6540345387949, -20.655026367804, -20.6565860260548, -20.6578558696825, -20.6588380372751, -20.6572708570947, -20.6573845547839, -20.6580886870734, -20.6580714092984, -20.6576279508999, -20.6564803512187, -20.6546290788014, -20.652495701649, -20.6507954379936, -20.6462635689455, -20.6428760485294, 
-20.6397729611933, -20.6372409217725, -20.635706051535, -20.6343160252068, -20.6333381329913, -20.6308669470959, -20.6290023251419, -20.6248300059482, -20.6650200057969))
"FASINTSARA_AMBATOMANJAKA","<b>Fokontany:</b> Ambatomanjaka<br><b>Mois:</b> 2024-11-01<br><b>Cas Prédit:</b> 57<br><b>Éventail:</b> 43 - 75",2024-11-01,48.0267065534929,"AMBATOMANJAKA","FASINTSARA","FASINTSARA",list(c(47.7157430674831, 47.713896043462, 47.7150330967945, 47.7163112861317, 47.7169031029907, 47.7175344333626, 47.719370232046, 47.7206759496309, 47.7225417838721, 47.7242086197281, 47.7262819833232, 47.7269476624011, 47.7292255660039, 47.7305239136447, 47.7312370427525, 47.7307472278995, 47.7289680883037, 47.7268353307827, 47.7255012548756, 47.7240129839086, 47.7224496429331, 47.721043542122, 47.7198705123104, 47.7189726993267, 47.7194158447615, 47.7184169299934, 47.7170649216047, 47.7160708667729, 
47.7155036913382, 47.7147082850553, 47.7137548067351, 47.7123687617051, 47.7091757529545, 47.7069145119908, 47.7050841730917, 47.7045651851308, 47.7047631492957, 47.7034688054366, 47.7016392309611, 47.7009173883221, 47.7006996426698, 47.7008715067102, 47.7008148089518, 47.6885199982928, 47.6781799989989, 47.6944499983609, 47.7157430674831, -20.7264453319832, -20.7270736145519, -20.7289129772474, -20.7297644166894, -20.7319860838845, -20.7346924101191, -20.7357604063097, -20.7364512655051, -20.7385103721467, 
-20.7394604546265, -20.7396577290113, -20.7405904617702, -20.7428180141289, -20.743900089206, -20.7449024474777, -20.7462305968516, -20.7472596470015, -20.7463707067296, -20.7458873067408, -20.7470366331204, -20.7482536937386, -20.7476996654929, -20.7464585057418, -20.7473871456861, -20.7484779531802, -20.7495891375133, -20.7487597314615, -20.7495953617211, -20.7523727182093, -20.7555610792617, -20.7593688079033, -20.7627772195704, -20.7623769726965, -20.7617851522405, -20.7629052515529, -20.7657296452822, 
-20.7680829669295, -20.7680603624698, -20.7666235246306, -20.7673023760781, -20.769694339795, -20.7721624652973, -20.7724715191169, -20.757650005622, -20.7367800045827, -20.7237500062547, -20.7264453319832))
"FASINTSARA_AMBINANISERY","<b>Fokontany:</b> Ambinanisery<br><b>Mois:</b> 2024-11-01<br><b>Cas Prédit:</b> 41<br><b>Éventail:</b> 31 - 55",2024-11-01,84.4189968829128,"AMBINANISERY","FASINTSARA","FASINTSARA",list(c(47.7521383905674, 47.7523415600082, 47.7515177873094, 47.7504682299183, 47.7488121949202, 47.7469303230692, 47.7465129351172, 47.7449906967565, 47.7427481868724, 47.742132087419, 47.7418913757794, 47.740706277066, 47.7391782146958, 47.7381981335301, 47.736931312523, 47.7356971494967, 47.7337229487479, 47.7332219022617, 47.7317199984718, 47.7025299986501, 47.7151499987634, 47.7174299986849, 47.7398699983934, 47.7521383905674, -20.6345027172736, -20.6362760283621, -20.6409846096956, -20.6435009838256, 
-20.6457995232703, -20.648416486571, -20.6488108545765, -20.6502491187403, -20.6513167704903, -20.6528497269701, -20.6539513317249, -20.6545988220139, -20.6565999142893, -20.6592788606641, -20.6604090908395, -20.6610789400732, -20.6633944281412, -20.6650370335622, -20.6653000061201, -20.6650200057969, -20.6497000061874, -20.6346000059306, -20.6337200058204, -20.6345027172736))
"FASINTSARA_AMBODIARA SUD","<b>Fokontany:</b> Ambodiara Sud<br><b>Mois:</b> 2024-11-01<br><b>Cas Prédit:</b> 118<br><b>Éventail:</b> 91 - 154",2024-11-01,76.3088821806194,"AMBODIARA SUD","FASINTSARA","FASINTSARA",list(c(47.7008148089518, 47.70043342266, 47.6999626167769, 47.6992348853775, 47.6983791085048, 47.6970831449669, 47.6974948833781, 47.6997883119772, 47.6992239226422, 47.6991485414683, 47.699927358857, 47.7012668253003, 47.7030075494556, 47.7063818453432, 47.7066150827172, 47.7050220623156, 47.7021699991433, 47.7019659915345, 47.7016286288556, 47.7001666108981, 47.6992499984865, 47.6825499990782, 47.6624699984837, 47.6885199982928, 47.7008148089518, -20.7724715191169, -20.7745504081453, -20.7748881017747, 
-20.7794731909028, -20.7803681197601, -20.7821820064606, -20.7839742770565, -20.7845744279326, -20.7864348671395, -20.787904970901, -20.7890774575214, -20.7881569276634, -20.789131466307, -20.7915391357843, -20.793363182126, -20.7948332535118, -20.7978000045248, -20.8000278437671, -20.8037119704861, -20.8099888201796, -20.8139200059531, -20.7953700057797, -20.7790800055038, -20.757650005622, -20.7724715191169))
"FASINTSARA_AMBODIVOANGY","<b>Fokontany:</b> Ambodivoangy<br><b>Mois:</b> 2024-11-01<br><b>Cas Prédit:</b> 45<br><b>Éventail:</b> 33 - 61",2024-11-01,59.3806459099767,"AMBODIVOANGY","FASINTSARA","FASINTSARA",list(c(47.625449999997, 47.6230174354861, 47.6226286468748, 47.6291415200465, 47.6320499994896, 47.6362636695152, 47.6361789326945, 47.6331997656394, 47.6327000006872, 47.6258350573241, 47.6238799995441, 47.6162751929264, 47.6178729968216, 47.6149864086756, 47.6135779489424, 47.6120343957495, 47.6115248227907, 47.6110341715677, 47.6126499996756, 47.625449999997, -20.6340700048671, -20.6438309324866, -20.6519105352737, -20.6569667306586, -20.6580300045092, -20.6628686026296, -20.6712294297157, -20.6743127715368, 
-20.67483000492, -20.676969242954, -20.6738500046932, -20.6673995327845, -20.6606360932071, -20.6564974482266, -20.6495637525966, -20.6446147662924, -20.6381933685664, -20.6320101661768, -20.6285700057436, -20.6340700048671))
"FASINTSARA_AMBOHINIHAONANA","<b>Fokontany:</b> Ambohinihaonana<br><b>Mois:</b> 2024-11-01<br><b>Cas Prédit:</b> 51<br><b>Éventail:</b> 39 - 67",2024-11-01,64.2703700436066,"AMBOHINIHAONANA","FASINTSARA","FASINTSARA",list(c(47.7260609920143, 47.7258927234635, 47.7232049070738, 47.7204691730069, 47.7195913393619, 47.7199796279507, 47.719065855598, 47.7197703763952, 47.7215007583469, 47.722929919574, 47.7235907594002, 47.7231033079655, 47.7024299985372, 47.6957799994371, 47.6744200000698, 47.7025299986501, 47.7004799994422, 47.7125299984522, 47.7171499992651, 47.7260609920143, -20.6838539498197, -20.684293179606, -20.6881167911743, -20.6918938646253, -20.6955881797639, -20.6969537984914, -20.6987350550902, -20.7001756601893, 
-20.7003896997356, -20.7022341885668, -20.7059542584902, -20.7084109491126, -20.7003300045358, -20.680070004647, -20.6693000053154, -20.6650200057969, -20.6736700062894, -20.6801200060543, -20.6820800047086, -20.6838539498197))
"FASINTSARA_AMBOHITSARA","<b>Fokontany:</b> Ambohitsara<br><b>Mois:</b> 2024-11-01<br><b>Cas Prédit:</b> 34<br><b>Éventail:</b> 26 - 45",2024-11-01,90.1424729660677,"AMBOHITSARA","FASINTSARA","FASINTSARA",list(c(47.7231033079655, 47.72285244298, 47.7224139254566, 47.7216211290062, 47.7200090708561, 47.7196813516074, 47.7176431964705, 47.7159609435368, 47.7169021766885, 47.7162817982609, 47.7157430674831, 47.6944499983609, 47.6936877986446, 47.6940799992841, 47.6924963929855, 47.6927645339472, 47.6979780135659, 47.6993153144417, 47.7006697501004, 47.7024299985372, 47.7231033079655, -20.7084109491126, -20.7094209453264, -20.7111864305145, -20.7130159078619, -20.7142553193309, -20.7160231652393, -20.7178314320762, 
-20.7201519131803, -20.7232550940458, -20.7262620753313, -20.7264453319832, -20.7237500062547, -20.7172937687927, -20.7154200061297, -20.7135208115384, -20.7108677773297, -20.7061915023423, -20.7042214870395, -20.702529287605, -20.7003300045358, -20.7084109491126))
"FASINTSARA_ANDRANOMAINTSO","<b>Fokontany:</b> Andranomaintso<br><b>Mois:</b> 2024-11-01<br><b>Cas Prédit:</b> 124<br><b>Éventail:</b> 94 - 163",2024-11-01,76.4065784271754,"ANDRANOMAINTSO","FASINTSARA","FASINTSARA",list(c(47.770667813376, 47.7655309335125, 47.7605450264381, 47.7527499997184, 47.7492425493096, 47.743312167927, 47.7399692763657, 47.7388644313532, 47.7373854890536, 47.7354539224649, 47.7332951097856, 47.7307917569379, 47.7287465664046, 47.726472298761, 47.7246543498216, 47.7227955051115, 47.7203420430536, 47.7186138554476, 47.7169475420978, 47.7152786890624, 47.7134211717516, 47.7115631589143, 47.7093221940655, 47.7072200000042, 47.7038288463251, 47.7029984995819, 47.7015285298184, 47.7001868843179, 
47.6990374796964, 47.6966098272819, 47.6941816694484, 47.6907314096265, 47.6887501249177, 47.6867049253912, 47.6855545009385, 47.6838932696576, 47.6815904269553, 47.6788436698978, 47.6757733790362, 47.6747500000104, 47.674470411578, 47.6736807573586, 47.6728960673969, 47.6721698891262, 47.6713773696667, 47.6708523265703, 47.6708400184486, 47.6708901430621, 47.670943712079, 47.6708035986034, 47.6704698116286, 47.6697755835724, 47.6695363387268, 47.6695147208233, 47.6695882574877, 47.669812113134, 
47.6700625086732, 47.6754857668506, 47.6805199989949, 47.6900082000154, 47.6992499984865, 47.6999453201186, 47.7013750191402, 47.7036105484866, 47.7081182140834, 47.7109358772883, 47.7131919516468, 47.7126314159065, 47.7130076940492, 47.7145944614648, 47.7171950768912, 47.7194729858898, 47.7220736525775, 47.7248998197718, 47.7255127832893, 47.7263691150437, 47.7279124434058, 47.7303839926287, 47.7328478112791, 47.7343180976039, 47.7352024108645, 47.734856054965, 47.7348977646223, 47.7356416037794, 
47.7365301456522, 47.7397844189188, 47.7399152702765, 47.7411738885674, 47.7406618056011, 47.739508478137, 47.7390864730655, 47.7399006329112, 47.7419715845245, 47.7440388570115, 47.7454586428061, 47.7454333646622, 47.7455690399835, 47.7473363903665, 47.7491353744027, 47.7505098514533, 47.753210163923, 47.7563678544983, 47.7567195550689, 47.7572161669981, 47.7589355673284, 47.7638093972922, 47.765782731994, 47.7694575309472, 47.770667813376, -20.8478088564291, -20.8499271690377, -20.8511083161291, 
-20.8536000056672, -20.8557652727792, -20.8570801499581, -20.8609137898664, -20.8630968095958, -20.8625691692576, -20.8625838938573, -20.8626003244711, -20.8621921275903, -20.8622076399962, -20.862011255041, -20.8620249993797, -20.8617519993808, -20.8614333902643, -20.8611460074079, -20.8606178310739, -20.859789268586, -20.859322569907, -20.8587957749315, -20.8583318992244, -20.8581000036388, -20.8587333017266, -20.8587995511843, -20.8588104689539, -20.8588805009602, -20.859009177757, -20.8591473028312, 
-20.8592253208172, -20.8593709129623, -20.8593854864759, -20.8594005078519, -20.8594089470899, -20.8594811968243, -20.8592577296851, -20.8594580239929, -20.8591799967837, -20.858400004881, -20.8561855214704, -20.8534276236132, -20.851270474681, -20.8484520218731, -20.8453336460623, -20.8436552287381, -20.8421533366402, -20.8404707518577, -20.8392086954595, -20.8377077278647, -20.8359678391807, -20.8350977370077, -20.8312283112763, -20.8285849654639, -20.8279159148281, -20.8258792345806, -20.8243081630338, 
-20.8228489626531, -20.8174500050604, -20.8156620521102, -20.8139200059531, -20.8182344324204, -20.819384009711, -20.8203898492585, -20.8199645517695, -20.8190780972238, -20.8181754728678, -20.8165740752822, -20.8156267681102, -20.8156753162124, -20.8182392321031, -20.8188533116791, -20.8197850309022, -20.8211039847083, -20.8213031647564, -20.8214530817414, -20.8218924994861, -20.8223203600434, -20.8206566007693, -20.8194423954987, -20.8198444104396, -20.8227911470406, -20.8255480700327, -20.8279744741868, 
-20.8286525090499, -20.8308395964131, -20.8309828880926, -20.8323611602814, -20.8340457118812, -20.8352558594108, -20.8363870347737, -20.8369973030227, -20.8367635728204, -20.83790845565, -20.8397972594743, -20.8413832444787, -20.8422781310679, -20.8429674236445, -20.8441159900972, -20.8446496334099, -20.8440626009449, -20.8446880074819, -20.8453497475289, -20.8458946368638, -20.8466536152076, -20.8461528861827, -20.8459427748754, -20.846836584077, -20.8478088564291))
"FASINTSARA_ANTENIMBELONA","<b>Fokontany:</b> Antenimbelona<br><b>Mois:</b> 2024-11-01<br><b>Cas Prédit:</b> 56<br><b>Éventail:</b> 42 - 74",2024-11-01,41.7276398755107,"ANTENIMBELONA","FASINTSARA","FASINTSARA",list(c(47.7332219022617, 47.7327582405932, 47.7333931232871, 47.7339851056213, 47.7332591809596, 47.7310304918566, 47.7299232699357, 47.7293389965902, 47.7286132958598, 47.7274622589691, 47.7260609920143, 47.7171499992651, 47.7125299984522, 47.7004799994422, 47.7025299986501, 47.7317199984718, 47.7332219022617, -20.6650370335622, -20.666557071281, -20.6690561649379, -20.6700340607507, -20.6709428355703, -20.670006030681, -20.6704479341517, -20.6728568240089, -20.6762767892662, -20.6801961957196, 
-20.6838539498197, -20.6820800047086, -20.6801200060543, -20.6736700062894, -20.6650200057969, -20.6653000061201, -20.6650370335622))
"FASINTSARA_BEFOTAKA","<b>Fokontany:</b> Befotaka<br><b>Mois:</b> 2024-11-01<br><b>Cas Prédit:</b> 36<br><b>Éventail:</b> 27 - 48",2024-11-01,96.9322803550712,"BEFOTAKA","FASINTSARA","FASINTSARA",list(c(47.6582799986108, 47.6591520388236, 47.6605228745197, 47.6634799982924, 47.6544499982575, 47.6437096073001, 47.6437822266559, 47.6437435872842, 47.6434986182541, 47.6432380235034, 47.6426502643854, 47.6423476973755, 47.6411852768661, 47.6408596809165, 47.6404577604042, 47.6398659363507, 47.6396611841031, 47.6391441350804, 47.6386838773456, 47.638126423582, 47.6376702613598, 47.6372379230779, 47.6365588656852, 47.6362235507624, 47.6363608070916, 47.6364941504708, 47.6368893116784, 47.6368558137308, 
47.6368199694519, 47.6367517055126, 47.6366073058682, 47.6364299487688, 47.636294324709, 47.6360716822479, 47.6360678394447, 47.63612233926, 47.6361446595339, 47.6362270608156, 47.6362583392363, 47.6363967952613, 47.6363123696055, 47.6363149650488, 47.6362783536482, 47.636124828583, 47.6506199988011, 47.6582799986108, -20.7143800058325, -20.7191354832134, -20.7255232112213, -20.7291700052839, -20.7376500060303, -20.7369712301253, -20.7361419140057, -20.7356605977463, -20.7348171460827, -20.7342724671892, 
-20.7334144869779, -20.7331004500149, -20.731821376645, -20.7315537950614, -20.7311969800466, -20.7302012596709, -20.7298848359071, -20.7289331913048, -20.7282560962333, -20.7275813744726, -20.7270414422009, -20.7264781932064, -20.7258297226562, -20.725240950902, -20.724915919727, -20.7244757402565, -20.7229948931939, -20.7218699096633, -20.7206760659431, -20.7200114624547, -20.719280205713, -20.7182510800199, -20.7177947136519, -20.7168816427709, -20.715939376299, -20.7153179510607, -20.7144212325524, 
-20.7139136587872, -20.7133155448757, -20.7122317008321, -20.7110393203088, -20.7103042099721, -20.7090872177023, -20.7080342087137, -20.7186500057903, -20.7143800058325))
"FASINTSARA_FASINTSARA","<b>Fokontany:</b> Fasintsara<br><b>Mois:</b> 2024-11-01<br><b>Cas Prédit:</b> 95<br><b>Éventail:</b> 72 - 123",2024-11-01,85.6163137085339,"FASINTSARA","FASINTSARA","FASINTSARA",list(c(47.6744200000698, 47.6957799994371, 47.7024299985372, 47.7006697501004, 47.6993153144417, 47.6979780135659, 47.6927645339472, 47.6924963929855, 47.6940799992841, 47.6936877986446, 47.6944499983609, 47.6781799989989, 47.6634799982924, 47.6754799985927, 47.6673999982997, 47.6706518101216, 47.6698699988886, 47.6658553020674, 47.666709143599, 47.667562964446, 47.6681233526973, 47.6689719925501, 47.6695316109816, 47.6698973292848, 47.6705520258417, 47.6709563448458, 47.6744200000698, -20.6693000053154, 
-20.680070004647, -20.7003300045358, -20.702529287605, -20.7042214870395, -20.7061915023423, -20.7108677773297, -20.7135208115384, -20.7154200061297, -20.7172937687927, -20.7237500062547, -20.7367800045827, -20.7291700052839, -20.7161200051341, -20.7094800056008, -20.7057349812895, -20.6857000052667, -20.6857573037719, -20.6838423836356, -20.6819274599018, -20.6795601537968, -20.6770089884941, -20.6745507870106, -20.6720030769033, -20.6693623957822, -20.668191146629, -20.6693000053154))
"FASINTSARA_MANAKANA SUD","<b>Fokontany:</b> Manakana Sud<br><b>Mois:</b> 2024-11-01<br><b>Cas Prédit:</b> 51<br><b>Éventail:</b> 39 - 67",2024-11-01,67.2105963915065,"MANAKANA SUD","FASINTSARA","FASINTSARA",list(c(47.6992499984865, 47.6900082000154, 47.6805199989949, 47.6754857668506, 47.6700625086732, 47.6702199988492, 47.6702775689501, 47.6726999999003, 47.6726397902893, 47.6698682802915, 47.6696865902583, 47.6700799986873, 47.6745587088119, 47.6745191952991, 47.6746499989927, 47.6825499990782, 47.6992499984865, -20.8139200059531, -20.8156620521102, -20.8174500050604, -20.8228489626531, -20.8243081630338, -20.8233200059565, -20.8231227045922, -20.8148200051867, -20.8147487716862, -20.8114697032135, 
-20.8077683140077, -20.8043200048174, -20.8002039067403, -20.8001740627382, -20.8001200044902, -20.7953700057797, -20.8139200059531))
"FASINTSARA_MAROVORAKA","<b>Fokontany:</b> Marovoraka<br><b>Mois:</b> 2024-11-01<br><b>Cas Prédit:</b> 54<br><b>Éventail:</b> 41 - 71",2024-11-01,64.6200970342867,"MAROVORAKA","FASINTSARA","FASINTSARA",list(c(47.6658553020674, 47.6698699988886, 47.6706518101216, 47.6673999982997, 47.6400505617691, 47.6401624122506, 47.6403689199747, 47.6406009828342, 47.6410483343982, 47.6416272010196, 47.6420628236256, 47.6427205329115, 47.6432820228324, 47.6439668529733, 47.6445070613372, 47.6458831634629, 47.6466239970855, 47.647413839263, 47.6479852738872, 47.6489009986681, 47.6495101130873, 47.6497345577897, 47.6504201829313, 47.650685798597, 47.6517084770508, 47.6521261365983, 47.6531380897375, 47.6539289184714, 
47.6544748078528, 47.6552131350648, 47.6574763347521, 47.6579909987726, 47.6582796388813, 47.6601681045616, 47.6608791139673, 47.6617169898347, 47.6623819512536, 47.6626550007153, 47.6638568726843, 47.6648303564237, 47.6654386938286, 47.666204084339, 47.6666013670474, 47.6668758985917, 47.6669737736087, 47.666929395663, 47.6668094710681, 47.6667050372954, 47.6664403200524, 47.6662808243882, 47.6661264170881, 47.6657967436124, 47.6655945319496, 47.6653667534604, 47.6650150331047, 47.6646902681288, 
47.6641666162836, 47.6635442233744, 47.6627500824375, 47.6621302319117, 47.6612853440304, 47.6611356518758, 47.6606391514626, 47.6601098428818, 47.6599527223269, 47.6598927834119, 47.6599101304349, 47.6602084877181, 47.6604436280576, 47.6608219890302, 47.6607966047661, 47.6609108267597, 47.6613781927357, 47.6616568530676, 47.6618086487365, 47.6620334019062, 47.662301720934, 47.6625553711198, 47.6627906148813, 47.6630615464396, 47.6634099294112, 47.6638482625738, 47.6640937037479, 47.6641355087332, 
47.6640231951009, 47.6639237714514, 47.6638521935105, 47.664045982123, 47.6643354316216, 47.6644699998774, 47.6647394997149, 47.6651142759899, 47.6652615228878, 47.6658553020674, -20.6857573037719, -20.6857000052667, -20.7057349812895, -20.7094800056008, -20.7012458057551, -20.7008983652733, -20.7004565400435, -20.7000597016003, -20.6994970605476, -20.6992519197472, -20.699102635885, -20.6990398650049, -20.6990251934651, -20.6990531273071, -20.6991543415068, -20.6994167888608, -20.6996961218855, 
-20.6999513935488, -20.7002810337494, -20.7006709105406, -20.7014361409713, -20.7015915096466, -20.7016425578639, -20.7015435730837, -20.7014251179812, -20.7015062844937, -20.7018474692914, -20.7021484337093, -20.7024325016646, -20.7026203520535, -20.7031355529692, -20.7031911751383, -20.7030457178914, -20.7032953705907, -20.7033682165758, -20.703622516072, -20.7037888384898, -20.7039427151897, -20.7040950387606, -20.7039774227256, -20.7038929017418, -20.7033442991063, -20.7027593710546, -20.7021318502115, 
-20.7013249281102, -20.7006601699385, -20.6999276388574, -20.6997008595151, -20.6990184818259, -20.6985860248339, -20.69833758532, -20.6979323157327, -20.6977079294864, -20.6974379961758, -20.697125473671, -20.6968816368875, -20.6965274335039, -20.6961304601624, -20.69571438612, -20.6954088495489, -20.6949485279624, -20.6948372440539, -20.6945748605518, -20.6940371954709, -20.6936735941719, -20.6933076051729, -20.6930771305163, -20.6924263019438, -20.6921214452602, -20.6917207199473, -20.689982969851, 
-20.6868297857805, -20.6841994801379, -20.68250796149, -20.6824716117923, -20.6824631860441, -20.6824612740854, -20.6824389906839, -20.6824015033437, -20.6824238380067, -20.6824577523404, -20.6824546244983, -20.6825135390855, -20.68290150122, -20.683363363345, -20.6838251328399, -20.6841304697615, -20.6843549153631, -20.6853553023208, -20.6856800061427, -20.6862782423621, -20.6865998156439, -20.68667544593, -20.6857573037719))
"FASINTSARA_SAHAKONDRO","<b>Fokontany:</b> Sahakondro<br><b>Mois:</b> 2024-11-01<br><b>Cas Prédit:</b> 13<br><b>Éventail:</b> 10 - 18",2024-11-01,33.5202913937708,"SAHAKONDRO","FASINTSARA","FASINTSARA",list(c(47.6624699984837, 47.6825499990782, 47.6746499989927, 47.6721239562497, 47.6691558229764, 47.6673993786716, 47.6649190727499, 47.662728912402, 47.6609999999424, 47.6586597616307, 47.6555216313099, 47.6519961216151, 47.6498699992922, 47.6488521061309, 47.6466612020436, 47.6409066677985, 47.6400054463842, 47.6402788906481, 47.6408240848532, 47.6414367237154, 47.6415367274276, 47.6418699990907, 47.6497299991304, 47.6624699984837, -20.7790800055038, -20.7953700057797, -20.8001200044902, -20.7973217684417, 
-20.7945732010506, -20.7923607725908, -20.7901989345934, -20.7880803854627, -20.7864700054483, -20.7864747592645, -20.7865425735425, -20.7864768600805, -20.786250005195, -20.7865840988383, -20.7854954874884, -20.7833506736571, -20.7824305547892, -20.7799038519455, -20.7754697940624, -20.7742301874405, -20.7739898472212, -20.774000005963, -20.7734700058044, -20.7790800055038))
"FASINTSARA_TSARAKIANJA","<b>Fokontany:</b> Tsarakianja<br><b>Mois:</b> 2024-11-01<br><b>Cas Prédit:</b> 26<br><b>Éventail:</b> 19 - 34",2024-11-01,28.036916382238,"TSARAKIANJA","FASINTSARA","FASINTSARA",list(c(47.6781799989989, 47.6885199982928, 47.6624699984837, 47.6497299991304, 47.6418699990907, 47.6415367274276, 47.6427360785966, 47.6434507518401, 47.6437401293929, 47.6443829369123, 47.6460727504464, 47.6474431805476, 47.6487375603795, 47.6497406003379, 47.6494503630332, 47.6501117154725, 47.6505515541002, 47.6518672739451, 47.6524041584148, 47.6522840827338, 47.6514810439044, 47.6494342462825, 47.6479509944316, 47.6462964325229, 47.6465151089737, 47.6465602135716, 47.6468614315983, 47.6468794027508, 
47.6468936327235, 47.6468254892934, 47.6466404196081, 47.6464858036653, 47.6463823222748, 47.6460764124848, 47.6454878044068, 47.6447065363657, 47.6441286778842, 47.6434249107189, 47.6427235213612, 47.6427104488159, 47.6429156282413, 47.6430958209031, 47.6432758301031, 47.6435243388647, 47.6436338556055, 47.6437160536406, 47.6437096073001, 47.6544499982575, 47.6634799982924, 47.6781799989989, -20.7367800045827, -20.757650005622, -20.7790800055038, -20.7734700058044, -20.774000005963, -20.7739898472212, 
-20.77110739416, -20.7673863160967, -20.7666378409351, -20.7649752103101, -20.7618298782205, -20.7595110707548, -20.758869585239, -20.7576763035951, -20.756136505073, -20.7548507938071, -20.754460942197, -20.7555886650626, -20.7554747605296, -20.7543487202956, -20.7533822188932, -20.7520242426043, -20.7493795325202, -20.7495532626536, -20.7490526307552, -20.7489134246958, -20.7483772057247, -20.7481472958424, -20.7478248205407, -20.747183377293, -20.7467059227223, -20.7464343238672, -20.7462526958876, 
-20.7458246464728, -20.7449435419939, -20.7441366252884, -20.7436235449742, -20.7429752857648, -20.7415693396379, -20.7411330110645, -20.7398409361958, -20.7393309810258, -20.7387978800043, -20.7381248426738, -20.7377085402037, -20.7371778196877, -20.7369712301253, -20.7376500060303, -20.7291700052839, -20.7367800045827))
"FASINTSARA_TSARARIVOTRA","<b>Fokontany:</b> Tsararivotra<br><b>Mois:</b> 2024-11-01<br><b>Cas Prédit:</b> 68<br><b>Éventail:</b> 52 - 90",2024-11-01,150.165313597041,"TSARARIVOTRA","FASINTSARA","FASINTSARA",list(c(47.6634799982924, 47.6605228745197, 47.6591520388236, 47.6582799986108, 47.6586999990933, 47.6673999982997, 47.6754799985927, 47.6634799982924, -20.7291700052839, -20.7255232112213, -20.7191354832134, -20.7143800058325, -20.7113200059151, -20.7094800056008, -20.7161200051341, -20.7291700052839))
"FASINTSARA_TSARATANANA","<b>Fokontany:</b> Tsaratanana<br><b>Mois:</b> 2024-11-01<br><b>Cas Prédit:</b> 74<br><b>Éventail:</b> 57 - 98",2024-11-01,55.2168521393075,"TSARATANANA","FASINTSARA","FASINTSARA",list(c(47.6673999982997, 47.6586999990933, 47.6582799986108, 47.6506199988011, 47.636124828583, 47.6359443679232, 47.6359181005248, 47.6360132667837, 47.6363117400795, 47.6367837114839, 47.6372384788576, 47.6376709889099, 47.6383780853653, 47.63915662936, 47.6395440357138, 47.6397124778337, 47.6399205485796, 47.6399633077455, 47.6400505617691, 47.6673999982997, -20.7094800056008, -20.7113200059151, -20.7143800058325, -20.7186500057903, -20.7080342087137, -20.7069130706843, -20.7060178198695, -20.7043149238986, 
-20.7036635629274, -20.7031001925245, -20.7027898778553, -20.7025485969451, -20.7025069520393, -20.7023953578646, -20.7022932767185, -20.7021966805376, -20.7018005768407, -20.7015930726677, -20.7012458057551, -20.7094800056008))
"IFANADIANA_AMBODIARA","<b>Fokontany:</b> Ambodiara<br><b>Mois:</b> 2024-11-01<br><b>Cas Prédit:</b> 186<br><b>Éventail:</b> 140 - 247",2024-11-01,91.3403307987859,"AMBODIARA","IFANADIANA","IFANADIANA",list(c(47.6491799998819, 47.6778000003978, 47.7154199995648, 47.7108799988452, 47.7081188913059, 47.6441699999725, 47.6414499995456, 47.6527699999655, 47.6512939247047, 47.649173254072, 47.6480673208798, 47.6470148775641, 47.6455925260037, 47.644415362908, 47.6431657711127, 47.6417935675483, 47.6407659536151, 47.6395681546758, 47.6387861087211, 47.6380770598376, 47.6369977438798, 47.6356961173109, 47.63486085937, 47.6336100570872, 47.6326541478993, 47.6321621297072, 47.6319861881407, 47.6319825674701, 
47.6318077437608, 47.631461833925, 47.6306760944546, 47.6301146045338, 47.6295034027882, 47.6285228701626, 47.6275137390961, 47.6275352077118, 47.6278251221598, 47.6278948807722, 47.6275479511051, 47.6265171023104, 47.6256847383879, 47.624557982293, 47.6235566816234, 47.6191700009206, 47.6141799983327, 47.6192300009885, 47.6176999987798, 47.6198699999243, 47.601649999669, 47.6192700001327, 47.6383800000605, 47.6491799998819, -21.3538700051544, -21.364680004532, -21.3639000045375, -21.3845200039395, 
-21.3850458923981, -21.397230004595, -21.4127200048497, -21.4331500053834, -21.4333791004798, -21.4335475911629, -21.434246623397, -21.4349879021836, -21.4355467525937, -21.4360126265943, -21.4366856207573, -21.4374055073703, -21.4382385781594, -21.4394863605179, -21.440272181826, -21.4409197341683, -21.4412699751388, -21.4414601143023, -21.4415791045015, -21.4420451646617, -21.442555919329, -21.442443221686, -21.4417307301981, -21.4410406920837, -21.4405353522345, -21.4401918507832, -21.4403567468762, 
-21.4410263389038, -21.4416274268733, -21.4421151921711, -21.441843666161, -21.441268597377, -21.4403469712453, -21.439633537268, -21.4391291587939, -21.4393638305864, -21.4399428015288, -21.4406844904062, -21.4411243452213, -21.4132700059299, -21.3991500058993, -21.3963700036058, -21.3850700041164, -21.3793000042341, -21.3645800035136, -21.3561300059498, -21.3490800054975, -21.3538700051544))
"IFANADIANA_AMBODIRAFIA II","<b>Fokontany:</b> Ambodirafia Ii<br><b>Mois:</b> 2024-11-01<br><b>Cas Prédit:</b> 129<br><b>Éventail:</b> 97 - 171",2024-11-01,43.9333480782101,"AMBODIRAFIA II","IFANADIANA","IFANADIANA",list(c(47.73333116813, 47.7338395656746, 47.7341977539545, 47.7342015553889, 47.733987019417, 47.7332408986801, 47.7320490361656, 47.7311130703435, 47.7303510603847, 47.7293967151177, 47.7293522715217, 47.7301575721458, 47.7317334101006, 47.7327977244674, 47.7335981516656, 47.7337224964283, 47.7340502129793, 47.7347949424652, 47.7349526817535, 47.7353751616672, 47.7358324498406, 47.7361723827823, 47.7356618700324, 47.7349483074515, 47.7341773996005, 47.7340160828092, 47.7333666949502, 47.7321222913438, 
47.7311941316369, 47.730627896893, 47.7303993009202, 47.7299142182997, 47.7290801744437, 47.7280872284759, 47.726659444111, 47.7256668785565, 47.7244899348952, 47.7234062590242, 47.7217930884127, 47.7211804225708, 47.721393007014, 47.7215521060772, 47.7222016405259, 47.7222742059226, 47.7224030248126, 47.7226325794629, 47.7230910133726, 47.7242981661606, 47.7267449624436, 47.7288936244749, 47.7302961837556, 47.7316499404263, 47.7334586317446, 47.7348384426742, 47.7355153830629, 47.7358419520791, 
47.736283209837, 47.735944643865, 47.7356494584907, 47.7353805890779, 47.7354064194057, 47.7354496615078, 47.7337299994748, 47.7323640048297, 47.7313793191348, 47.7299035838178, 47.7282422491147, 47.72645855805, 47.7243679238743, 47.7222793527434, 47.719701292314, 47.7176153013381, 47.7138145316479, 47.7108799988452, 47.7154199995648, 47.6778000003978, 47.6491799998819, 47.6671699994214, 47.6597699999085, 47.6857799996735, 47.7265299992905, 47.73333116813, -21.3284276332049, -21.3300382326536, -21.3321041831358, 
-21.3339505092818, -21.3352961684559, -21.3368898345698, -21.3384282742162, -21.3396124861973, -21.3402376472192, -21.3409834082269, -21.3416774798007, -21.3426674705955, -21.344393704873, -21.3462520558541, -21.3477037918623, -21.3480807238119, -21.3490741464197, -21.3509654602518, -21.3523685968966, -21.3542014664868, -21.3562869394518, -21.3579149884462, -21.3592471604876, -21.3604471465775, -21.3620415699205, -21.3634782467809, -21.3644451672673, -21.3653162703857, -21.3661081261448, -21.3672804158135, 
-21.3688801784316, -21.3702347157129, -21.3709078537674, -21.3713321754921, -21.3713783098136, -21.3706251563788, -21.3696013636654, -21.3690363052349, -21.3687649213177, -21.3688537824297, -21.369546567973, -21.3700650487159, -21.3720293964914, -21.3737583323322, -21.3756465713822, -21.3770011779112, -21.3779329187181, -21.3790942069803, -21.3798461832027, -21.379938912299, -21.3798935145222, -21.3798496186132, -21.3800685666592, -21.3806470321827, -21.3820793815054, -21.3845615364316, -21.3862553762296, 
-21.3887594062652, -21.3905230964064, -21.3923320188493, -21.3926837311108, -21.3932725037641, -21.392980005564, -21.3925928024572, -21.3919700875911, -21.3911792714482, -21.3901606462393, -21.3891429563252, -21.3880130139329, -21.3871122754549, -21.3862153114316, -21.3856010555886, -21.384828096384, -21.3845200039395, -21.3639000045375, -21.364680004532, -21.3538700051544, -21.3359000056493, -21.3065000051551, -21.3216200054362, -21.3286500058687, -21.3284276332049))
"IFANADIANA_AMBORAKA","<b>Fokontany:</b> Amboraka<br><b>Mois:</b> 2024-11-01<br><b>Cas Prédit:</b> 67<br><b>Éventail:</b> 51 - 89",2024-11-01,30.9397662985251,"AMBORAKA","IFANADIANA","IFANADIANA",list(c(47.6196800010489, 47.6275000001446, 47.6192700001327, 47.601649999669, 47.5772766581107, 47.5750527560991, 47.5755345148252, 47.5764939835297, 47.5768478766474, 47.5769109047336, 47.577731997453, 47.5782823222906, 47.57843045592, 47.5782880563678, 47.5779160697898, 47.5776782296855, 47.577546282054, 47.5776192404544, 47.5778916513973, 47.5777616238185, 47.5770623793439, 47.5764185672815, 47.5760548202921, 47.5763105191334, 47.5771482663977, 47.5776431246488, 47.5780178469643, 47.578632039855, 
47.5792604591212, 47.5794143403179, 47.5793657949138, 47.5790604957634, 47.578698145421, 47.5786520569648, 47.578429337162, 47.5786526091483, 47.5793040744412, 47.5802931704113, 47.5810556669033, 47.5813922192932, 47.5812353100792, 47.5809519723732, 47.5807087363366, 47.5806022458145, 47.5805501247059, 47.5810366786172, 47.5820580647453, 47.5831951774329, 47.5848262283652, 47.5858991213649, 47.5866593623572, 47.5879371658852, 47.5893142194934, 47.5907815299615, 47.5917540433324, 47.5922490166967, 
47.5924437127251, 47.5924181737777, 47.5921443859724, 47.5915214714564, 47.5907880338583, 47.5902216480281, 47.5894547799315, 47.5883377221253, 47.5873361084916, 47.5864968908357, 47.5858899356887, 47.5852303558129, 47.5847663155295, 47.5844238635868, 47.5909999995673, 47.5932699990276, 47.5886300008886, 47.6196800010489, -21.2796700044633, -21.3017800042286, -21.3561300059498, -21.3645800035136, -21.3714882276437, -21.3721183574199, -21.3705050815888, -21.3691424216308, -21.368639811224, -21.3685502972042, 
-21.3672902975556, -21.3665040913376, -21.3655744666356, -21.3647512883891, -21.3637767254639, -21.3625426883433, -21.3609810749665, -21.360032213766, -21.3591203569697, -21.3585268421912, -21.3574292196345, -21.3564441103597, -21.3556309253795, -21.3539362267291, -21.3534590725321, -21.3525597882581, -21.3512515067068, -21.350738639532, -21.3505017104412, -21.3501489603621, -21.3492286004759, -21.347651812838, -21.3468617665149, -21.3455264792219, -21.3436459806368, -21.3422749569836, -21.3410691873538, 
-21.3406541996926, -21.3401577955071, -21.3390580721342, -21.3379589495084, -21.3367957861597, -21.3357645146842, -21.3353130127492, -21.3338631698141, -21.3323418532595, -21.331141413012, -21.32979734294, -21.3289375613869, -21.3277813354085, -21.3272386377215, -21.3271563479558, -21.327092547352, -21.3268632723912, -21.326362174644, -21.3257115924858, -21.325194843837, -21.3247118107717, -21.3237331892061, -21.3226779804758, -21.3213977388866, -21.3204787378759, -21.3194996009987, -21.3184218543586, 
-21.3171999149183, -21.3162472324983, -21.3150298724058, -21.3137462628556, -21.312430242638, -21.3118024151261, -21.3118700045742, -21.2978700055811, -21.2777500058535, -21.2796700044633))
"IFANADIANA_ANDRANOFOLAHINA","<b>Fokontany:</b> Andranofolahina<br><b>Mois:</b> 2024-11-01<br><b>Cas Prédit:</b> 46<br><b>Éventail:</b> 34 - 61",2024-11-01,29.6345556841295,"ANDRANOFOLAHINA","IFANADIANA","IFANADIANA",list(c(47.5886300008886, 47.5932699990276, 47.5909999995673, 47.5844238635868, 47.5834442833432, 47.5824563268142, 47.5815886078441, 47.5807500673777, 47.5800311025693, 47.5796120553679, 47.5793116997908, 47.5797822700515, 47.5807041390007, 47.5819542883757, 47.582817495447, 47.5835607698297, 47.5841245746054, 47.5842397229009, 47.5836690697877, 47.5830106770171, 47.5821438708587, 47.5811999999957, 47.579876125998, 47.5788523845453, 47.5778897088583, 47.5768092354729, 47.5760863667075, 47.575362408863, 
47.5747874210175, 47.5745393808024, 47.5741555798306, 47.5742549360309, 47.5746306700837, 47.5751797358705, 47.5756642141465, 47.5763515569931, 47.577115915981, 47.5773135015311, 47.5771606284743, 47.5778542467901, 47.578622724673, 47.5796745618456, 47.5801485783083, 47.5804299995589, 47.5800759094896, 47.5798499997915, 47.5886300008886, -21.2777500058535, -21.2978700055811, -21.3118700045742, -21.3118024151261, -21.3114145132462, -21.3110019456604, -21.3107003813948, -21.3103147287192, -21.3099562049925, 
-21.3097913358791, -21.3095417569243, -21.3086716934222, -21.308273852235, -21.3082024253802, -21.3076160952855, -21.3072753997192, -21.3068800253723, -21.3063479567725, -21.3058765717264, -21.3056294856923, -21.3054397638142, -21.3052700041876, -21.3047005534681, -21.304260190536, -21.3032602226622, -21.3024567899304, -21.3015949624194, -21.3005933299006, -21.2995627068364, -21.2975697813044, -21.2959043007277, -21.2945160541581, -21.293230339295, -21.2924699328279, -21.2917989702335, -21.289910372354, 
-21.2881818313156, -21.2863246341648, -21.2848675328014, -21.2831394764976, -21.2819411406637, -21.280807122544, -21.2799869426371, -21.2795000047155, -21.2778880382972, -21.2764500043599, -21.2777500058535))
"IFANADIANA_ANTAFOTENINA","<b>Fokontany:</b> Antafotenina<br><b>Mois:</b> 2024-11-01<br><b>Cas Prédit:</b> 38<br><b>Éventail:</b> 28 - 50",2024-11-01,26.151003988153,"ANTAFOTENINA","IFANADIANA","IFANADIANA",list(c(47.6491799998819, 47.6383800000605, 47.6362799994439, 47.6458500000993, 47.6597699999085, 47.6671699994214, 47.6491799998819, -21.3538700051544, -21.3490800054975, -21.3165200058708, -21.3090700058579, -21.3065000051551, -21.3359000056493, -21.3538700051544))
"IFANADIANA_FENOARIVO I","<b>Fokontany:</b> Fenoarivo I<br><b>Mois:</b> 2024-11-01<br><b>Cas Prédit:</b> 61<br><b>Éventail:</b> 45 - 83",2024-11-01,53.8421079513217,"FENOARIVO I","IFANADIANA","IFANADIANA",list(c(47.6660499999388, 47.6642005495468, 47.6627295518583, 47.6610137155413, 47.6597882120869, 47.6583165749804, 47.6573372114735, 47.6563578479667, 47.6550520278589, 47.6527699999655, 47.6414499995456, 47.6441699999725, 47.7081188913059, 47.7053790329479, 47.7033076163852, 47.7005088893055, 47.6983140165102, 47.6949624536855, 47.6926550640112, 47.6909600434024, 47.6902690367178, 47.6890899481736, 47.6884514789836, 47.687421038481, 47.6861448924037, 47.6850664083188, 47.6840365388858, 47.6834741640321, 
47.6828141308981, 47.6820307350609, 47.6815410964751, 47.6807304340928, 47.6796970186329, 47.6789330211723, 47.6782435568249, 47.6773348611451, 47.6760114071308, 47.6752285805646, 47.6748367666334, 47.6742004189441, 47.6730224509552, 47.6717454595152, 47.6711314779651, 47.6704437699936, 47.6691177268312, 47.6683090060853, 47.6674996594112, 47.6671576400425, 47.6670148223057, 47.6670177154247, 47.6673920168577, 47.6680342074424, 47.6692684136363, 47.6703045819209, 47.6710217058172, 47.6710744348674, 
47.6707825940716, 47.6701461843291, 47.6696078528502, 47.6688259148142, 47.668610515493, 47.6686136136575, 47.6684772017917, 47.6685826320133, 47.6686365041018, 47.6687390331103, 47.6687434928484, 47.6688479616946, 47.6688506830431, 47.669080775488, 47.6689883629533, 47.6686743304868, 47.6685235096831, 47.668287814462, 47.6679718124801, 47.6678183755486, 47.6673384928082, 47.6668599077896, 47.6667854655079, 47.6663068687981, 47.6660499999388, -21.4346300052853, -21.4346587754968, -21.4344404965465, 
-21.4342240261327, -21.4340803108725, -21.4337855787563, -21.433792852473, -21.4338001198944, -21.4338098001969, -21.4331500053834, -21.4127200048497, -21.397230004595, -21.3850458923981, -21.3858674024022, -21.3869149318215, -21.3887703842875, -21.3897041755483, -21.3913345178137, -21.3934153574715, -21.3955488326499, -21.3969326653469, -21.3969845184573, -21.3971028224738, -21.3973381156978, -21.3975975611146, -21.397993794314, -21.3984362220895, -21.3988530983271, -21.399408437784, -21.3999875688058, 
-21.4002430167362, -21.4003160228005, -21.3999989677126, -21.3996807219224, -21.3994081976649, -21.3994356386784, -21.4000173939218, -21.4005962092815, -21.4008743309193, -21.4013145913287, -21.4015734899578, -21.4016716824352, -21.401697730399, -21.4017011873929, -21.4019145974136, -21.4022178335188, -21.4025896546212, -21.4029133916719, -21.4036965285037, -21.4042485557577, -21.4051669713096, -21.4057619196076, -21.4067910282136, -21.4075681638695, -21.4083236933133, -21.4089216318569, -21.4094750170872, 
-21.4099844155768, -21.4103322067942, -21.4110950036593, -21.4121312816606, -21.4127064475714, -21.414593629918, -21.4158583716917, -21.4167323238624, -21.4174447577938, -21.4182499325123, -21.4193306649016, -21.4197906834164, -21.4205104962851, -21.4218612636084, -21.4233155464965, -21.4247686099038, -21.4258402186709, -21.4270652634703, -21.4282126742939, -21.429362524079, -21.4306652019546, -21.4315063504543, -21.4328090247326, -21.4346300052853))
"IFANADIANA_IFANADIANA","<b>Fokontany:</b> Ifanadiana<br><b>Mois:</b> 2024-11-01<br><b>Cas Prédit:</b> 182<br><b>Éventail:</b> 138 - 239",2024-11-01,28.7787987423646,"IFANADIANA","IFANADIANA","IFANADIANA",list(c(47.6597699999085, 47.6458500000993, 47.6362799994439, 47.6383800000605, 47.6192700001327, 47.6275000001446, 47.6196800010489, 47.6399499996129, 47.6627299997111, 47.6597699999085, -21.3065000051551, -21.3090700058579, -21.3165200058708, -21.3490800054975, -21.3561300059498, -21.3017800042286, -21.2796700044633, -21.2889700052539, -21.2746000044879, -21.3065000051551))
"IFANADIANA_MAROMENA","<b>Fokontany:</b> Maromena<br><b>Mois:</b> 2024-11-01<br><b>Cas Prédit:</b> 93<br><b>Éventail:</b> 71 - 123",2024-11-01,37.9570362898649,"MAROMENA","IFANADIANA","IFANADIANA",list(c(47.6233699985421, 47.6260729397302, 47.6278812893061, 47.6316799995487, 47.6339683523743, 47.6355921250934, 47.6382646575052, 47.6405533565697, 47.6421823714372, 47.6436187371331, 47.644681504666, 47.6450764698217, 47.6456699998892, 47.6627299997111, 47.6399499996129, 47.6196800010489, 47.5886300008886, 47.5798499997915, 47.579704248466, 47.5810479615081, 47.5824506206136, 47.5828488853817, 47.5833257715811, 47.5835007697588, 47.5837457900503, 47.5844301228661, 47.5851627267927, 47.586308215766, 
47.586503340771, 47.5870928976336, 47.5875405864434, 47.5879285269943, 47.5882621583863, 47.5883268511176, 47.5883029660233, 47.5881825018352, 47.5879322825629, 47.587421499117, 47.5867525528019, 47.5861622872735, 47.5856839019041, 47.5855204977861, 47.5860339809968, 47.5859865534499, 47.5857376435906, 47.5852011557218, 47.5845750531092, 47.5847908103605, 47.5854067857075, 47.5863621364164, 47.5879526333205, 47.5882301461176, 47.589357551523, 47.5912734510224, 47.5926263236596, 47.5944005394671, 
47.5951673248261, 47.5967134716635, 47.5972589878262, 47.5979988726641, 47.5983947317457, 47.598813887765, 47.5991688987401, 47.5995549255339, 47.5998594881393, 47.6003044115339, 47.6006155454855, 47.6010187646188, 47.6014148548262, 47.6019610562722, 47.6020857005092, 47.6024400801601, 47.6030535104257, 47.6036667149615, 47.6042873443001, 47.605065361292, 47.6056525799174, 47.6064122588335, 47.6068927594082, 47.6070649184262, 47.6077260945985, 47.6082841967733, 47.6088631146561, 47.6094581861614, 
47.6097682139469, 47.6103717058047, 47.6105945119423, 47.6105604276367, 47.6104794643708, 47.6102721337669, 47.6103251676872, 47.6109717550574, 47.6117019856731, 47.6124996078857, 47.6133430118856, 47.6138396373046, 47.6141150537818, 47.6151675663453, 47.6158900430063, 47.6164077656211, 47.6167236983553, 47.6168063298635, 47.6167281257176, 47.6166274259301, 47.6164924277984, 47.6163920247872, 47.6161832993348, 47.6161406732684, 47.6165253717635, 47.6169005671224, 47.6175188528278, 47.6176848281073, 
47.6175572727649, 47.6172907793609, 47.6175106051452, 47.6194420296411, 47.6215119101619, 47.6233699985421, -21.2380500043231, -21.2388227063215, -21.2395213608405, -21.2399500038079, -21.2413455843489, -21.2426681327452, -21.2446057292871, -21.2460123642947, -21.2479574467933, -21.249548112769, -21.2518530724739, -21.2537181314982, -21.2557200052846, -21.2746000044879, -21.2889700052539, -21.2796700044633, -21.2777500058535, -21.2764500043599, -21.2749633998375, -21.2747396062445, -21.2746977293135, 
-21.2748051839088, -21.2749338499139, -21.2751372603728, -21.2754220648728, -21.2762431998598, -21.2765785201785, -21.2768020223913, -21.2766667508658, -21.2762580323784, -21.275407593882, -21.2743515245005, -21.2732066398724, -21.2720963656533, -21.2707140492132, -21.2704048515021, -21.2697626042605, -21.2684954397131, -21.2670272775879, -21.2651871153952, -21.2635951256174, -21.2609735380027, -21.2594971695638, -21.2585999249522, -21.2576199615981, -21.2563303823482, -21.2552068215449, -21.2541587201568, 
-21.2536921186047, -21.2531175993063, -21.2529056012214, -21.2529063503567, -21.2529093936625, -21.2532590518726, -21.2541415583947, -21.2550741769398, -21.2555915605099, -21.2559352688053, -21.2560020155883, -21.2560137733247, -21.2560414859335, -21.2560453233408, -21.256236464349, -21.2565414154615, -21.2567114565759, -21.2567371259251, -21.2565610746414, -21.2562658308112, -21.2558323315049, -21.2545154497369, -21.2536102317361, -21.2528563804273, -21.2523434494007, -21.2522917203966, -21.2523782405734, 
-21.2526420369104, -21.2530296707924, -21.2534093132988, -21.2531795572006, -21.2531715694222, -21.2530946495083, -21.252930391934, -21.2526959854415, -21.2522994509693, -21.2521008123132, -21.2514038952844, -21.2509552307104, -21.2503113709845, -21.2497158237381, -21.2490562492587, -21.248200646855, -21.2478477735687, -21.2476755147262, -21.2473847935865, -21.2470226159145, -21.2466307156487, -21.2462488518169, -21.2456469607529, -21.2453364365418, -21.2448743819619, -21.2443290825362, -21.2435641533784, 
-21.2430143132758, -21.2425120545037, -21.2418265723548, -21.2413237452114, -21.2406416076411, -21.239836923053, -21.2391962981885, -21.2388329154247, -21.238411916695, -21.2378276001822, -21.2372803708114, -21.2369006563594, -21.2362369270121, -21.2374692913936, -21.2379657765182, -21.2380500043231))
"IFANADIANA_SAHAFITOROKA","<b>Fokontany:</b> Sahafitoroka<br><b>Mois:</b> 2024-11-01<br><b>Cas Prédit:</b> 120<br><b>Éventail:</b> 91 - 157",2024-11-01,44.4180952061494,"SAHAFITOROKA","IFANADIANA","IFANADIANA",list(c(47.7474499999459, 47.7467192108513, 47.7451021929404, 47.7436137430084, 47.7432564450576, 47.7422235359161, 47.7387135485199, 47.7368412247713, 47.7351418388534, 47.7328790789349, 47.7329598911146, 47.7330358919214, 47.7345407077162, 47.7358572783196, 47.7368851899287, 47.7366061770626, 47.7356024185459, 47.7362015513898, 47.7359237364207, 47.7353572183903, 47.7337735941055, 47.7337917010556, 47.7346807699313, 47.7355686570977, 47.7335440385562, 47.7321016626913, 47.7305143080185, 47.7293895852906, 
47.7290791213338, 47.7279314308203, 47.7271804015837, 47.7282514806509, 47.7289477465709, 47.7295148230805, 47.7302740964025, 47.7310828657118, 47.7318679657643, 47.7324537454745, 47.7322934539103, 47.7324626028975, 47.7327623730159, 47.7328163368354, 47.73333116813, 47.7265299992905, 47.6857799996735, 47.6597699999085, 47.6627299997111, 47.6456699998892, 47.6484304527222, 47.6511923768461, 47.6536682095398, 47.657469805707, 47.6582066157628, 47.6592119238115, 47.6597993267977, 47.6610983381381, 
47.6620783671433, 47.6634261361278, 47.6643332507995, 47.6652648764935, 47.666856952607, 47.6678138159756, 47.6688443131354, 47.6694609755645, 47.6697819948642, 47.6705222790011, 47.6711146291581, 47.6715587152838, 47.6721522453512, 47.6720847161582, 47.672089683114, 47.6721930017273, 47.6726152936825, 47.67338066171, 47.6740708365218, 47.6749336119187, 47.6759427609718, 47.6769530683516, 47.6778399860489, 47.6785072425376, 47.6788809746998, 47.6793320719403, 47.6798024434508, 47.6810093354354, 47.6822106030599, 
47.6826504767611, 47.6834334238365, 47.6844127126998, 47.6856843001136, 47.6871030310034, 47.6876169575799, 47.6886201018596, 47.6898444334973, 47.6910695403506, 47.6946256314915, 47.698469999415, 47.7038250341224, 47.7081159963809, 47.7122710710781, 47.7171756938285, 47.7201888525589, 47.723445527015, 47.7251997769737, 47.7282293591234, 47.7312599548091, 47.7327799997233, 47.7348143480302, 47.7363469915471, 47.7382612641729, 47.7400480309191, 47.7422196229648, 47.7440054265371, 47.7457944478836, 
47.7474499999459, -21.2592200048136, -21.2620035459396, -21.2650996680262, -21.2684319556793, -21.2709252100382, -21.2732302147091, -21.2746231530416, -21.2800414622461, -21.2837203998769, -21.2856832098116, -21.2857942553997, -21.2859078793442, -21.2864249202727, -21.2877731901788, -21.2892595581796, -21.2904844303091, -21.2917149645701, -21.2938839548756, -21.2952446696001, -21.296743493211, -21.2979785474646, -21.3000162214629, -21.3021829481749, -21.3042138215, -21.3047730532228, -21.3055994294585, 
-21.3064269253502, -21.3077132724367, -21.3080683499613, -21.3094358194936, -21.3098344799631, -21.3108296148802, -21.3115687307973, -21.3127508257744, -21.3144112152889, -21.3154700572804, -21.3165759320161, -21.3187727734261, -21.3214095092214, -21.3230885965405, -21.3243489622132, -21.3262163486829, -21.3284276332049, -21.3286500058687, -21.3216200054362, -21.3065000051551, -21.2746000044879, -21.2557200052846, -21.257696413868, -21.2589215324119, -21.2599708038183, -21.2600738697222, -21.2601853065156, 
-21.2599272793296, -21.2596717576547, -21.2592512436595, -21.2589245181618, -21.2585036273506, -21.2583157319956, -21.2580350697731, -21.2574520311971, -21.2573094724652, -21.2572583747852, -21.2577618467427, -21.2581969459429, -21.2587915084317, -21.2594097446739, -21.2597987689078, -21.2605552930018, -21.2616136484599, -21.2625568727099, -21.2635230764367, -21.2643948954155, -21.2651732775318, -21.2656761820169, -21.2662929523643, -21.2667714573432, -21.2674565473877, -21.2679353878137, -21.2687144776963, 
-21.2697475163397, -21.2713788973222, -21.272090020042, -21.272727889384, -21.2724231010489, -21.272098612165, -21.2716806675328, -21.2711240744209, -21.2703123940067, -21.2693850068181, -21.2690605125383, -21.268480575724, -21.2679221093244, -21.2675250739297, -21.2656073389155, -21.2632700036172, -21.2613866892551, -21.2601680152534, -21.2578829251699, -21.2545246264255, -21.2518923521671, -21.2481907965869, -21.2462797300455, -21.2455447168358, -21.2449282396676, -21.2441500050403, -21.2463237356724, 
-21.2479721138418, -21.249854684465, -21.2516196318585, -21.2539745102323, -21.2556208226589, -21.2576228682159, -21.2592200048136))
"KELILALINA_AMBALADINGANA","<b>Fokontany:</b> Ambaladingana<br><b>Mois:</b> 2024-11-01<br><b>Cas Prédit:</b> 82<br><b>Éventail:</b> 62 - 108",2024-11-01,72.7317339666421,"AMBALADINGANA","KELILALINA","KELILALINA",list(c(47.5750527560991, 47.5748217346547, 47.5748982489744, 47.5748677835409, 47.5743132876477, 47.5738144768763, 47.5732739780312, 47.5725227275615, 47.5700608334601, 47.5687059733214, 47.5670059965487, 47.5646428596992, 47.5625202780073, 47.560907197328, 47.5593757687954, 47.5585003885008, 47.5579092713145, 47.5561312864484, 47.5562928433588, 47.5562707056474, 47.5567435583875, 47.5568459291154, 47.5571322040071, 47.5576064264147, 47.558353488742, 47.5409199995754, 47.5001205957032, 47.4996499993622, 
47.4997657762837, 47.5008630265216, 47.5025695359694, 47.5035411176426, 47.5046365836255, 47.5054876453527, 47.5062147876964, 47.5070675338536, 47.5075562848088, 47.5080347295331, 47.5087686968319, 47.5090061924958, 47.5107193200546, 47.5115719978635, 47.5128500001415, 47.5572199994211, 47.5755345148252, 47.5750527560991, -21.3721183574199, -21.3738123141297, -21.3752614106275, -21.3770155077005, -21.3786552505795, -21.3794851215807, -21.3804558381054, -21.3816430817012, -21.3826564036077, -21.3831574141206, 
-21.3831899965583, -21.3832762262539, -21.3837197979669, -21.384462994108, -21.3858254355307, -21.3869954085459, -21.3879449784121, -21.3902410636069, -21.3911100137484, -21.392911917882, -21.3943780637271, -21.395673867185, -21.3968819831461, -21.3985209813865, -21.3996395122814, -21.3881500049518, -21.3999282306275, -21.3988300055251, -21.398171495843, -21.3967813984687, -21.3945806027399, -21.3928455667977, -21.3912249677873, -21.3898364487231, -21.3883334891301, -21.3871754474205, -21.3867112668433, 
-21.3848641816695, -21.384283146783, -21.3831291196469, -21.3818501865715, -21.3806921259761, -21.3794700048729, -21.3718500042171, -21.3705050815888, -21.3721183574199))
"KELILALINA_AMBODIPAISO NORD","<b>Fokontany:</b> Ambodipaiso Nord<br><b>Mois:</b> 2024-11-01<br><b>Cas Prédit:</b> 29<br><b>Éventail:</b> 22 - 38",2024-11-01,48.7306530215349,"AMBODIPAISO NORD","KELILALINA","KELILALINA",list(c(47.5798499997915, 47.5800759094896, 47.5804299995589, 47.5801485783083, 47.5796745618456, 47.578622724673, 47.5778542467901, 47.5771606284743, 47.5773135015311, 47.577115915981, 47.5763515569931, 47.5756642141465, 47.5751797358705, 47.5750045731169, 47.5714199995473, 47.5666799994963, 47.5669999998637, 47.5645799997801, 47.569870000013, 47.5798499997915, -21.2764500043599, -21.2778880382972, -21.2795000047155, -21.2799869426371, -21.280807122544, -21.2819411406637, -21.2831394764976, -21.2848675328014, 
-21.2863246341648, -21.2881818313156, -21.289910372354, -21.2917989702335, -21.2924699328279, -21.2924638606054, -21.2918000053529, -21.298200005509, -21.2918300058368, -21.2857800056325, -21.270800005514, -21.2764500043599))
"KELILALINA_AMBODIPAISO SUD","<b>Fokontany:</b> Ambodipaiso Sud<br><b>Mois:</b> 2024-11-01<br><b>Cas Prédit:</b> 19<br><b>Éventail:</b> 15 - 25",2024-11-01,22.8196933909912,"AMBODIPAISO SUD","KELILALINA","KELILALINA",list(c(47.5751797358705, 47.5746306700837, 47.5742549360309, 47.5741555798306, 47.5745393808024, 47.5747874210175, 47.575362408863, 47.5760863667075, 47.5768092354729, 47.5778897088583, 47.5788523845453, 47.579876125998, 47.5811999999957, 47.5821438708587, 47.5830106770171, 47.5836690697877, 47.5842397229009, 47.5841245746054, 47.5835607698297, 47.582817495447, 47.5819542883757, 47.5807041390007, 47.5797822700515, 47.5793116997908, 47.5796120553679, 47.5800311025693, 47.5807500673777, 47.5815886078441, 
47.5824563268142, 47.5834442833432, 47.5844238635868, 47.5847663155295, 47.5852303558129, 47.5858899356887, 47.5864968908357, 47.5873361084916, 47.5883377221253, 47.5894547799315, 47.5902216480281, 47.5907880338583, 47.5915214714564, 47.5921443859724, 47.5924181737777, 47.5924437127251, 47.5922490166967, 47.5917540433324, 47.587669999788, 47.5836999992722, 47.5785500000984, 47.5735200001628, 47.5682699999753, 47.5666799994963, 47.5714199995473, 47.5750045731169, 47.5751797358705, -21.2924699328279, 
-21.293230339295, -21.2945160541581, -21.2959043007277, -21.2975697813044, -21.2995627068364, -21.3005933299006, -21.3015949624194, -21.3024567899304, -21.3032602226622, -21.304260190536, -21.3047005534681, -21.3052700041876, -21.3054397638142, -21.3056294856923, -21.3058765717264, -21.3063479567725, -21.3068800253723, -21.3072753997192, -21.3076160952855, -21.3082024253802, -21.308273852235, -21.3086716934222, -21.3095417569243, -21.3097913358791, -21.3099562049925, -21.3103147287192, -21.3107003813948, 
-21.3110019456604, -21.3114145132462, -21.3118024151261, -21.312430242638, -21.3137462628556, -21.3150298724058, -21.3162472324983, -21.3171999149183, -21.3184218543586, -21.3194996009987, -21.3204787378759, -21.3213977388866, -21.3226779804758, -21.3237331892061, -21.3247118107717, -21.325194843837, -21.3257115924858, -21.326362174644, -21.3220000058671, -21.317450005587, -21.3130500059289, -21.3042200052293, -21.308230005788, -21.298200005509, -21.2918000053529, -21.2924638606054, -21.2924699328279
))
"KELILALINA_AMBODIVOANGY","<b>Fokontany:</b> Ambodivoangy<br><b>Mois:</b> 2024-11-01<br><b>Cas Prédit:</b> 79<br><b>Éventail:</b> 61 - 104",2024-11-01,62.6158809092951,"AMBODIVOANGY","KELILALINA","KELILALINA",list(c(47.5726119852641, 47.5718299995647, 47.5588199994527, 47.5509999994588, 47.5443730041184, 47.5449002766341, 47.5456151450306, 47.5459946751217, 47.5459300003766, 47.5453878117053, 47.5451411591442, 47.5444727785028, 47.5437107109872, 47.5428223516768, 47.5424323498795, 47.5423524010489, 47.5421642314005, 47.5418539536033, 47.5412403470704, 47.5403322827147, 47.5390859941291, 47.5381200476077, 47.537183396502, 47.5358950304366, 47.5348313608837, 47.5336869250166, 47.532670165001, 47.5315501178484, 
47.5298259241316, 47.5286489013301, 47.5275757160508, 47.5266527301435, 47.5246806149224, 47.5226298369012, 47.5204684557581, 47.5188401279728, 47.5176827463648, 47.5168522953001, 47.5163847548555, 47.516424994121, 47.5168455818609, 47.5169299823355, 47.516889838398, 47.5169279363777, 47.5170999982686, 47.5201859589173, 47.5252749543784, 47.5340797965486, 47.534486595883, 47.5347826023386, 47.5353416461036, 47.5356639316487, 47.5358605387366, 47.5359339090265, 47.5359569298722, 47.5362721431488, 
47.5365524789177, 47.5370693453781, 47.537849878673, 47.538752478748, 47.5395022543297, 47.5402512969639, 47.5414405667329, 47.5421549602874, 47.5427404980799, 47.543200352019, 47.54389552886, 47.5443219181266, 47.54483790505, 47.5451296649069, 47.5457458057292, 47.5460945655168, 47.5465469460897, 47.547265259789, 47.5480550210277, 47.5487112922976, 47.5495356783343, 47.5501271831286, 47.5505909985814, 47.5509298739203, 47.5513921281501, 47.551845739895, 47.5522106029432, 47.5527538123448, 47.5532561673446, 
47.5537145077247, 47.554422332631, 47.5550373690858, 47.5555208787921, 47.555848428069, 47.5562407950832, 47.556595531765, 47.5572129469267, 47.5573848784162, 47.5575178197983, 47.5577859292841, 47.5582506170793, 47.5587891949723, 47.559546951138, 47.5601332488575, 47.5605478597032, 47.5608888268652, 47.5610834869208, 47.5614247328725, 47.561602514452, 47.5616243643804, 47.5620426453594, 47.5626683450759, 47.5630058399554, 47.5634365054982, 47.5640554953729, 47.5645415258788, 47.5658247271377, 47.5666832649291, 
47.5671978740911, 47.568109705707, 47.568517115681, 47.569453242482, 47.570782347836, 47.571918849884, 47.5726119852641, -21.2120757939926, -21.2238800055814, -21.2343000058578, -21.2329700056787, -21.2296318202711, -21.2289764267399, -21.2282710947549, -21.2265325253764, -21.2230500041768, -21.2209776882932, -21.2183631702491, -21.2175588894565, -21.2161870896885, -21.21475233378, -21.2138940235176, -21.2128371924103, -21.2116004303441, -21.2108539291943, -21.2099598465989, -21.2086177847129, -21.2074072396829, 
-21.2063675739354, -21.2054191587986, -21.2048100938425, -21.2042593724041, -21.2035742553798, -21.2029752232605, -21.2022888004206, -21.2013534344467, -21.201175447822, -21.2008753944173, -21.2005348310511, -21.2000103266489, -21.1997132571948, -21.1989099305828, -21.1983469819619, -21.197565297535, -21.1964235614334, -21.1954730958423, -21.1948089366191, -21.1936031705865, -21.1921144967241, -21.1907152640364, -21.1891105956166, -21.1850000049875, -21.182885108004, -21.1793972304426, -21.1738076759318, 
-21.174864040291, -21.1758105110935, -21.1770380766925, -21.1779160596246, -21.1789292340426, -21.1799624147787, -21.1810636732944, -21.1822397760887, -21.1828193936437, -21.1827154877732, -21.1818155335043, -21.1809407332729, -21.1803147745523, -21.1797119652805, -21.1791417942043, -21.178973897973, -21.1790783964968, -21.1793175253294, -21.1799513890909, -21.1805796995387, -21.1815540367341, -21.1826839845224, -21.1835684533652, -21.1843553466652, -21.1849157322183, -21.1856188626631, -21.1864157879007, 
-21.1866360849296, -21.1869980836368, -21.1878821324961, -21.1889922835081, -21.1902150467275, -21.1913946424887, -21.1929401076389, -21.1940949486614, -21.1949550332862, -21.1954698996539, -21.1957778787837, -21.1958848990065, -21.1957836632232, -21.1950143435752, -21.1946316469713, -21.1946171516986, -21.1951521943564, -21.1959908760158, -21.1961963342311, -21.1967339984127, -21.197078812874, -21.1973099584249, -21.1974034240658, -21.1978188820726, -21.1983252543436, -21.1988542373695, -21.1994740420294, 
-21.1999333797575, -21.2003928550818, -21.2013186055043, -21.2017328206481, -21.2026586376205, -21.2037828873043, -21.204574325778, -21.2052691608762, -21.2057939251823, -21.2066018509271, -21.207579928403, -21.2079788595685, -21.2083931088864, -21.2098038591916, -21.2105225479078, -21.2109869829932, -21.2114323587466, -21.2114951664989, -21.2120757939926))
"KELILALINA_AMBOHINIHAONANA","<b>Fokontany:</b> Ambohinihaonana<br><b>Mois:</b> 2024-11-01<br><b>Cas Prédit:</b> 77<br><b>Éventail:</b> 59 - 101",2024-11-01,61.1925015690473,"AMBOHINIHAONANA","KELILALINA","KELILALINA",list(c(47.6175106051452, 47.6172907793609, 47.6175572727649, 47.6176848281073, 47.6175188528278, 47.6169005671224, 47.6165253717635, 47.6161406732684, 47.6161832993348, 47.6163920247872, 47.6164924277984, 47.6166274259301, 47.6167281257176, 47.6168063298635, 47.6167236983553, 47.6164077656211, 47.6158900430063, 47.6151675663453, 47.6141150537818, 47.6138396373046, 47.6133430118856, 47.6124996078857, 47.6117019856731, 47.6109717550574, 47.6103251676872, 47.6102721337669, 47.6104794643708, 47.6105604276367, 
47.6105945119423, 47.6103717058047, 47.6097682139469, 47.6094581861614, 47.6088631146561, 47.6082841967733, 47.6077260945985, 47.6070649184262, 47.6068927594082, 47.6064122588335, 47.6056525799174, 47.605065361292, 47.6042873443001, 47.6036667149615, 47.6030535104257, 47.6024400801601, 47.6020857005092, 47.6019610562722, 47.6014148548262, 47.6010187646188, 47.6006155454855, 47.6003044115339, 47.5998594881393, 47.5995549255339, 47.5991688987401, 47.598813887765, 47.5983947317457, 47.5979988726641, 
47.5972589878262, 47.5967134716635, 47.5951673248261, 47.5944005394671, 47.5926263236596, 47.5912734510224, 47.589357551523, 47.5882301461176, 47.588229999528, 47.5815999995516, 47.5718299995647, 47.5726119852641, 47.5740839874954, 47.5746561460738, 47.5753288857291, 47.5764125004462, 47.5773815325415, 47.5784147294662, 47.5790990577854, 47.5798285797353, 47.5804934764031, 47.582370019771, 47.5841509229373, 47.5861417233725, 47.5877384408871, 47.5894096501461, 47.5909199940735, 47.5921686208963, 
47.5925005004089, 47.5935369807583, 47.5944133943739, 47.5955233133616, 47.5965222227338, 47.5973677014697, 47.5981967118204, 47.5994486193701, 47.6007104266568, 47.601509885285, 47.6026598618752, 47.6041628070802, 47.6054590664951, 47.6069927235478, 47.6073525917613, 47.6082616885388, 47.6090085844914, 47.6096052594881, 47.6102340492749, 47.6105213790715, 47.6108920445453, 47.6114546001631, 47.6119925467322, 47.6121012253049, 47.6119128371215, 47.6110913199221, 47.6104556071542, 47.6100449299432, 
47.6100946462646, 47.6107074290185, 47.6117502118169, 47.6128546521346, 47.6134763948341, 47.614069596649, 47.6149185836402, 47.615928712055, 47.616384572105, 47.6169226913439, 47.6175106051452, -21.2362369270121, -21.2369006563594, -21.2372803708114, -21.2378276001822, -21.238411916695, -21.2388329154247, -21.2391962981885, -21.239836923053, -21.2406416076411, -21.2413237452114, -21.2418265723548, -21.2425120545037, -21.2430143132758, -21.2435641533784, -21.2443290825362, -21.2448743819619, -21.2453364365418, 
-21.2456469607529, -21.2462488518169, -21.2466307156487, -21.2470226159145, -21.2473847935865, -21.2476755147262, -21.2478477735687, -21.248200646855, -21.2490562492587, -21.2497158237381, -21.2503113709845, -21.2509552307104, -21.2514038952844, -21.2521008123132, -21.2522994509693, -21.2526959854415, -21.252930391934, -21.2530946495083, -21.2531715694222, -21.2531795572006, -21.2534093132988, -21.2530296707924, -21.2526420369104, -21.2523782405734, -21.2522917203966, -21.2523434494007, -21.2528563804273, 
-21.2536102317361, -21.2545154497369, -21.2558323315049, -21.2562658308112, -21.2565610746414, -21.2567371259251, -21.2567114565759, -21.2565414154615, -21.256236464349, -21.2560453233408, -21.2560414859335, -21.2560137733247, -21.2560020155883, -21.2559352688053, -21.2555915605099, -21.2550741769398, -21.2541415583947, -21.2532590518726, -21.2529093936625, -21.2529063503567, -21.2528300060088, -21.2316300059399, -21.2238800055814, -21.2120757939926, -21.2133088517514, -21.214343655764, -21.2149577632188, 
-21.2154149371779, -21.2160388589342, -21.2164754779888, -21.2168360206936, -21.2171245546821, -21.217117156859, -21.2167305203253, -21.2163942017593, -21.2158407688651, -21.2152827044623, -21.2147438666656, -21.2144200819509, -21.2142702809786, -21.2140241023604, -21.213122700183, -21.2124595050331, -21.2120159683935, -21.2118086045149, -21.2119534322365, -21.2122609545107, -21.2126411599927, -21.2132053200004, -21.2138827873913, -21.2141987632928, -21.2141978190047, -21.2140221877046, -21.2141355994092, 
-21.2144187122844, -21.2148373916628, -21.2154485790189, -21.2160201764199, -21.2167292873563, -21.2174995135209, -21.2184509234, -21.221630235474, -21.2229428760392, -21.2240671778837, -21.2251602723538, -21.2263972754384, -21.2274184475272, -21.2284984325798, -21.2294413807378, -21.2307732497077, -21.2318548229633, -21.2327028090085, -21.2332736419858, -21.233776370204, -21.2344517178927, -21.2349119675334, -21.2351441320161, -21.2355343388585, -21.2362369270121))
"KELILALINA_AMPITAMBE","<b>Fokontany:</b> Ampitambe<br><b>Mois:</b> 2024-11-01<br><b>Cas Prédit:</b> 27<br><b>Éventail:</b> 21 - 36",2024-11-01,62.7513532154498,"AMPITAMBE","KELILALINA","KELILALINA",list(c(47.588229999528, 47.5882301461176, 47.5879526333205, 47.5863621364164, 47.5854067857075, 47.5847908103605, 47.5845750531092, 47.5852011557218, 47.5857376435906, 47.5859865534499, 47.5860339809968, 47.5855204977861, 47.5856839019041, 47.5861622872735, 47.5867525528019, 47.587421499117, 47.5879322825629, 47.5881825018352, 47.5814199993469, 47.5786299992881, 47.575169999807, 47.588229999528, -21.2528300060088, -21.2529063503567, -21.2529056012214, -21.2531175993063, -21.2536921186047, -21.2541587201568, 
-21.2552068215449, -21.2563303823482, -21.2576199615981, -21.2585999249522, -21.2594971695638, -21.2609735380027, -21.2635951256174, -21.2651871153952, -21.2670272775879, -21.2684954397131, -21.2697626042605, -21.2704048515021, -21.2672300054611, -21.2643700057733, -21.2440000053089, -21.2528300060088))
"KELILALINA_ANDRANOMAINTY","<b>Fokontany:</b> Andranomainty<br><b>Mois:</b> 2024-11-01<br><b>Cas Prédit:</b> 73<br><b>Éventail:</b> 56 - 95",2024-11-01,51.3057807781793,"ANDRANOMAINTY","KELILALINA","KELILALINA",list(c(47.5917540433324, 47.5907815299615, 47.5893142194934, 47.5879371658852, 47.5866593623572, 47.5858991213649, 47.5848262283652, 47.5831951774329, 47.5820580647453, 47.5810366786172, 47.5805501247059, 47.5806022458145, 47.5807087363366, 47.5729499999594, 47.5594000001254, 47.5565499999975, 47.5657299997548, 47.5682699999753, 47.5735200001628, 47.5785500000984, 47.5836999992722, 47.587669999788, 47.5917540433324, -21.326362174644, -21.3268632723912, -21.327092547352, -21.3271563479558, -21.3272386377215, 
-21.3277813354085, -21.3289375613869, -21.32979734294, -21.331141413012, -21.3323418532595, -21.3338631698141, -21.3353130127492, -21.3357645146842, -21.3357700059442, -21.3339700056746, -21.3304800057129, -21.319630005392, -21.308230005788, -21.3042200052293, -21.3130500059289, -21.317450005587, -21.3220000058671, -21.326362174644))
"KELILALINA_ANOSY","<b>Fokontany:</b> Anosy<br><b>Mois:</b> 2024-11-01<br><b>Cas Prédit:</b> 34<br><b>Éventail:</b> 26 - 45",2024-11-01,61.5480716449819,"ANOSY","KELILALINA","KELILALINA",list(c(47.5565499999975, 47.5594000001254, 47.5425999997046, 47.5177229100969, 47.5177571706695, 47.5182202360877, 47.5188522184677, 47.519216875571, 47.5198489703663, 47.520310496145, 47.5205984770505, 47.5203213626531, 47.5195574740105, 47.5188432126563, 47.5181512913611, 47.5180253170268, 47.5179220226951, 47.5179167256882, 47.5177403182729, 47.5166788781393, 47.5163806881298, 47.516278099766, 47.5162987230191, 47.5162960016704, 47.5171056028525, 47.5188464834896, 47.5221697077772, 47.527391865854, 
47.5308392010807, 47.5338922285562, 47.5328660139677, 47.5344607107056, 47.5364141577996, 47.5365799999795, 47.5429499996556, 47.5472300000784, 47.5565499999975, -21.3304800057129, -21.3339700056746, -21.3420700059841, -21.3495026517785, -21.3494454351114, -21.3486385229026, -21.3472558224521, -21.3464258444315, -21.3450199954316, -21.3438907491145, -21.3424403081303, -21.3409230268336, -21.3404199937453, -21.3399855006881, -21.3391139227276, -21.3384243468647, -21.3373434139266, -21.3361929642937, 
-21.3352045284266, -21.3341044803983, -21.3333465974287, -21.3323576732299, -21.3315293904312, -21.3309231169708, -21.3259432776255, -21.323446276691, -21.3232787635711, -21.3259398323233, -21.3268828578232, -21.325401592576, -21.3224351248492, -21.3196888732126, -21.3192478447822, -21.3193000054609, -21.3164800058196, -21.3262800053848, -21.3304800057129))
"KELILALINA_FOTSIALANANA","<b>Fokontany:</b> Fotsialanana<br><b>Mois:</b> 2024-11-01<br><b>Cas Prédit:</b> 116<br><b>Éventail:</b> 89 - 150",2024-11-01,54.0620961169863,"FOTSIALANANA","KELILALINA","KELILALINA",list(c(47.5807087363366, 47.5809519723732, 47.5812353100792, 47.5813922192932, 47.5810556669033, 47.5802931704113, 47.5793040744412, 47.5786526091483, 47.578429337162, 47.5786520569648, 47.578698145421, 47.5790604957634, 47.5793657949138, 47.5794143403179, 47.5792604591212, 47.578632039855, 47.5780178469643, 47.5776431246488, 47.5771482663977, 47.5763105191334, 47.5760548202921, 47.5764185672815, 47.5770623793439, 47.5777616238185, 47.5778916513973, 47.5776192404544, 47.577546282054, 47.5776782296855, 
47.5779160697898, 47.5782880563678, 47.57843045592, 47.5782823222906, 47.577731997453, 47.5769109047336, 47.5768478766474, 47.5764939835297, 47.5755345148252, 47.5572199994211, 47.5128500001415, 47.513404666906, 47.5145482025516, 47.5145432463878, 47.5146856900066, 47.5149493955121, 47.5153855918855, 47.5159236733528, 47.5167558088474, 47.5176118195438, 47.5183216427437, 47.5190063604692, 47.5196413519809, 47.5201758514484, 47.5203940287755, 47.5204619959383, 47.5204572259341, 47.520082477538, 47.5197841571268, 
47.5183976156709, 47.5168639154505, 47.5162947992786, 47.5157738543928, 47.5155470669564, 47.5156902273349, 47.515906081713, 47.5164653593016, 47.5169284355115, 47.5177229100969, 47.5425999997046, 47.5594000001254, 47.5729499999594, 47.5807087363366, -21.3357645146842, -21.3367957861597, -21.3379589495084, -21.3390580721342, -21.3401577955071, -21.3406541996926, -21.3410691873538, -21.3422749569836, -21.3436459806368, -21.3455264792219, -21.3468617665149, -21.347651812838, -21.3492286004759, -21.3501489603621, 
-21.3505017104412, -21.350738639532, -21.3512515067068, -21.3525597882581, -21.3534590725321, -21.3539362267291, -21.3556309253795, -21.3564441103597, -21.3574292196345, -21.3585268421912, -21.3591203569697, -21.360032213766, -21.3609810749665, -21.3625426883433, -21.3637767254639, -21.3647512883891, -21.3655744666356, -21.3665040913376, -21.3672902975556, -21.3685502972042, -21.368639811224, -21.3691424216308, -21.3705050815888, -21.3718500042171, -21.3794700048729, -21.3789513973255, -21.3779410737585, 
-21.3768363582489, -21.3757775306467, -21.3743729901603, -21.3731061844425, -21.3725285417988, -21.3719043655344, -21.3710497074189, -21.3704714901084, -21.3698014196415, -21.3689707905117, -21.367680181538, -21.3670814902618, -21.3658616993019, -21.3648264186487, -21.3635164032046, -21.3627122483171, -21.3604401912085, -21.3581459415298, -21.3572278335459, -21.3561027924589, -21.3549069495457, -21.3539864169895, -21.3528350851217, -21.3516363364991, -21.3508294269883, -21.3495026517785, -21.3420700059841, 
-21.3339700056746, -21.3357700059442, -21.3357645146842))
"KELILALINA_KELILALINA","<b>Fokontany:</b> Kelilalina<br><b>Mois:</b> 2024-11-01<br><b>Cas Prédit:</b> 235<br><b>Éventail:</b> 181 - 305",2024-11-01,57.6479572041241,"KELILALINA","KELILALINA","KELILALINA",list(c(47.569870000013, 47.5645799997801, 47.5669999998637, 47.5666799994963, 47.5682699999753, 47.5657299997548, 47.5565499999975, 47.5472300000784, 47.5429499996556, 47.5365799999795, 47.5364141577996, 47.5365348737979, 47.5355617713709, 47.5331541180799, 47.5312170404455, 47.5296017699168, 47.5279860173516, 47.5263731480127, 47.5251631218906, 47.5238299992649, 47.5223437940404, 47.5204978806818, 47.5192158350518, 47.5172933678033, 47.5150510206964, 47.5139284914148, 47.5125665949803, 47.5119500008995, 
47.512542299795, 47.5124512821085, 47.5119609330581, 47.5116071082887, 47.5107383712858, 47.5101589075144, 47.5101442296792, 47.5106299993816, 47.5149143048581, 47.5178625118524, 47.5220842434004, 47.5265707578418, 47.5273382455711, 47.5277765445593, 47.5279455829298, 47.5324300001524, 47.5556799994429, 47.569870000013, -21.270800005514, -21.2857800056325, -21.2918300058368, -21.298200005509, -21.308230005788, -21.319630005392, -21.3304800057129, -21.3262800053848, -21.3164800058196, -21.3193000054609, 
-21.3192478447822, -21.3192205908277, -21.3175080415338, -21.3143228119208, -21.3103154877442, -21.3068271344411, -21.3032643145746, -21.3000736944253, -21.2976248809645, -21.2959300051475, -21.2924320452863, -21.2899129165328, -21.2884323518573, -21.2862859264411, -21.283843769762, -21.2824365636851, -21.2808820099861, -21.2794700042274, -21.2776063958097, -21.2760435512608, -21.2741855087471, -21.2722893502672, -21.2693831964728, -21.2674016383715, -21.2654164092375, -21.2637800055413, -21.2612823588939, 
-21.2590130743954, -21.2571324579993, -21.2557854579363, -21.2539750444175, -21.251994619462, -21.2514416434232, -21.2529800057282, -21.2593700054249, -21.270800005514))
"KELILALINA_KIANJANOMBY","<b>Fokontany:</b> Kianjanomby<br><b>Mois:</b> 2024-11-01<br><b>Cas Prédit:</b> 63<br><b>Éventail:</b> 48 - 83",2024-11-01,48.093696797997,"KIANJANOMBY","KELILALINA","KELILALINA",list(c(47.588229999528, 47.575169999807, 47.5640200000331, 47.5588199994527, 47.5718299995647, 47.5815999995516, 47.588229999528, -21.2528300060088, -21.2440000053089, -21.2422500055465, -21.2343000058578, -21.2238800055814, -21.2316300059399, -21.2528300060088))
"KELILALINA_MANDRIVANY","<b>Fokontany:</b> Mandrivany<br><b>Mois:</b> 2024-11-01<br><b>Cas Prédit:</b> 50<br><b>Éventail:</b> 39 - 65",2024-11-01,31.9586914448582,"MANDRIVANY","KELILALINA","KELILALINA",list(c(47.5588199994527, 47.5640200000331, 47.575169999807, 47.5786299992881, 47.5814199993469, 47.5881825018352, 47.5883029660233, 47.5883268511176, 47.5882621583863, 47.5879285269943, 47.5875405864434, 47.5870928976336, 47.586503340771, 47.586308215766, 47.5851627267927, 47.5844301228661, 47.5837457900503, 47.5835007697588, 47.5833257715811, 47.5828488853817, 47.5824506206136, 47.5810479615081, 47.579704248466, 47.5798499997915, 47.569870000013, 47.5556799994429, 47.5324300001524, 47.5279455829298, 
47.5284915568473, 47.5293425457292, 47.5302036555817, 47.5305401387238, 47.530551295713, 47.5304602033829, 47.5306689738013, 47.5315228045409, 47.5328285446087, 47.5344534315877, 47.5359345637364, 47.5372334599637, 47.5388325633797, 47.5408887247427, 47.5419886135917, 47.5432480232858, 47.5441910838598, 47.5446551610151, 47.544503995771, 47.5447902220993, 47.5455206064989, 47.5458114355574, 47.5454484889646, 47.5446180630811, 47.5438726860834, 47.5439380775881, 47.5436255784654, 47.543572438425, 
47.5439751566358, 47.5443730041184, 47.5509999994588, 47.5588199994527, -21.2343000058578, -21.2422500055465, -21.2440000053089, -21.2643700057733, -21.2672300054611, -21.2704048515021, -21.2707140492132, -21.2720963656533, -21.2732066398724, -21.2743515245005, -21.275407593882, -21.2762580323784, -21.2766667508658, -21.2768020223913, -21.2765785201785, -21.2762431998598, -21.2754220648728, -21.2751372603728, -21.2749338499139, -21.2748051839088, -21.2746977293135, -21.2747396062445, -21.2749633998375, 
-21.2764500043599, -21.270800005514, -21.2593700054249, -21.2529800057282, -21.2514416434232, -21.2496555835455, -21.2480252601657, -21.2470632661655, -21.2459641687207, -21.2447644740112, -21.2435005326341, -21.2423147747183, -21.2402694960528, -21.2383877582019, -21.2369521326491, -21.2365381135577, -21.2368704679123, -21.2377653428104, -21.2393769252184, -21.2406177612136, -21.2411360575956, -21.2407927378074, -21.2397797009858, -21.2383112537756, -21.2371910141688, -21.2365578159057, -21.2355295634544, 
-21.2347162507706, -21.2343859099981, -21.2337975708178, -21.2331716399761, -21.2323788723045, -21.2313670324804, -21.2301263367796, -21.2296318202711, -21.2329700056787, -21.2343000058578))
"MAROHARATRA_AMBALAVOLO","<b>Fokontany:</b> Ambalavolo<br><b>Mois:</b> 2024-11-01<br><b>Cas Prédit:</b> 210<br><b>Éventail:</b> 163 - 270",2024-11-01,173.257132909407,"AMBALAVOLO","MAROHARATRA","MAROHARATRA",list(c(47.8777437662722, 47.8566799999911, 47.8360700001383, 47.8130799993486, 47.8149500001471, 47.8138199992967, 47.8227278606059, 47.823431183506, 47.8293065848354, 47.8313777774671, 47.8330663202593, 47.8342297354188, 47.8352252192734, 47.8367021030247, 47.8376275935438, 47.8382290781148, 47.8384412380781, 47.8388401377677, 47.8393684400071, 47.840388264013, 47.8421192440139, 47.8444143759289, 47.8463680757325, 47.848719561865, 47.850167011705, 47.8514751934323, 47.8528451666782, 47.8540583044544, 
47.8547294208334, 47.8549739141223, 47.8550693061112, 47.8552686867082, 47.8561873091048, 47.8568045264156, 47.8573300758302, 47.8575870229306, 47.8589111478388, 47.8599654725362, 47.8609500053462, 47.8621228031327, 47.8635861287049, 47.8653387850651, 47.8664781838295, 47.8672707644427, 47.8680036012938, 47.8695168689175, 47.8701064329748, 47.8703091851301, 47.8700236827561, 47.8697147296604, 47.869974539303, 47.8708984488139, 47.8726524316742, 47.8744262544781, 47.8764864475018, 47.8777437662722, 
-20.7064285420594, -20.7230300063357, -20.739930005961, -20.753070005764, -20.7237700062842, -20.6973500056156, -20.6889279652756, -20.6892819258422, -20.6904393209396, -20.690926157238, -20.6908328939446, -20.6899975451728, -20.6889066846186, -20.688304758481, -20.6885467732381, -20.6891753031206, -20.6911788298609, -20.6922188589344, -20.6928462835501, -20.693296394234, -20.6936407806182, -20.6938772357665, -20.6940408026616, -20.6938177716937, -20.6935377614797, -20.6927959619857, -20.6927672205525, 
-20.693357925849, -20.6942404269752, -20.6957609710123, -20.697440811064, -20.6987539750346, -20.6994097462811, -20.69907271815, -20.698297799323, -20.6975420288609, -20.6911671080984, -20.6894563403617, -20.6890778822626, -20.6891387663651, -20.6894106350169, -20.6898929261416, -20.6905513342003, -20.6914581817728, -20.6930311059232, -20.6978560271538, -20.6992432646841, -20.700326609604, -20.7013575591222, -20.7023192653394, -20.7028974448785, -20.7032770325261, -20.7036903528445, -20.7044258372992, 
-20.7056246479753, -20.7064285420594))
"MAROHARATRA_AMBINANINDRANO","<b>Fokontany:</b> Ambinanindrano<br><b>Mois:</b> 2024-11-01<br><b>Cas Prédit:</b> 32<br><b>Éventail:</b> 24 - 43",2024-11-01,41.0910489282167,"AMBINANINDRANO","MAROHARATRA","MAROHARATRA",list(c(47.8227278606059, 47.8138199992967, 47.8149500001471, 47.7765500000826, 47.7933699996265, 47.7915199997483, 47.8014305304946, 47.8014309666658, 47.8014147995535, 47.8010573649056, 47.8002139564091, 47.8001041177111, 47.8007229609962, 47.8020237287126, 47.802513415862, 47.8042792760685, 47.806074518925, 47.8083317740935, 47.8100514253347, 47.8122601728706, 47.8130442458972, 47.8144495121374, 47.8162151744931, 47.8178353526221, 47.8186479089766, 47.8194446831286, 47.8204893850802, 47.8216529630171, 
47.8221800008098, 47.8225024491322, 47.8224797736262, 47.8227278606059, -20.6889279652756, -20.6973500056156, -20.7237700062842, -20.7130700056833, -20.6928000062339, -20.6848300056229, -20.6653540571775, -20.6654075290677, -20.6664187726411, -20.6675021562319, -20.6689117383176, -20.6703838340774, -20.6714357881614, -20.6721374023491, -20.6722938601034, -20.6730826671608, -20.6745379581891, -20.6756671973118, -20.6768475422081, -20.6780459868601, -20.6783152339881, -20.6787810873045, -20.6788403436341, 
-20.6814824510801, -20.682642864302, -20.6832512709544, -20.6836787241187, -20.6843146617169, -20.6850115958327, -20.6862346351439, -20.6876365846834, -20.6889279652756))
"MAROHARATRA_AMBODIMANGA","<b>Fokontany:</b> Ambodimanga<br><b>Mois:</b> 2024-11-01<br><b>Cas Prédit:</b> 97<br><b>Éventail:</b> 75 - 126",2024-11-01,139.804178257924,"AMBODIMANGA","MAROHARATRA","MAROHARATRA",list(c(47.8804268486329, 47.865679999544, 47.8593699999371, 47.8341499997321, 47.8346894175914, 47.8354638318986, 47.8360700001383, 47.8566799999911, 47.8777437662722, 47.8787620830144, 47.8800223245813, 47.8804413897691, 47.8804327203046, 47.8804257523574, 47.8793356823067, 47.878343607782, 47.8773286581018, 47.8768741092635, 47.8767341109013, 47.8765498551025, 47.8771976799399, 47.8784503725978, 47.8799208702633, 47.8817614470446, 47.8829418468005, 47.8831244955108, 47.8825062161009, 47.8816877035366, 
47.8811600110376, 47.880614623478, 47.8798655727499, 47.8804159083795, 47.8811095608697, 47.8811981126151, 47.8807030547145, 47.8804979733152, 47.8804443089702, 47.8806966389513, 47.8806554967664, 47.8803960900202, 47.8801145320727, 47.8804268486329, -20.7441098003231, -20.7521500056094, -20.7618200054745, -20.7703200062432, -20.7617824075165, -20.7495249178316, -20.739930005961, -20.7230300063357, -20.7064285420594, -20.7070796197442, -20.707681590848, -20.7080918822497, -20.7086524782441, -20.7091030817564, 
-20.7101932750135, -20.7113057876452, -20.7126025237, -20.7137099731486, -20.7145155948304, -20.7157816747952, -20.7172237107158, -20.7179708314985, -20.7184626482422, -20.7193194188653, -20.7201585636756, -20.721513020018, -20.7234494483404, -20.7248365761533, -20.7260135180151, -20.7278573107709, -20.7288526336462, -20.7303186077209, -20.7313927264959, -20.7331386199533, -20.7351660227946, -20.7368917957197, -20.7391446918727, -20.7400616190467, -20.7409126987598, -20.741972224236, -20.7433542780739, 
-20.7441098003231))
"MAROHARATRA_AMBOHITSARA EST","<b>Fokontany:</b> Ambohitsara Est<br><b>Mois:</b> 2024-11-01<br><b>Cas Prédit:</b> 72<br><b>Éventail:</b> 54 - 95",2024-11-01,54.7939822728452,"AMBOHITSARA EST","MAROHARATRA","MAROHARATRA",list(c(47.8374699999526, 47.812880000021, 47.8238829975113, 47.8283605556042, 47.8341499997321, 47.8593699999371, 47.8781499999369, 47.858149999436, 47.8391384743729, 47.8379844787125, 47.8374699999526, -20.8126700058737, -20.8052800059278, -20.7827927000957, -20.7768081300673, -20.7703200062432, -20.7618200054745, -20.7772800061458, -20.7917700061506, -20.8037886035236, -20.8080792959828, -20.8126700058737))
"MAROHARATRA_AMPASIMADINIKA","<b>Fokontany:</b> Ampasimadinika<br><b>Mois:</b> 2024-11-01<br><b>Cas Prédit:</b> 43<br><b>Éventail:</b> 32 - 56",2024-11-01,47.0031332617938,"AMPASIMADINIKA","MAROHARATRA","MAROHARATRA",list(c(47.8341499997321, 47.8123999994683, 47.7836999997605, 47.7675022285479, 47.7741458631446, 47.7994499994236, 47.8020700105281, 47.8130799993486, 47.8360700001383, 47.8354638318986, 47.8346894175914, 47.8341499997321, -20.7703200062432, -20.7839000056523, -20.790980005689, -20.7807496058804, -20.7784253701072, -20.7695700058296, -20.7632456539457, -20.753070005764, -20.739930005961, -20.7495249178316, -20.7617824075165, -20.7703200062432))
"MAROHARATRA_AMPASIMADINIKAKELY","<b>Fokontany:</b> Ampasimadinikakely<br><b>Mois:</b> 2024-11-01<br><b>Cas Prédit:</b> 65<br><b>Éventail:</b> 50 - 85",2024-11-01,70.9308047571525,"AMPASIMADINIKAKELY","MAROHARATRA","MAROHARATRA",list(c(47.7511299996492, 47.7675022285479, 47.7539999998036, 47.7269499997423, 47.7121199984365, 47.7031199988849, 47.70043342266, 47.7008148089518, 47.7008715067102, 47.7006996426698, 47.7009173883221, 47.7016392309611, 47.7034688054366, 47.7047631492957, 47.7045651851308, 47.7050841730917, 47.7069145119908, 47.7091757529545, 47.7123687617051, 47.7137548067351, 47.7147082850553, 47.7155036913382, 47.7160708667729, 47.7170649216047, 47.7184169299934, 47.7194158447615, 47.7189726993267, 47.7198705123104, 
47.721043542122, 47.7224496429331, 47.7240129839086, 47.7255012548756, 47.7268353307827, 47.7289680883037, 47.7307472278995, 47.7312370427525, 47.7305239136447, 47.7292255660039, 47.7269476624011, 47.7262819833232, 47.7242086197281, 47.7225417838721, 47.7206759496309, 47.719370232046, 47.7175344333626, 47.7169031029907, 47.7163112861317, 47.7150330967945, 47.713896043462, 47.7184299989402, 47.7428299991033, 47.7511299996492, -20.7481700055285, -20.7807496058804, -20.8148000060676, -20.7957300061956, 
-20.7811300056129, -20.7752500060532, -20.7745504081453, -20.7724715191169, -20.7721624652973, -20.769694339795, -20.7673023760781, -20.7666235246306, -20.7680603624698, -20.7680829669295, -20.7657296452822, -20.7629052515529, -20.7617851522405, -20.7623769726965, -20.7627772195704, -20.7593688079033, -20.7555610792617, -20.7523727182093, -20.7495953617211, -20.7487597314615, -20.7495891375133, -20.7484779531802, -20.7473871456861, -20.7464585057418, -20.7476996654929, -20.7482536937386, -20.7470366331204, 
-20.7458873067408, -20.7463707067296, -20.7472596470015, -20.7462305968516, -20.7449024474777, -20.743900089206, -20.7428180141289, -20.7405904617702, -20.7396577290113, -20.7394604546265, -20.7385103721467, -20.7364512655051, -20.7357604063097, -20.7346924101191, -20.7319860838845, -20.7297644166894, -20.7289129772474, -20.7270736145519, -20.7280200062143, -20.7410800059279, -20.7481700055285))
"MAROHARATRA_AMPASIMPOTSY","<b>Fokontany:</b> Ampasimpotsy<br><b>Mois:</b> 2024-11-01<br><b>Cas Prédit:</b> 35<br><b>Éventail:</b> 27 - 46",2024-11-01,57.5864535681577,"AMPASIMPOTSY","MAROHARATRA","MAROHARATRA",list(c(47.7390283139022, 47.750829998404, 47.7574299996943, 47.7511299996492, 47.7428299991033, 47.7184299989402, 47.713896043462, 47.7157430674831, 47.7162817982609, 47.7169021766885, 47.7159609435368, 47.7176431964705, 47.7196813516074, 47.7200090708561, 47.7216211290062, 47.7224139254566, 47.72285244298, 47.726269998956, 47.7390283139022, -20.7213697867868, -20.7304800063437, -20.7386000057782, -20.7481700055285, -20.7410800059279, -20.7280200062143, -20.7270736145519, -20.7264453319832, -20.7262620753313, 
-20.7232550940458, -20.7201519131803, -20.7178314320762, -20.7160231652393, -20.7142553193309, -20.7130159078619, -20.7111864305145, -20.7094209453264, -20.7115200061485, -20.7213697867868))
"MAROHARATRA_ANIVORANO","<b>Fokontany:</b> Anivorano<br><b>Mois:</b> 2024-11-01<br><b>Cas Prédit:</b> 33<br><b>Éventail:</b> 23 - 46",2024-11-01,47.2215292850138,"ANIVORANO","MAROHARATRA","MAROHARATRA",list(c(47.8824916569809, 47.8689799997424, 47.8374699999526, 47.8379844787125, 47.8391384743729, 47.858149999436, 47.8781499999369, 47.8593699999371, 47.865679999544, 47.8804268486329, 47.8807391759851, 47.881700424448, 47.8832074813534, 47.8850524207461, 47.886552268686, 47.8873264995322, 47.8877603306888, 47.887488682371, 47.8872603786778, 47.8870346443478, 47.8867264916486, 47.88620312309, 47.8862168098724, 47.8867411640881, 47.887752297945, 47.889376533815, 47.8908588117001, 47.8909280424106, 
47.8904922570276, 47.8900297168137, 47.889352974276, 47.8892956874619, 47.8887254921036, 47.888304809935, 47.8872759324543, 47.8865560980015, 47.8863439839038, 47.8861125280868, 47.8858338137956, 47.8858472235867, 47.8855194332916, 47.8853730155686, 47.8850331051101, 47.8848399469225, 47.8842093530956, 47.8834569847685, 47.883240869587, 47.8824916569809, -20.8101930616218, -20.8110300057903, -20.8126700058737, -20.8080792959828, -20.8037886035236, -20.7917700061506, -20.7772800061458, -20.7618200054745, 
-20.7521500056094, -20.7441098003231, -20.744865344156, -20.745798897996, -20.7476463348048, -20.7489856654498, -20.750005542515, -20.7518376557756, -20.7539707010782, -20.7563868709473, -20.7582505755926, -20.7603214372723, -20.7614276654416, -20.7630646617911, -20.764627129524, -20.7658635156736, -20.7669117609535, -20.7681145772098, -20.769847526725, -20.7721913713165, -20.7753902076721, -20.7784289458177, -20.7820436026067, -20.7838369811673, -20.7857272751681, -20.7879375110806, -20.7904526396495, 
-20.7919529831148, -20.7928743646309, -20.7943480018287, -20.7960280837979, -20.7981872274264, -20.8009527128638, -20.8010222547395, -20.8018272945598, -20.802723674923, -20.8045868013041, -20.8065875626292, -20.8082885628292, -20.8101930616218))
"MAROHARATRA_ANTANJOMANGA","<b>Fokontany:</b> Antanjomanga<br><b>Mois:</b> 2024-11-01<br><b>Cas Prédit:</b> 31<br><b>Éventail:</b> 21 - 46",2024-11-01,37.1913688479066,"ANTANJOMANGA","MAROHARATRA","MAROHARATRA",list(c(47.803429655954, 47.8030217945203, 47.8024405060246, 47.8021982853226, 47.8014245886739, 47.8014305304946, 47.7915199997483, 47.7611699985923, 47.7512199983984, 47.7644699996855, 47.7850799995398, 47.8030199994735, 47.803429655954, -20.6624053465646, -20.6627957359693, -20.6633689962168, -20.6636078705412, -20.6646256710717, -20.6653540571775, -20.6848300056229, -20.6646800063089, -20.6563700062063, -20.6404800063917, -20.6497700049226, -20.662230004846, -20.6624053465646))
"MAROHARATRA_BETAMPONA NORD","<b>Fokontany:</b> Betampona Nord<br><b>Mois:</b> 2024-11-01<br><b>Cas Prédit:</b> 22<br><b>Éventail:</b> 16 - 30",2024-11-01,22.2151762715903,"BETAMPONA NORD","MAROHARATRA","MAROHARATRA",list(c(47.7512199983984, 47.7611699985923, 47.7915199997483, 47.7933699996265, 47.7765500000826, 47.7631299999488, 47.7605810379829, 47.7587799989956, 47.756120589491, 47.7483437587537, 47.746635667398, 47.7465199983948, 47.7377799991422, 47.7274622589691, 47.7286132958598, 47.7293389965902, 47.7299232699357, 47.7310304918566, 47.7332591809596, 47.7339851056213, 47.7333931232871, 47.7327582405932, 47.7332219022617, 47.7337229487479, 47.7356971494967, 47.736931312523, 47.7381981335301, 47.7391782146958, 
47.740706277066, 47.7418913757794, 47.742132087419, 47.7427481868724, 47.7449906967565, 47.7465129351172, 47.7475950677516, 47.7512199983984, -20.6563700062063, -20.6646800063089, -20.6848300056229, -20.6928000062339, -20.7130700056833, -20.7236700061666, -20.7139141606157, -20.7070200054781, -20.7027780059116, -20.6973820511545, -20.693515652541, -20.6884500061812, -20.6867200055426, -20.6801961957196, -20.6762767892662, -20.6728568240089, -20.6704479341517, -20.670006030681, -20.6709428355703, 
-20.6700340607507, -20.6690561649379, -20.666557071281, -20.6650370335622, -20.6633944281412, -20.6610789400732, -20.6604090908395, -20.6592788606641, -20.6565999142893, -20.6545988220139, -20.6539513317249, -20.6528497269701, -20.6513167704903, -20.6502491187403, -20.6488108545765, -20.6505487530609, -20.6563700062063))
"MAROHARATRA_MAHATSARA","<b>Fokontany:</b> Mahatsara<br><b>Mois:</b> 2024-11-01<br><b>Cas Prédit:</b> 68<br><b>Éventail:</b> 49 - 93",2024-11-01,61.1419444893035,"MAHATSARA","MAROHARATRA","MAROHARATRA",list(c(47.812880000021, 47.7978999998935, 47.7849699998731, 47.7539999998036, 47.7675022285479, 47.7836999997605, 47.8123999994683, 47.8341499997321, 47.8283605556042, 47.8238829975113, 47.812880000021, -20.8052800059278, -20.8214500060638, -20.8289000060767, -20.8148000060676, -20.7807496058804, -20.790980005689, -20.7839000056523, -20.7703200062432, -20.7768081300673, -20.7827927000957, -20.8052800059278))
"MAROHARATRA_MALAZAMASINA NORD","<b>Fokontany:</b> Malazamasina Nord<br><b>Mois:</b> 2024-11-01<br><b>Cas Prédit:</b> 32<br><b>Éventail:</b> 22 - 48",2024-11-01,47.9955682856083,"MALAZAMASINA NORD","MAROHARATRA","MAROHARATRA",list(c(47.803429655954, 47.8030199994735, 47.7850799995398, 47.7644699996855, 47.7512199983984, 47.7475950677516, 47.7465129351172, 47.7469303230692, 47.7488121949202, 47.7504682299183, 47.7515177873094, 47.7523415600082, 47.7521383905674, 47.751902619803, 47.7510044362984, 47.7478505066878, 47.7463284760703, 47.7482746494476, 47.7492078219754, 47.7492218594929, 47.7475586425087, 47.7472491920878, 47.7469653390703, 47.7464821639117, 47.7474479728367, 47.7472847278988, 47.7468476609815, 47.7457052000253, 
47.744911088766, 47.7433646379576, 47.7428108210522, 47.741786235136, 47.7397451697928, 47.7384282592456, 47.7377558325542, 47.736315796725, 47.7356787934297, 47.736993627442, 47.7386160745604, 47.7413460053024, 47.7444100485738, 47.7455776500777, 47.7469683221196, 47.7493245944438, 47.7491945416839, 47.7512500879105, 47.7552926043598, 47.75675745788, 47.7563807219823, 47.7556886478021, 47.7566795640001, 47.7591230993412, 47.7596984064458, 47.7598737796408, 47.7607101185667, 47.7610909535743, 47.7616594950794, 
47.7624434763752, 47.7634424828742, 47.7650496873832, 47.7657888851391, 47.7664058182643, 47.7679712213853, 47.7689997778082, 47.7701300142796, 47.7715274042573, 47.7729218138818, 47.7749006497366, 47.777095866073, 47.7782691027287, 47.7792267727892, 47.7799888367075, 47.7811165532785, 47.7820188619732, 47.7826574516725, 47.7830061592993, 47.7836218018972, 47.7847243608333, 47.7856268754727, 47.786455256298, 47.7875074549981, 47.7876889903477, 47.7881244016131, 47.7886996133899, 47.7885207724092, 
47.7888658989357, 47.7888067226458, 47.7884278058923, 47.7878274634604, 47.7874432802769, 47.786816118263, 47.7862212095349, 47.7859653668021, 47.7852459064673, 47.78493362588, 47.7847662017926, 47.7847718504344, 47.7852435358545, 47.786082735524, 47.7866491258508, 47.7868488140158, 47.7863963066386, 47.7861815386414, 47.7861394503697, 47.7867618945403, 47.7877488411308, 47.7885145607932, 47.7889423979682, 47.788958819589, 47.7885038831428, 47.7878534844459, 47.7875720389137, 47.7878066693376, 47.7881591613116, 
47.789370522927, 47.7904587763473, 47.7908618992532, 47.7911136536682, 47.7905613728051, 47.7893495129656, 47.7875538573205, 47.7861505327168, 47.7848247881293, 47.7839840668071, 47.7834139982533, 47.7828674865411, 47.7826847335097, 47.7826513165011, 47.7824943614218, 47.7826729478945, 47.7830468275454, 47.7835670295912, 47.7843552916599, 47.7848186385659, 47.7855492235146, 47.7864253115757, 47.7868193450336, 47.7870487602889, 47.7871300383175, 47.7867959320836, 47.78648579548, 47.7866662390527, 
47.7873122859305, 47.7880585352706, 47.7895083880992, 47.791149699397, 47.7925532506301, 47.7936391694104, 47.7938709211044, 47.7941778741081, 47.7936994923362, 47.793344475066, 47.7937705306841, 47.7946833515543, 47.7960355973639, 47.7974352212576, 47.7986563261279, 47.8005812359348, 47.8021933876145, 47.8035163829746, 47.8041814738959, 47.8045861175553, 47.8044724162692, 47.8037973347794, 47.803634183371, 47.803429655954, -20.6624053465646, -20.662230004846, -20.6497700049226, -20.6404800063917, 
-20.6563700062063, -20.6505487530609, -20.6488108545765, -20.648416486571, -20.6457995232703, -20.6435009838256, -20.6409846096956, -20.6362760283621, -20.6345027172736, -20.6324448031333, -20.6309318107033, -20.6286201393578, -20.6265207403908, -20.6243656805839, -20.6215712981306, -20.6157888201547, -20.6134336081323, -20.6117467425768, -20.6100370998919, -20.6085084988285, -20.6065206481709, -20.605697142571, -20.6034922891009, -20.5994642049742, -20.5976076661269, -20.5955541172957, -20.59261852959, 
-20.5900901630004, -20.5871064822496, -20.5845266501573, -20.5827176989361, -20.5814491656205, -20.5777982679516, -20.5754707856254, -20.5748539325406, -20.5750389068977, -20.5768653814091, -20.5783137503555, -20.5770933415614, -20.5738856244007, -20.5705200087718, -20.5689653840267, -20.5668920312249, -20.5656043693296, -20.5636165231684, -20.5615542895843, -20.5607879538869, -20.5605994029263, -20.5586280161572, -20.5571333618033, -20.5563117258939, -20.5567525807553, -20.5576899612106, -20.5580283662038, 
-20.5577898156354, -20.5572473787518, -20.5580914095788, -20.5589369395756, -20.5593139317798, -20.5597193083865, -20.5605829003673, -20.561352400779, -20.5617080790509, -20.5618520380275, -20.5615804688501, -20.5618000563141, -20.5624588483834, -20.56309543799, -20.5637297541105, -20.5636070227317, -20.564037922098, -20.564908613327, -20.5655931799662, -20.5660893467306, -20.5659891775432, -20.5657755363968, -20.5660648770772, -20.5673506908659, -20.5698986051194, -20.5715714682307, -20.5735957243442, 
-20.5740525952318, -20.5757772601922, -20.5772057559199, -20.5784750752428, -20.5792374179504, -20.5801851370119, -20.5821443163834, -20.5837327520403, -20.5853016481272, -20.5859939831101, -20.5863865335857, -20.5870989792082, -20.5880375755468, -20.5891793790977, -20.589772284136, -20.590322312197, -20.591705080996, -20.5923735119989, -20.5931789151453, -20.5946905001362, -20.5959231621933, -20.5970197909992, -20.598556028206, -20.6006250417791, -20.6017323239538, -20.6028411277813, -20.6042457096366, 
-20.606105823289, -20.6073902826986, -20.6092416342563, -20.6109330350929, -20.6124468683889, -20.613387158151, -20.6145409343762, -20.6156321168876, -20.6170959487771, -20.6187170415154, -20.6209122470585, -20.6226203977681, -20.6246256566026, -20.6265149937249, -20.6281028457218, -20.6299650395061, -20.631759318288, -20.6327001845155, -20.633616384138, -20.6344625652439, -20.6353060888533, -20.6352104513497, -20.6349512622396, -20.6345983457859, -20.6349402167663, -20.6361330388567, -20.637120953117, 
-20.6381352588821, -20.6390116239339, -20.6401590977102, -20.6415327096121, -20.6431816048916, -20.6442948639607, -20.6448787452016, -20.6462452623521, -20.6475690958795, -20.6490842448836, -20.6507597016397, -20.6520049236284, -20.6533643478257, -20.6547396513525, -20.6558124742044, -20.6568575556693, -20.6577650660422, -20.6576854328737, -20.657093830054, -20.6570793950359, -20.6575967875993, -20.6582571336971, -20.6599086379098, -20.660944368224, -20.6620534166672, -20.6622095803431, -20.6624053465646
))
"MAROHARATRA_MALAZAMASINA SUD","<b>Fokontany:</b> Malazamasina Sud<br><b>Mois:</b> 2024-11-01<br><b>Cas Prédit:</b> 110<br><b>Éventail:</b> 79 - 154",2024-11-01,151.029783303359,"MALAZAMASINA SUD","MAROHARATRA","MAROHARATRA",list(c(47.8374699999526, 47.8689799997424, 47.8824916569809, 47.8822455664963, 47.8817382247559, 47.8809606790088, 47.880157663562, 47.8785976069106, 47.8773057334892, 47.8764537202793, 47.8763097361219, 47.876312358545, 47.875852448848, 47.8743656977353, 47.8723889339185, 47.8704607928475, 47.8690710974693, 47.8681451869668, 47.8667550356323, 47.865704070802, 47.8646779065758, 47.8628705975155, 47.8608941853337, 47.8588689930248, 47.8573813183082, 47.8563580427045, 47.8566764359838, 47.8574345320931, 
47.8586574068292, 47.8592936933647, 47.86012605369, 47.8608612944289, 47.8609866617209, 47.8605747659286, 47.8599667055149, 47.8594066895829, 47.8588229675218, 47.8580450530526, 47.8576577932884, 47.8578549453654, 47.8581730679488, 47.8585572565282, 47.8586929813122, 47.8545884125408, 47.8506951053101, 47.8467737509227, 47.8433889329673, 47.8381499998363, 47.8351342681454, 47.8335199742807, 47.8315111667201, 47.8276062303561, 47.8242471285147, 47.8222346553176, 47.8189237409502, 47.8175611781182, 
47.812779999909, 47.8082594047592, 47.8035270471463, 47.7971505084992, 47.7897218538898, 47.7861806213474, 47.783486897311, 47.7938499992871, 47.7978999998935, 47.812880000021, 47.8374699999526, -20.8126700058737, -20.8110300057903, -20.8101930616218, -20.8108186210435, -20.8132096458681, -20.8148431141771, -20.8159472837983, -20.8171221725077, -20.8180893142273, -20.8192858945846, -20.8204353189903, -20.8217223801385, -20.8234931578368, -20.8246216739044, -20.8251762264545, -20.825477449877, -20.826399066116, 
-20.8274116352902, -20.8280340461853, -20.8277599966776, -20.8271865421765, -20.827189179888, -20.8277898946388, -20.8285050256368, -20.8294262398788, -20.8304395599869, -20.8309675627517, -20.8314490148089, -20.8322517631567, -20.8331242943987, -20.8341577737097, -20.8353981015879, -20.8369150312497, -20.838386187218, -20.8395597818031, -20.8404795112645, -20.8415608848704, -20.8431937047682, -20.8447346490265, -20.8455848590952, -20.8459519704481, -20.8459975238077, -20.8468260017592, -20.8459645681512, 
-20.8455627654501, -20.8449604831808, -20.843972908864, -20.8414700056787, -20.8420097014285, -20.8426575451511, -20.8444509704764, -20.8456251550165, -20.8474294819236, -20.8488420470605, -20.8529154570181, -20.8545917762239, -20.8569200058865, -20.8563168108052, -20.8537102625528, -20.8523438137505, -20.8521489531458, -20.850662987142, -20.84953263286, -20.8405000059111, -20.8214500060638, -20.8052800059278, -20.8126700058737))
"MAROHARATRA_MALEMIAMBO","<b>Fokontany:</b> Malemiambo<br><b>Mois:</b> 2024-11-01<br><b>Cas Prédit:</b> 16<br><b>Éventail:</b> 12 - 22",2024-11-01,23.4095904796819,"MALEMIAMBO","MAROHARATRA","MAROHARATRA",list(c(47.8130799993486, 47.8020700105281, 47.7994499994236, 47.7741458631446, 47.7675022285479, 47.7511299996492, 47.8130799993486, -20.753070005764, -20.7632456539457, -20.7695700058296, -20.7784253701072, -20.7807496058804, -20.7481700055285, -20.753070005764))
"MAROHARATRA_MANAKANA","<b>Fokontany:</b> Manakana<br><b>Mois:</b> 2024-11-01<br><b>Cas Prédit:</b> 12<br><b>Éventail:</b> 8 - 18",2024-11-01,22.9015473480972,"MANAKANA","MAROHARATRA","MAROHARATRA",list(c(47.7587799989956, 47.7491999987777, 47.7390283139022, 47.726269998956, 47.72285244298, 47.7231033079655, 47.7235907594002, 47.722929919574, 47.7215007583469, 47.7197703763952, 47.719065855598, 47.7199796279507, 47.7195913393619, 47.7204691730069, 47.7232049070738, 47.7258927234635, 47.7260609920143, 47.7274622589691, 47.7377799991422, 47.7465199983948, 47.746635667398, 47.7483437587537, 47.756120589491, 47.7587799989956, -20.7070200054781, -20.7051800060621, -20.7213697867868, -20.7115200061485, 
-20.7094209453264, -20.7084109491126, -20.7059542584902, -20.7022341885668, -20.7003896997356, -20.7001756601893, -20.6987350550902, -20.6969537984914, -20.6955881797639, -20.6918938646253, -20.6881167911743, -20.684293179606, -20.6838539498197, -20.6801961957196, -20.6867200055426, -20.6884500061812, -20.693515652541, -20.6973820511545, -20.7027780059116, -20.7070200054781))
"MAROHARATRA_MAROHARATRA","<b>Fokontany:</b> Maroharatra<br><b>Mois:</b> 2024-11-01<br><b>Cas Prédit:</b> 69<br><b>Éventail:</b> 53 - 91",2024-11-01,55.6570590980943,"MAROHARATRA","MAROHARATRA","MAROHARATRA",list(c(47.8149500001471, 47.7717699999863, 47.7574299996943, 47.7631299999488, 47.7765500000826, 47.8149500001471, -20.7237700062842, -20.7337800056386, -20.7386000057782, -20.7236700061666, -20.7130700056833, -20.7237700062842))
"MAROHARATRA_SAHOMBY","<b>Fokontany:</b> Sahomby<br><b>Mois:</b> 2024-11-01<br><b>Cas Prédit:</b> 33<br><b>Éventail:</b> 23 - 48",2024-11-01,51.8252055420768,"SAHOMBY","MAROHARATRA","MAROHARATRA",list(c(47.7539999998036, 47.7849699998731, 47.7978999998935, 47.7938499992871, 47.783486897311, 47.7824777293721, 47.7783492323392, 47.7733320117702, 47.770667813376, 47.7694575309472, 47.765782731994, 47.7638093972922, 47.7589355673284, 47.7572161669981, 47.7567195550689, 47.7563678544983, 47.753210163923, 47.7505098514533, 47.7491353744027, 47.7473363903665, 47.7455690399835, 47.7454333646622, 47.7454586428061, 47.7440388570115, 47.7419715845245, 47.7399006329112, 47.7390864730655, 47.739508478137, 
47.7406618056011, 47.7411738885674, 47.7399152702765, 47.7397844189188, 47.7365301456522, 47.7356416037794, 47.7348977646223, 47.734856054965, 47.7352024108645, 47.7343180976039, 47.7328478112791, 47.7303839926287, 47.7279124434058, 47.7263691150437, 47.7255127832893, 47.7248998197718, 47.7220736525775, 47.7194729858898, 47.7171950768912, 47.7145944614648, 47.7130076940492, 47.7126314159065, 47.7131919516468, 47.7109358772883, 47.7081182140834, 47.7036105484866, 47.7013750191402, 47.6999453201186, 
47.6992499984865, 47.7001666108981, 47.7016286288556, 47.7019659915345, 47.7021699991433, 47.7050220623156, 47.7066150827172, 47.7063818453432, 47.7030075494556, 47.7012668253003, 47.699927358857, 47.6991485414683, 47.6992239226422, 47.6997883119772, 47.6974948833781, 47.6970831449669, 47.6983791085048, 47.6992348853775, 47.6999626167769, 47.70043342266, 47.7031199988849, 47.7121199984365, 47.7269499997423, 47.7539999998036, -20.8148000060676, -20.8289000060767, -20.8214500060638, -20.8405000059111, 
-20.84953263286, -20.8493909824431, -20.848811465612, -20.84643906125, -20.8478088564291, -20.846836584077, -20.8459427748754, -20.8461528861827, -20.8466536152076, -20.8458946368638, -20.8453497475289, -20.8446880074819, -20.8440626009449, -20.8446496334099, -20.8441159900972, -20.8429674236445, -20.8422781310679, -20.8413832444787, -20.8397972594743, -20.83790845565, -20.8367635728204, -20.8369973030227, -20.8363870347737, -20.8352558594108, -20.8340457118812, -20.8323611602814, -20.8309828880926, 
-20.8308395964131, -20.8286525090499, -20.8279744741868, -20.8255480700327, -20.8227911470406, -20.8198444104396, -20.8194423954987, -20.8206566007693, -20.8223203600434, -20.8218924994861, -20.8214530817414, -20.8213031647564, -20.8211039847083, -20.8197850309022, -20.8188533116791, -20.8182392321031, -20.8156753162124, -20.8156267681102, -20.8165740752822, -20.8181754728678, -20.8190780972238, -20.8199645517695, -20.8203898492585, -20.819384009711, -20.8182344324204, -20.8139200059531, -20.8099888201796, 
-20.8037119704861, -20.8000278437671, -20.7978000045248, -20.7948332535118, -20.793363182126, -20.7915391357843, -20.789131466307, -20.7881569276634, -20.7890774575214, -20.787904970901, -20.7864348671395, -20.7845744279326, -20.7839742770565, -20.7821820064606, -20.7803681197601, -20.7794731909028, -20.7748881017747, -20.7745504081453, -20.7752500060532, -20.7811300056129, -20.7957300061956, -20.8148000060676))
"MAROHARATRA_SOANIERANA","<b>Fokontany:</b> Soanierana<br><b>Mois:</b> 2024-11-01<br><b>Cas Prédit:</b> 24<br><b>Éventail:</b> 18 - 31",2024-11-01,36.2085903509181,"SOANIERANA","MAROHARATRA","MAROHARATRA",list(c(47.8130799993486, 47.7511299996492, 47.7574299996943, 47.7717699999863, 47.8149500001471, 47.8130799993486, -20.753070005764, -20.7481700055285, -20.7386000057782, -20.7337800056386, -20.7237700062842, -20.753070005764))
"MAROHARATRA_TANAMBAO OUEST","<b>Fokontany:</b> Tanambao Ouest<br><b>Mois:</b> 2024-11-01<br><b>Cas Prédit:</b> 21<br><b>Éventail:</b> 16 - 29",2024-11-01,34.7899126743752,"TANAMBAO OUEST","MAROHARATRA","MAROHARATRA",list(c(47.7587799989956, 47.7605810379829, 47.7631299999488, 47.7574299996943, 47.750829998404, 47.7390283139022, 47.7491999987777, 47.7587799989956, -20.7070200054781, -20.7139141606157, -20.7236700061666, -20.7386000057782, -20.7304800063437, -20.7213697867868, -20.7051800060621, -20.7070200054781))
"MAROTOKO_AMBALAVIA","<b>Fokontany:</b> Ambalavia<br><b>Mois:</b> 2024-11-01<br><b>Cas Prédit:</b> 77<br><b>Éventail:</b> 54 - 111",2024-11-01,129.469072377799,"AMBALAVIA","MAROTOKO","MAROTOKO",list(c(47.6543299999659, 47.6541652558582, 47.6537666250662, 47.6529573386468, 47.6526294080574, 47.6523041961185, 47.6517728280903, 47.6516515715996, 47.651596123899, 47.6514052400968, 47.6512159885642, 47.6509549216695, 47.6508276604055, 47.6507009414326, 47.6502282496713, 47.6501717029991, 47.6502478773751, 47.6509431099742, 47.6515681774671, 47.6518849960336, 47.6522678014558, 47.6528232524291, 47.633899999422, 47.6225699994412, 47.6051300000831, 47.6057065743326, 47.6090818019176, 47.6131557523703, 
47.6144137375383, 47.6150000604388, 47.6155134159458, 47.6159047883096, 47.6166387331254, 47.6167983007353, 47.6169201921474, 47.6170535867879, 47.6171955987321, 47.6173197987039, 47.6174393941469, 47.617527074449, 47.6176699596351, 47.6178775267605, 47.6170104696912, 47.6154012560966, 47.6133951779783, 47.6165030928769, 47.6185596427469, 47.6209578000962, 47.6235799983523, 47.6245114190008, 47.625322075987, 47.6264031033544, 47.6280998146888, 47.6292557348983, 47.6302039090172, 47.6315610948027, 
47.632514056013, 47.6334799998363, 47.6352541086246, 47.638483548012, 47.6419202325677, 47.6453558829031, 47.6494741501478, 47.6523567399077, 47.6537306027214, 47.6543299999659, -21.5373000040503, -21.5390500676639, -21.5405278192599, -21.5420727493136, -21.5438064542591, -21.5458607432323, -21.5478524447869, -21.5497128507188, -21.5512521618084, -21.5529848415268, -21.5549098691437, -21.5564507090806, -21.5576058288929, -21.5588250631725, -21.5596621485352, -21.5610732225962, -21.5619703431015, 
-21.5631193376314, -21.5640764905811, -21.5648290792418, -21.5657384071445, -21.5665678302834, -21.5697700040219, -21.5651800045949, -21.5633800043251, -21.5629764038796, -21.5620213472497, -21.5613404147713, -21.5608853002596, -21.5601695640178, -21.5595689382998, -21.5591760685649, -21.5584363968669, -21.5574852648783, -21.5567570793214, -21.5559610794863, -21.5551128047587, -21.5543724684616, -21.5536589751289, -21.5531353736462, -21.5522837048772, -21.5510463240774, -21.5482040284434, -21.5461058984198, 
-21.5441347193941, -21.5429816140633, -21.5430308411536, -21.5429493221069, -21.5428800041624, -21.5417051667143, -21.5402885834065, -21.5384211735545, -21.5364210201712, -21.5353225090846, -21.5339690222114, -21.5323560503512, -21.5315796143679, -21.5311800042143, -21.5314312810892, -21.5324334900735, -21.5336264704449, -21.5346911427413, -21.5354300689016, -21.5359216113523, -21.5362961088373, -21.5373000040503))
"MAROTOKO_AMBARIJATSY","<b>Fokontany:</b> Ambarijatsy<br><b>Mois:</b> 2024-11-01<br><b>Cas Prédit:</b> 103<br><b>Éventail:</b> 68 - 157",2024-11-01,110.883567596149,"AMBARIJATSY","MAROTOKO","MAROTOKO",list(c(47.6694908321767, 47.6339299999073, 47.633899999422, 47.6528232524291, 47.6528972630363, 47.6531785430934, 47.653392379393, 47.6539941373579, 47.6538550374184, 47.6537652176292, 47.6541542886282, 47.6548274033008, 47.6556721490894, 47.6562161543911, 47.6571824525474, 47.6584438533406, 47.6596297056859, 47.6616028767112, 47.6629579931568, 47.6640665154973, 47.6656668707697, 47.6677839935768, 47.6684921764133, 47.6694908321767, -21.5856719342452, -21.5903200046927, -21.5697700040219, -21.5665678302834, 
-21.5672084821276, -21.5680399494256, -21.569000159171, -21.5701276536087, -21.5716467614285, -21.5731423564733, -21.5767290191657, -21.5783128907633, -21.5797120290221, -21.5802385326172, -21.5814530274696, -21.5826658675695, -21.5835112482788, -21.5843986794885, -21.5847830281471, -21.5850535136415, -21.5852525506975, -21.5854719367133, -21.5854418768739, -21.5856719342452))
"MAROTOKO_AMBATOMITRATRAKA","<b>Fokontany:</b> Ambatomitratraka<br><b>Mois:</b> 2024-11-01<br><b>Cas Prédit:</b> 117<br><b>Éventail:</b> 82 - 167",2024-11-01,241.03141663324,"AMBATOMITRATRAKA","MAROTOKO","MAROTOKO",list(c(47.633899999422, 47.6339299999073, 47.6292741287368, 47.6218699995399, 47.6228351006989, 47.6227266757351, 47.622324300166, 47.6217477933656, 47.6216889786032, 47.6216574348824, 47.6216979628305, 47.6216397784928, 47.6212877424752, 47.6203709771787, 47.6195067574706, 47.6183042065134, 47.6175721628644, 47.6168147403473, 47.6161807974451, 47.6154709229839, 47.6149072665961, 47.6139230665352, 47.6129105369306, 47.6120401379809, 47.6115870334536, 47.6112089323851, 47.6108037563272, 47.6101757534471, 
47.6097482400282, 47.6092697197607, 47.6088159479366, 47.6084389827119, 47.6080141825475, 47.6074684181719, 47.6067025860943, 47.6061107890206, 47.6055956933253, 47.6052291674308, 47.6045451035123, 47.6040348929345, 47.6033263890401, 47.6037791410329, 47.6039610145275, 47.6041185460724, 47.6042005399612, 47.6044839756932, 47.6046645721505, 47.6047742777488, 47.604956141351, 47.6051662463632, 47.6054009919002, 47.6057329811301, 47.6058893345631, 47.6061224945953, 47.6064613330618, 47.6065478496413, 
47.6065842236207, 47.6065941566325, 47.6065074880676, 47.6062015099291, 47.606059001559, 47.6055792177439, 47.6051210347451, 47.6044232426755, 47.6034242928336, 47.6028856115184, 47.6020551964267, 47.6013198756482, 47.6002164335779, 47.5997995240651, 47.598919526651, 47.5985553264033, 47.5979257470116, 47.5977097541378, 47.5976642124693, 47.5973986894338, 47.5971107930644, 47.5970711887201, 47.5971312229633, 47.5972593466771, 47.5977366771416, 47.5981861583002, 47.5987587755327, 47.5993845094232, 
47.5996643235853, 47.5996749580684, 47.5993632629397, 47.5991276351677, 47.599148426594, 47.5992189001674, 47.5993834536187, 47.5994003707657, 47.5993965306605, 47.5994896365725, 47.5995551000229, 47.5996717456894, 47.6001831541642, 47.6005735525623, 47.6015302954218, 47.6026594823843, 47.6038398884352, 47.6050459080775, 47.6056130907069, 47.6062055137088, 47.6066035095798, 47.6069035207165, 47.607741539576, 47.608380231798, 47.6090151531624, 47.6091326378965, 47.6087343623365, 47.6081881590917, 
47.6073453756238, 47.6069009729368, 47.60625660959, 47.6036908995501, 47.6024868467252, 47.6015760034642, 47.6007639327436, 47.600629999409, 47.6013999989447, 47.6021864039132, 47.6029203972923, 47.6040494628462, 47.6041352257937, 47.6051300000831, 47.6225699994412, 47.633899999422, -21.5697700040219, -21.5903200046927, -21.6114163003384, -21.6277200044817, -21.6349074797996, -21.6358740270674, -21.6366310619761, -21.6375014114627, -21.6384455853966, -21.6391132654656, -21.6399889794082, -21.6408640035707, 
-21.6415060862364, -21.6418669715827, -21.6419057377588, -21.6412278683709, -21.6403924728342, -21.6396258349647, -21.6388602699861, -21.6382555577487, -21.6378823274086, -21.6375745227473, -21.6376352143948, -21.6382728580067, -21.6391445402885, -21.639924517802, -21.6409347010748, -21.6420122570586, -21.6427688836752, -21.6437093236239, -21.6446498651962, -21.6453149642109, -21.6458181330968, -21.6461130513724, -21.6461527357563, -21.6461016965322, -21.6457977958279, -21.645426213945, -21.6447292663393, 
-21.6439187352587, -21.6432216743384, -21.6423731585924, -21.6414763564472, -21.64055602444, -21.6397736790116, -21.6386009783525, -21.6378424739516, -21.6367607702944, -21.6358636875608, -21.6346215223678, -21.6334026055489, -21.6322995420939, -21.6314946452658, -21.6304140252917, -21.6286428905626, -21.627422782142, -21.6262713324631, -21.6252806590827, -21.6241052604575, -21.6226511961048, -21.6220970905176, -21.6207571663201, -21.6196933816548, -21.61793676648, -21.616661529618, -21.6162652100837, 
-21.6154058781914, -21.6149158582931, -21.6142153925396, -21.6139815957874, -21.613144899831, -21.6125658416544, -21.611385569603, -21.6108079890125, -21.6106696058327, -21.6098608095441, -21.6090520357388, -21.6080842842787, -21.6070480872165, -21.6065882701498, -21.6057630144693, -21.6052599750858, -21.604758029278, -21.6038879630779, -21.6030841535301, -21.6020246037724, -21.6011465731762, -21.600454550258, -21.5997872182266, -21.5991429547051, -21.5977156883505, -21.5962434747796, -21.5955534591482, 
-21.5945407271968, -21.5929530163935, -21.5917563874729, -21.5907877915494, -21.5901878034508, -21.5896543121235, -21.5892121460508, -21.5890916288029, -21.5892240746585, -21.5894285607066, -21.5898400167303, -21.5906431886587, -21.5914930686763, -21.5917881668164, -21.5916241025963, -21.5907468813901, -21.5897342555586, -21.5888619473486, -21.5879444185281, -21.586775018381, -21.5864550701741, -21.5855608185062, -21.5841195982708, -21.5829182272248, -21.5810631992388, -21.5791143764597, -21.5761300032311, 
-21.5728700030841, -21.5705409964071, -21.5689176175922, -21.5671768223916, -21.565500797264, -21.5633800043251, -21.5651800045949, -21.5697700040219))
"MAROTOKO_AMBOATROTROKA","<b>Fokontany:</b> Amboatrotroka<br><b>Mois:</b> 2024-11-01<br><b>Cas Prédit:</b> 116<br><b>Éventail:</b> 85 - 158",2024-11-01,133.806546800417,"AMBOATROTROKA","MAROTOKO","MAROTOKO",list(c(47.6954299995387, 47.7105449861086, 47.7078530004618, 47.7043845797305, 47.7016567516035, 47.6998484946577, 47.6991697556251, 47.698724263859, 47.6985074777831, 47.6981188384587, 47.6977786977738, 47.6975124166098, 47.6968748980031, 47.6959627597185, 47.6950971325714, 47.6942786065173, 47.6937838193125, 47.6925493334296, 47.6915639363712, 47.69035619093, 47.6893709980174, 47.68818861076, 47.6877964155164, 47.6869094240747, 47.686293083603, 47.6846326401281, 47.6840809213413, 47.6839227935461, 
47.6837852071656, 47.683507536088, 47.682344047184, 47.6811380815012, 47.6801057785026, 47.6792195766658, 47.6778852390561, 47.67681832385, 47.6759477998946, 47.6750263500295, 47.674029827458, 47.6737685833968, 47.6729077613274, 47.6715023457998, 47.6703545320791, 47.6686899526222, 47.6676605868095, 47.6666348497611, 47.6652299558404, 47.6638889434624, 47.6625412284372, 47.6612499998298, 47.6694908321767, 47.670057866418, 47.6712895724965, 47.6730099926578, 47.6763034125136, 47.67947099743, 47.6821520958841, 
47.6861737318742, 47.6886110843763, 47.6914120300835, 47.6931403777688, 47.6954299995387, -21.6032700047315, -21.6242964482364, -21.6245391761556, -21.6251566066052, -21.6245473707778, -21.6232144244201, -21.6225051336193, -21.6220398891441, -21.621813490215, -21.6212114426688, -21.6206327235366, -21.6200779821287, -21.6196581911883, -21.6195819970272, -21.6197825710243, -21.6201904855177, -21.6203478318021, -21.6204073120628, -21.6202382494108, -21.6200443654702, -21.6198292854083, -21.6196357558008, 
-21.6193791351543, -21.6192106984304, -21.619136977405, -21.6199068986993, -21.6208009462211, -21.621836187304, -21.6232864052563, -21.6239751573402, -21.6242882976791, -21.6239563336304, -21.6235332907414, -21.6233190902165, -21.6234926818543, -21.6240830265226, -21.6247672595132, -21.6256350315427, -21.6266176685811, -21.6268513789984, -21.6265749354955, -21.6265856176427, -21.6268332747461, -21.6264277524492, -21.6255992547126, -21.6251888706808, -21.6252592318389, -21.6253290992693, -21.6246224416834, 
-21.6241800040152, -21.5856719342452, -21.5858025598729, -21.5855367553499, -21.5849715746118, -21.5852885307744, -21.5851504209887, -21.5851299614124, -21.5850991938067, -21.5850804995995, -21.5848309970873, -21.5844432121193, -21.6032700047315))
"MAROTOKO_AMBODIARA SUD","<b>Fokontany:</b> Ambodiara Sud<br><b>Mois:</b> 2024-11-01<br><b>Cas Prédit:</b> 51<br><b>Éventail:</b> 38 - 68",2024-11-01,53.9095567410699,"AMBODIARA SUD","MAROTOKO","MAROTOKO",list(c(47.8046425176869, 47.8048167370518, 47.8051842593953, 47.8046081455988, 47.8045559291622, 47.8044756098109, 47.8042195593347, 47.8036717939676, 47.8025310624081, 47.8012932418391, 47.8003072476307, 47.7993295928357, 47.7982077920051, 47.7971775277696, 47.795915265426, 47.7955150239481, 47.7953096277861, 47.795402696826, 47.7955148989426, 47.7957296111818, 47.7959639646146, 47.7965175476961, 47.796647067158, 47.7955299994593, 47.7870299995832, 47.7621499997694, 47.7570024854218, 47.7591769274187, 
47.7610772227811, 47.7615436687508, 47.76194110974, 47.7624353204792, 47.7630774876816, 47.7634684535518, 47.7638637271748, 47.7646078280345, 47.7651041791602, 47.7655991750076, 47.7657957847933, 47.7661473909351, 47.7665897647515, 47.7666185808286, 47.7673867646333, 47.7676664510916, 47.7680297601112, 47.7682245739507, 47.768218517916, 47.7678128859016, 47.76740682581, 47.7675526131081, 47.7679973206654, 47.7686381307907, 47.7690841297745, 47.7695778521818, 47.7701709208969, 47.7708685313034, 47.7714212384451, 
47.7718732961615, 47.7721842097793, 47.7725787198779, 47.7728325166533, 47.7731349064968, 47.7734846951086, 47.7736307863778, 47.7741262318862, 47.774721455377, 47.7755674377332, 47.7762151564505, 47.7770633106696, 47.7774917144175, 47.7780099406526, 47.7789578746526, 47.7802055940595, 47.7812537467098, 47.7821142360299, 47.7830016861257, 47.7836507106587, 47.784152246376, 47.7847071784406, 47.7850100287369, 47.7853133197011, 47.785766286632, 47.7863190414378, 47.7870731211749, 47.7878740268123, 
47.788669669617, 47.78941365986, 47.7902088548024, 47.7910812196703, 47.7919524280099, 47.7928010255947, 47.7937494074571, 47.7945971246056, 47.7954435170527, 47.7964249301146, 47.7989363381898, 47.8018888070715, 47.8046425176869, -21.5257866125349, -21.5281220961293, -21.5320066790344, -21.5335892807892, -21.5341962251439, -21.5351298050641, -21.5366231014418, -21.5377000368935, -21.5391631583185, -21.5404416759072, -21.540732919553, -21.5398046834043, -21.5383691055154, -21.5380618584337, -21.5392479796755, 
-21.5403030696953, -21.5416127865645, -21.5423956994651, -21.5440530025064, -21.5450671598833, -21.5468174222471, -21.5486395404423, -21.5494782625712, -21.5489300043759, -21.5458200048503, -21.5529800040796, -21.5369658834329, -21.5350850970649, -21.5339110105507, -21.5337434776455, -21.5335535201451, -21.5330359693011, -21.5323304754381, -21.5314402635249, -21.5310168851888, -21.530543995577, -21.5302598574746, -21.5297970861351, -21.5295072661161, -21.5292976692208, -21.5290339646147, -21.5290286667086, 
-21.5288874425705, -21.5286211793932, -21.5282752992352, -21.5277601648695, -21.5271065978613, -21.5264095846051, -21.5256658875415, -21.5252445245863, -21.5247740487548, -21.5239284881811, -21.5235980601744, -21.5230338093352, -21.5224220643995, -21.5223230238613, -21.5227387138932, -21.5230618457001, -21.5235350491754, -21.5238030975071, -21.5242678986165, -21.5245922454076, -21.5246826830312, -21.5242614001155, -21.5238838728147, -21.5235055280301, -21.5232651986026, -21.523166542075, -21.5231596217918, 
-21.5230927392114, -21.5230118317035, -21.5230040867421, -21.5230405704389, -21.5230786792107, -21.523078925625, -21.5232511071259, -21.523292473242, -21.5235684796745, -21.5242175356833, -21.5245885411007, -21.5250062303255, -21.525422687479, -21.5258383244509, -21.5264390490944, -21.5267125814919, -21.5264259144959, -21.5259529268579, -21.5256195706587, -21.5253175486383, -21.5253250750645, -21.5253647594485, -21.5254036146575, -21.5253499224334, -21.5251561814852, -21.5252060291076, -21.5254236893245, 
-21.5255893939082, -21.5257866125349))
"MAROTOKO_AMBOHIMAHAVELONA","<b>Fokontany:</b> Ambohimahavelona<br><b>Mois:</b> 2024-11-01<br><b>Cas Prédit:</b> 97<br><b>Éventail:</b> 68 - 140",2024-11-01,131.614324494111,"AMBOHIMAHAVELONA","MAROTOKO","MAROTOKO",list(c(47.6612499998298, 47.6604367186218, 47.6587108656559, 47.6576861808145, 47.656536812166, 47.6559041409052, 47.6546908799219, 47.6539207023202, 47.6526430507777, 47.6513199996596, 47.6505649324671, 47.6491842986577, 47.647995527113, 47.6471037863518, 47.6464601955227, 47.6458419727699, 47.6445106379965, 47.6402206065363, 47.6352499996279, 47.630386023536, 47.6252765244317, 47.6228351006989, 47.6218699995399, 47.6292741287368, 47.6339299999073, 47.6694908321767, 47.6612499998298, -21.6241800040152, 
-21.6250564545025, -21.6249499711749, -21.624658995527, -21.6247273646868, -21.6254489456226, -21.6255177824299, -21.6251054037017, -21.6251149715889, -21.6250300045413, -21.6261054830912, -21.6259560616326, -21.6263608833574, -21.6266991372644, -21.6269012032369, -21.6270345007504, -21.6268623786047, -21.62748965753, -21.6265500044876, -21.628553473671, -21.6332637223472, -21.6349074797996, -21.6277200044817, -21.6114163003384, -21.5903200046927, -21.5856719342452, -21.6241800040152))
"MAROTOKO_KIANJANOMBY","<b>Fokontany:</b> Kianjanomby<br><b>Mois:</b> 2024-11-01<br><b>Cas Prédit:</b> 66<br><b>Éventail:</b> 49 - 89",2024-11-01,71.3009191370668,"KIANJANOMBY","MAROTOKO","MAROTOKO",list(c(47.7474719515193, 47.7469485191088, 47.7461535409031, 47.7447714268098, 47.7431940339273, 47.7423549026064, 47.7415088213247, 47.7409556060661, 47.7406519526753, 47.7401520834017, 47.7393281928917, 47.7389009897387, 47.738253576791, 47.737437187526, 47.7370166915169, 47.7365964284322, 47.7361299186106, 47.7353945087992, 47.7344880038679, 47.7329441125302, 47.7319888994175, 47.7314505013889, 47.7306928549405, 47.7306743307049, 47.7310994600212, 47.7317962133737, 47.7320494786496, 47.7319599889114, 
47.7317953176487, 47.7316372186317, 47.7313189179824, 47.7292629940403, 47.7271161153646, 47.7239673073931, 47.7219953891233, 47.7200748716052, 47.7175327489841, 47.715452230383, 47.7125379988762, 47.7111051738112, 47.7105449861086, 47.6954299995387, 47.7326700000673, 47.7441200001859, 47.7447699995851, 47.7474719515193, -21.6300245280223, -21.6308699842746, -21.6319893848139, -21.6328058954867, -21.6334602817772, -21.6339823130436, -21.6352618306785, -21.6367498075663, -21.6378037293667, -21.6388561178231, 
-21.6403883026847, -21.6415329507911, -21.6425613983953, -21.6432672232088, -21.6435626630912, -21.6439498176345, -21.6439004871223, -21.6437576352112, -21.6435213239546, -21.64316591458, -21.6428836947316, -21.6426960790658, -21.6422313885729, -21.6415886736838, -21.640673489396, -21.6396223797757, -21.6387288790417, -21.6377181696655, -21.6369366417207, -21.6364129970705, -21.6327443216036, -21.6312313786364, -21.6302017016587, -21.6277144187981, -21.6253272790446, -21.623077425298, -21.6233847227416, 
-21.6250186892749, -21.6250319551742, -21.6242459351158, -21.6242964482364, -21.6032700047315, -21.5985300046852, -21.6023300045539, -21.6232000046928, -21.6300245280223))
"MAROTOKO_MANAMPANDRANA","<b>Fokontany:</b> Manampandrana<br><b>Mois:</b> 2024-11-01<br><b>Cas Prédit:</b> 36<br><b>Éventail:</b> 27 - 49",2024-11-01,54.0821165519878,"MANAMPANDRANA","MAROTOKO","MAROTOKO",list(c(47.796647067158, 47.7967772089507, 47.7970099795767, 47.7966784076322, 47.7958343750062, 47.7958184695966, 47.7959253009618, 47.7962295335162, 47.7967904991324, 47.7969962055607, 47.797074218151, 47.7957378741538, 47.79446708264, 47.794162082964, 47.7935886887173, 47.793116315316, 47.7925965557367, 47.7911136645142, 47.7897794887826, 47.7883722305441, 47.7871107479127, 47.786341106307, 47.7856441326207, 47.784479851414, 47.7832703630868, 47.7821331946411, 47.7816345799218, 47.7813773657229, 
47.7812984124417, 47.781308491144, 47.7730299996842, 47.7649499993918, 47.7621499997694, 47.7870299995832, 47.7955299994593, 47.796647067158, -21.5494782625712, -21.5503210145622, -21.5523472797611, -21.5540931992986, -21.5553057678032, -21.5577672742951, -21.558037239082, -21.5588060416199, -21.5604199730568, -21.5619115912995, -21.563404267145, -21.5638932168499, -21.5649802867617, -21.566542264364, -21.5677339551073, -21.5684433727124, -21.5689914798215, -21.5700377340021, -21.5709241516756, -21.5717408952729, 
-21.5727889606882, -21.5739100051881, -21.5751235764368, -21.5763105142629, -21.5769909817921, -21.5778559704199, -21.5788641482044, -21.5805185608246, -21.5813000635883, -21.581669316227, -21.5851300045847, -21.5867200041622, -21.5529800040796, -21.5458200048503, -21.5489300043759, -21.5494782625712))
"MAROTOKO_MANDIAFASINA","<b>Fokontany:</b> Mandiafasina<br><b>Mois:</b> 2024-11-01<br><b>Cas Prédit:</b> 67<br><b>Éventail:</b> 50 - 89",2024-11-01,86.2984217855264,"MANDIAFASINA","MAROTOKO","MAROTOKO",list(c(47.7621499997694, 47.7649499993918, 47.7463800000834, 47.7271799996032, 47.6931403777688, 47.6944396166376, 47.6957670591451, 47.6973301519076, 47.6991298616963, 47.7008147037781, 47.7021389761753, 47.702721613654, 47.7041037745122, 47.7079959153221, 47.7082153606932, 47.7111230316457, 47.7137021415838, 47.7174978903587, 47.7200181234811, 47.722622543939, 47.7251288249792, 47.7263186847035, 47.7258678770447, 47.7258461988866, 47.727848220163, 47.7309927959247, 47.7315493800438, 47.7335439261552, 
47.7352134725678, 47.7372892823189, 47.7394079906309, 47.7417382581587, 47.7443071697848, 47.7484106395844, 47.7508841367386, 47.7519621010152, 47.7527189767445, 47.7546070629109, 47.7570024854218, 47.7621499997694, -21.5529800040796, -21.5867200041622, -21.5732500044279, -21.5909300040495, -21.5844432121193, -21.5826418898471, -21.5811497922658, -21.5787439565064, -21.5755383545514, -21.5731315493229, -21.5712974692452, -21.5696452311858, -21.5689824641132, -21.5676917975831, -21.5676190262418, 
-21.5663173798888, -21.5644459230877, -21.5616626688457, -21.5607793340482, -21.5606067613423, -21.5604583462253, -21.5594550157866, -21.5572338881847, -21.5557645767261, -21.5531659784809, -21.5510361707378, -21.5506591920233, -21.5491857760589, -21.5490026507081, -21.5497094836619, -21.5499565085421, -21.547927198239, -21.5454128062149, -21.5435430923, -21.5412365201108, -21.5393161797605, -21.5389612928922, -21.5386142445149, -21.5369658834329, -21.5529800040796))
"MAROTOKO_MAROTOKO","<b>Fokontany:</b> Marotoko<br><b>Mois:</b> 2024-11-01<br><b>Cas Prédit:</b> 85<br><b>Éventail:</b> 63 - 115",2024-11-01,39.3177120581681,"MAROTOKO","MAROTOKO","MAROTOKO",list(c(47.7649499993918, 47.7730299996842, 47.781308491144, 47.7813379763167, 47.7815263024471, 47.7824761223256, 47.7835943654382, 47.784025781915, 47.7840643124689, 47.7844237849806, 47.7851169248573, 47.7847169163037, 47.7845925778362, 47.7838907666965, 47.7837032850296, 47.7838296496697, 47.7843305117949, 47.7850544597468, 47.7860706603842, 47.7864275653313, 47.7858239241862, 47.7850784527598, 47.7844867204372, 47.7837987489644, 47.7829426555303, 47.7824296498596, 47.7815232861218, 47.7809818285995, 
47.7803649593264, 47.7794036317232, 47.7783957354256, 47.7776384325184, 47.7769806917562, 47.7765224925696, 47.7759016698767, 47.7752105318909, 47.7747118695075, 47.7743585528551, 47.7739219706726, 47.7732552303947, 47.7727819423829, 47.772203398618, 47.7719420016721, 47.7718546244414, 47.7715461066176, 47.770950710457, 47.7709227604272, 47.7710068191596, 47.771162824555, 47.7713055379705, 47.7715518757688, 47.7719895650168, 47.7726220761984, 47.7731326303173, 47.7736892656977, 47.7740958617854, 
47.7742837607379, 47.7745940214479, 47.7749815096401, 47.7755916034209, 47.7763744578662, 47.7770324981026, 47.7776156113228, 47.7780286015902, 47.7784901399595, 47.7793683881922, 47.7802492678412, 47.7806896001967, 47.7813743125263, 47.7821785519506, 47.7829069236677, 47.7835094253719, 47.7837965276399, 47.7842527069492, 47.7846350375294, 47.7853355851218, 47.7860126756972, 47.7865451534889, 47.7869074300868, 47.7875110748293, 47.7880629375078, 47.7885620999144, 47.7891399664897, 47.7900385187164, 
47.7903541043122, 47.7913733959193, 47.7924149763241, 47.7934080724788, 47.7945737413395, 47.7958393320741, 47.7972821198287, 47.7982363014191, 47.7993130435171, 47.7999491906577, 47.8006327599491, 47.8012883414391, 47.8012804444922, 47.8008562504709, 47.7992046707142, 47.7977310209249, 47.7955966761007, 47.793459353621, 47.7918125285799, 47.79036119187, 47.7894751087437, 47.7883901567347, 47.7877232033176, 47.7872014553373, 47.7867511908691, 47.7860053498214, 47.7853139555289, 47.7845520678779, 
47.7839198471774, 47.783616086767, 47.7835831526943, 47.7834204293631, 47.782359512635, 47.7816569856349, 47.7813212768089, 47.780715715611, 47.7796239908077, 47.7789217273088, 47.7780461293783, 47.7775354394618, 47.7762934613268, 47.7751686603578, 47.7735798523805, 47.7727768396316, 47.7724436399141, 47.7725808863508, 47.7725887599153, 47.7724021281075, 47.7718010167552, 47.7707329045515, 47.7690977608043, 47.7678252165117, 47.7667224201546, 47.7660843673507, 47.7650263311512, 47.7644747049946, 
47.764416535046, 47.7645734316696, 47.7645379237374, 47.7643320716191, 47.7639322869967, 47.7631389356646, 47.7620764739014, 47.7606208231436, 47.7592903661085, 47.7585552171006, 47.7581664078044, 47.7580010044936, 47.7579836853496, 47.7571868545404, 47.7555191913081, 47.7530113310584, 47.7519284627785, 47.7513365946583, 47.7498340721348, 47.7480630498199, 47.7474719515193, 47.7447699995851, 47.7441200001859, 47.7326700000673, 47.6954299995387, 47.6931403777688, 47.7271799996032, 47.7463800000834, 
47.7649499993918, -21.5867200041622, -21.5851300045847, -21.581669316227, -21.5827496978807, -21.5840397915429, -21.5854508961809, -21.5875074154728, -21.5891674443591, -21.5908242150017, -21.5922765670453, -21.5941736347398, -21.5943091077135, -21.5943963500458, -21.5948887810263, -21.5955512423296, -21.5964732830487, -21.5971732460812, -21.5977864281336, -21.5985433740096, -21.5990797143891, -21.5996411962156, -21.5999470412541, -21.5999804222899, -21.599919777407, -21.5996945763749, -21.5994998497696, 
-21.5993193603316, -21.5993077285003, -21.5993635961843, -21.5994349897642, -21.5993673535517, -21.5991212783556, -21.5988086326438, -21.598407991867, -21.5975904613627, -21.596610387392, -21.5958183760501, -21.5951442631305, -21.5948591420692, -21.5949368389972, -21.5951794500048, -21.5957186718121, -21.5963563271153, -21.596951925623, -21.5975199796952, -21.5982596972586, -21.5994677538645, -21.6001325003449, -21.6006815238634, -21.6009055548775, -21.6018209837809, -21.6023521818369, -21.602999462584, 
-21.6035769055783, -21.6044991036788, -21.6058334125095, -21.6068215560968, -21.6078569527625, -21.6085022783835, -21.6089428733408, -21.6092697364349, -21.6098022124276, -21.6105178857169, -21.6110487024604, -21.6116716790292, -21.6123205785561, -21.6126711657657, -21.6128348873441, -21.6131839789813, -21.6138551996812, -21.6148013413319, -21.6161599633339, -21.617034388548, -21.6182999585973, -21.61954242956, -21.6209245004851, -21.6221227652726, -21.6230908216028, -21.6238048923002, -21.6249569112501, 
-21.6265676464965, -21.6284762515936, -21.6298344787933, -21.6310802682543, -21.6314498707293, -21.6329489101775, -21.6346317485689, -21.6362915598194, -21.6378144717715, -21.6391776641282, -21.6398762080306, -21.6402957750399, -21.6407162872366, -21.6410191312374, -21.6414829925554, -21.6424285073786, -21.6433696919661, -21.6441472979672, -21.6449165366762, -21.6449754000019, -21.6447541757719, -21.6448540877531, -21.6450495122321, -21.6453609753354, -21.6456302053761, -21.6461279666384, -21.6466513244049, 
-21.6473363047321, -21.6483660995206, -21.6494858193193, -21.6499170928035, -21.6499809626551, -21.6492648954627, -21.6474032151914, -21.6454518131569, -21.6443949181977, -21.6420690591478, -21.6408704364302, -21.6399038549881, -21.638935547747, -21.6373670536571, -21.6361915516099, -21.6351983610271, -21.6346209495091, -21.6333725466182, -21.6328368537505, -21.6319993331158, -21.6311443575396, -21.6298565868262, -21.6282045924831, -21.62724053274, -21.62606839056, -21.6245951445673, -21.6231415163857, 
-21.6219820483511, -21.6215141023125, -21.621253873586, -21.6212494794985, -21.6215174387971, -21.62282203043, -21.6239005145142, -21.6256463468175, -21.6269543576728, -21.6280549246098, -21.6288785372289, -21.6297682805954, -21.6305414034763, -21.6313575022597, -21.631875981204, -21.6317560817901, -21.6312941648065, -21.6305123967428, -21.6296859665476, -21.6281194275839, -21.627877813025, -21.6282962675727, -21.62856406949, -21.6288583843206, -21.6293756374889, -21.6297762315008, -21.6300245280223, 
-21.6232000046928, -21.6023300045539, -21.5985300046852, -21.6032700047315, -21.5844432121193, -21.5909300040495, -21.5732500044279, -21.5867200041622))
"RANOMAFANA_AMBATOLAHY","<b>Fokontany:</b> Ambatolahy<br><b>Mois:</b> 2024-11-01<br><b>Cas Prédit:</b> 18<br><b>Éventail:</b> 13 - 26",2024-11-01,11.5765768613221,"AMBATOLAHY","RANOMAFANA","RANOMAFANA",list(c(47.445221913055, 47.4540199995239, 47.4517000004554, 47.4512999999959, 47.4512553909245, 47.4404804408199, 47.4314005167199, 47.3885224747279, 47.3886662700278, 47.389921125555, 47.3905539245195, 47.3912949263152, 47.390995466463, 47.3907357269674, 47.3899595275052, 47.3894734916033, 47.389273021028, 47.38889249179, 47.3885893447173, 47.3882252164154, 47.3878943063718, 47.3874749264212, 47.3876263830456, 47.3882409626449, 47.3892466969722, 47.3907861834303, 47.3913074053073, 47.3917066413431, 
47.3926153972775, 47.3937167358336, 47.3944924208835, 47.3955389277744, 47.3964705094017, 47.3974948534001, 47.3997831558633, 47.4016329237158, 47.4019714258358, 47.4018300874836, 47.4012656540817, 47.3998967411364, 47.3989735645729, 47.3987720103145, 47.3988651468035, 47.3993247579256, 47.3992089036623, 47.3999547617972, 47.3998761088896, 47.3998394102548, 47.4002555733302, 47.4002998046864, 47.4003342748011, 47.400478357884, 47.4004037546236, 47.4000069584483, 47.3994974115702, 47.3990602232445, 
47.3986042480813, 47.3978961263988, 47.3973478511161, 47.3971979584126, 47.3970284685824, 47.3967138119862, 47.3948236438892, 47.3931154185347, 47.3919970189401, 47.3913666346552, 47.3914655645768, 47.3915317987461, 47.3916164087628, 47.3912900492888, 47.3909349115094, 47.3911310257685, 47.3912903775411, 47.3916488643958, 47.3920977223242, 47.3922973799123, 47.3924468085655, 47.3927849509569, 47.3935599920921, 47.3941836485488, 47.3953580884973, 47.3958547669762, 47.3962501017531, 47.397508173256, 
47.3984002044983, 47.3993493516839, 47.4001060979108, 47.4006392636838, 47.4026090199832, 47.4037286903198, 47.4044403751162, 47.4050480767004, 47.4053785523713, 47.4055900657218, 47.4057262005966, 47.4060598113041, 47.4064393494892, 47.4068734846165, 47.40725570458, 47.4079418998916, 47.4085362258589, 47.4087946910148, 47.4086881591238, 47.4084643448461, 47.4080664101292, 47.4070300430942, 47.4104446313073, 47.4117843045945, 47.414919555286, 47.4189709948086, 47.4198616455915, 47.4211897410067, 
47.4225077811019, 47.425408860923, 47.4269647456192, 47.4272412673633, 47.4284193639553, 47.4292924356901, 47.4298333743036, 47.4304206900555, 47.4310670373067, 47.4323224423197, 47.4338384654658, 47.435717681619, 47.4378086323561, 47.4388151652813, 47.4401463588612, 47.4416930138155, 47.4422181774209, 47.442381903496, 47.4425689768707, 47.4430843756375, 47.444062121264, 47.445221913055, -21.1634196537427, -21.2500000049988, -21.2562800059165, -21.259300005788, -21.2593445600008, -21.2643089993549, 
-21.2654252081997, -21.2644561617133, -21.2643986257867, -21.2628947120132, -21.2615440085417, -21.2605737515705, -21.2587293877451, -21.2573810360008, -21.2565742685828, -21.2560684170192, -21.2554858245068, -21.2548133816283, -21.2542771104965, -21.2535791646434, -21.2529414346964, -21.2516250484549, -21.2509376687365, -21.2505733605704, -21.2508052219816, -21.2500606795554, -21.2497872343922, -21.2486874156912, -21.2482796082171, -21.2483545046565, -21.2490421406817, -21.2491116987454, -21.2491503048423, 
-21.249192317571, -21.2468230473468, -21.2443084089085, -21.2412933804892, -21.2398737808552, -21.2388049914626, -21.2366964688735, -21.2355998436649, -21.2349455679909, -21.234190772394, -21.2333547985933, -21.2325481543825, -21.2312949913802, -21.2302419823916, -21.2297487716987, -21.2285393103518, -21.2278107695626, -21.2272443126864, -21.2268177930185, -21.2260572003917, -21.225060812719, -21.2246296408581, -21.224259018552, -21.224051097993, -21.2237283465992, -21.2232206127546, -21.2224988465584, 
-21.2216812198269, -21.220990334551, -21.2207376754181, -21.2203631257725, -21.2199066676735, -21.2183543811656, -21.2170570047935, -21.2161888874242, -21.2152771916066, -21.214403440884, -21.2139137618289, -21.2124707285603, -21.2112972059209, -21.2104674788112, -21.2094650378019, -21.2090190046443, -21.2084885764079, -21.2076341260357, -21.2068883587329, -21.2069242614677, -21.2061716566193, -21.2058057548545, -21.2047725624273, -21.2043802133999, -21.2048972426371, -21.2054472428193, -21.2057166419326, 
-21.2059066093256, -21.20548071019, -21.2046487662515, -21.2033952219366, -21.2024398064771, -21.2018473367108, -21.2010201384946, -21.2003096857697, -21.1995562949139, -21.1989652289893, -21.1980757509229, -21.1973463485832, -21.1961160859175, -21.1945628677119, -21.1926130376923, -21.1917606098955, -21.1906531217759, -21.1896578735443, -21.1879650652687, -21.1882760778119, -21.1865787243628, -21.1840260239176, -21.1837908413103, -21.1823072773959, -21.1789204674444, -21.1740554319542, -21.1702368565894, 
-21.1672710102943, -21.1664984872612, -21.1659017448159, -21.1651575045619, -21.1638100404485, -21.1626011780501, -21.1621518632664, -21.1619196349319, -21.1621747420194, -21.1626884743421, -21.1636655427786, -21.1649235180533, -21.1658650605712, -21.1657981105415, -21.1652783536606, -21.1644073746485, -21.1636056937961, -21.1635912767644, -21.1637682597458, -21.1634196537427))
"RANOMAFANA_AMBODIAVIAVY","<b>Fokontany:</b> Ambodiaviavy<br><b>Mois:</b> 2024-11-01<br><b>Cas Prédit:</b> 19<br><b>Éventail:</b> 14 - 27",2024-11-01,15.1797519190896,"AMBODIAVIAVY","RANOMAFANA","RANOMAFANA",list(c(47.5106299993816, 47.4980499993142, 47.4975990828376, 47.4817199998829, 47.4702677055936, 47.4721999997337, 47.477479999506, 47.4986700000255, 47.5060199999289, 47.5106299993816, -21.2637800055413, -21.2753500057896, -21.2761172578962, -21.2770700059656, -21.2721660568097, -21.2695700054445, -21.2634200060252, -21.2555200059457, -21.2585500053795, -21.2637800055413))
"RANOMAFANA_AMPASIMPOTSY","<b>Fokontany:</b> Ampasimpotsy<br><b>Mois:</b> 2024-11-01<br><b>Cas Prédit:</b> 51<br><b>Éventail:</b> 36 - 71",2024-11-01,21.7477945607295,"AMPASIMPOTSY","RANOMAFANA","RANOMAFANA",list(c(47.5364141577996, 47.5344607107056, 47.5328660139677, 47.5338922285562, 47.5308392010807, 47.527391865854, 47.5221697077772, 47.5188464834896, 47.5171056028525, 47.5162960016704, 47.5162987230191, 47.516278099766, 47.5163806881298, 47.5166788781393, 47.5177403182729, 47.5179167256882, 47.5179220226951, 47.5180253170268, 47.5181512913611, 47.5188432126563, 47.5195574740105, 47.5203213626531, 47.5205984770505, 47.520310496145, 47.5198489703663, 47.519216875571, 47.5188522184677, 47.5011300001598, 
47.4737465980337, 47.4746510003492, 47.4817199998829, 47.4975990828376, 47.4980499993142, 47.5106299993816, 47.5101442296792, 47.5101589075144, 47.5107383712858, 47.5116071082887, 47.5119609330581, 47.5124512821085, 47.512542299795, 47.5119500008995, 47.5125665949803, 47.5139284914148, 47.5150510206964, 47.5172933678033, 47.5192158350518, 47.5204978806818, 47.5223437940404, 47.5238299992649, 47.5251631218906, 47.5263731480127, 47.5279860173516, 47.5296017699168, 47.5312170404455, 47.5331541180799, 
47.5355617713709, 47.5365348737979, 47.5364141577996, -21.3192478447822, -21.3196888732126, -21.3224351248492, -21.325401592576, -21.3268828578232, -21.3259398323233, -21.3232787635711, -21.323446276691, -21.3259432776255, -21.3309231169708, -21.3315293904312, -21.3323576732299, -21.3333465974287, -21.3341044803983, -21.3352045284266, -21.3361929642937, -21.3373434139266, -21.3384243468647, -21.3391139227276, -21.3399855006881, -21.3404199937453, -21.3409230268336, -21.3424403081303, -21.3438907491145, 
-21.3450199954316, -21.3464258444315, -21.3472558224521, -21.3378700056542, -21.3179922023453, -21.3030825247138, -21.2770700059656, -21.2761172578962, -21.2753500057896, -21.2637800055413, -21.2654164092375, -21.2674016383715, -21.2693831964728, -21.2722893502672, -21.2741855087471, -21.2760435512608, -21.2776063958097, -21.2794700042274, -21.2808820099861, -21.2824365636851, -21.283843769762, -21.2862859264411, -21.2884323518573, -21.2899129165328, -21.2924320452863, -21.2959300051475, -21.2976248809645, 
-21.3000736944253, -21.3032643145746, -21.3068271344411, -21.3103154877442, -21.3143228119208, -21.3175080415338, -21.3192205908277, -21.3192478447822))
"RANOMAFANA_MENARANO","<b>Fokontany:</b> Menarano<br><b>Mois:</b> 2024-11-01<br><b>Cas Prédit:</b> 30<br><b>Éventail:</b> 21 - 42",2024-11-01,18.9945981412117,"MENARANO","RANOMAFANA","RANOMAFANA",list(c(47.4817199998829, 47.4746510003492, 47.4737465980337, 47.4646658168791, 47.4581999998338, 47.4664526744548, 47.4702677055936, 47.4817199998829, -21.2770700059656, -21.3030825247138, -21.3179922023453, -21.3061536024797, -21.2914300053709, -21.277291426247, -21.2721660568097, -21.2770700059656))
"RANOMAFANA_RANOMAFANA","<b>Fokontany:</b> Ranomafana<br><b>Mois:</b> 2024-11-01<br><b>Cas Prédit:</b> 49<br><b>Éventail:</b> 35 - 69",2024-11-01,10.2587735510057,"RANOMAFANA","RANOMAFANA","RANOMAFANA",list(c(47.4986700000255, 47.477479999506, 47.4721999997337, 47.4702677055936, 47.4664526744548, 47.4581999998338, 47.4646658168791, 47.4737465980337, 47.4557499992714, 47.4357936698494, 47.4342004246172, 47.4323847239829, 47.4295741132617, 47.4265605291519, 47.4221473283432, 47.4181299983074, 47.4179690943047, 47.4181153969143, 47.4175809783854, 47.4179650923209, 47.4169745313552, 47.4158166173486, 47.4147820237768, 47.4134273336098, 47.4118023288195, 47.4109156008792, 47.410248474792, 47.4100948445061, 
47.4102388322609, 47.4114353029015, 47.4126847606978, 47.4138593760141, 47.413880224997, 47.413435255737, 47.412867032592, 47.412422563355, 47.411682759456, 47.4110909470937, 47.4103993108835, 47.409682812016, 47.4089664867177, 47.4084990766748, 47.4087375004389, 47.408475092655, 47.4092953822797, 47.4096599062832, 47.409484951273, 47.4088678373842, 47.4084476579363, 47.408001333398, 47.4076923973893, 47.4078768771192, 47.40825187103, 47.4082248419059, 47.4081661998131, 47.4082906273134, 47.4080945760066, 
47.4082905589648, 47.4084590919162, 47.4083546392577, 47.4081311055685, 47.4076610650085, 47.4068242296567, 47.4069883172592, 47.406514120932, 47.4062246579437, 47.4062734740436, 47.4057956831262, 47.4053031694076, 47.4046989859711, 47.4044742498883, 47.4043910140356, 47.4041557405964, 47.4040108930896, 47.4031970776842, 47.4020486380353, 47.4007643324089, 47.400236057149, 47.3997720609326, 47.3985438208413, 47.3978776327471, 47.3975063764187, 47.3971849596189, 47.3965985009207, 47.3951202430053, 
47.3943549208433, 47.3935283206758, 47.3926431134892, 47.3923411670114, 47.3918604290156, 47.3915802964935, 47.391333153802, 47.3906627424914, 47.3898073909981, 47.3893737837728, 47.3888940790982, 47.3879730429212, 47.3872291956704, 47.3865852361192, 47.3862659165382, 47.3858397530016, 47.3853055368203, 47.384383114788, 47.3839248454543, 47.3832095939465, 47.382952297909, 47.3824140851406, 47.3821309021181, 47.3818599588685, 47.3816118727881, 47.3811784400313, 47.3808948514144, 47.381561163615, 47.3825854869289, 
47.3828866195201, 47.3839042482806, 47.3848449724158, 47.3864010684528, 47.3873902525564, 47.3887081523577, 47.3904014417717, 47.3916904706374, 47.3932131991286, 47.3952266777678, 47.3959812458366, 47.3962463407947, 47.3967267919066, 47.3970562306592, 47.3972013002984, 47.3984834043844, 47.3995097143006, 47.3998118865081, 47.4003986114054, 47.4017582523401, 47.4031256643166, 47.4034231384656, 47.4027640469216, 47.4020361671337, 47.401821721993, 47.4019522091251, 47.4009735407941, 47.3991105160351, 
47.3984060527947, 47.3976796407004, 47.3968765874819, 47.3965743730062, 47.3963154833701, 47.3959059321102, 47.3947570733772, 47.3943023051041, 47.3935671381098, 47.3925850253754, 47.3920192888558, 47.3914304829272, 47.3905002278, 47.3899649279356, 47.3893789809517, 47.3883759023224, 47.3873234401209, 47.3860115019255, 47.3854340166627, 47.3845252157621, 47.3834179938413, 47.3824811574752, 47.3814895263164, 47.3804130018543, 47.3795279574448, 47.3784094355424, 47.3774437003616, 47.3777831009045, 
47.3789048055074, 47.3787495870188, 47.3796127868955, 47.3799333709232, 47.3803790884191, 47.3816014703266, 47.382870437116, 47.3845622246621, 47.3852260223583, 47.3862367497216, 47.3885224747279, 47.4314005167199, 47.4404804408199, 47.4512553909245, 47.4512999999959, 47.4517000004554, 47.4540199995239, 47.445221913055, 47.4463673453709, 47.4469503938398, 47.447085103289, 47.4471781624363, 47.4473542568874, 47.4475010999897, 47.4479997578765, 47.4487771093701, 47.4500045094947, 47.4523599445502, 
47.4590299985308, 47.4696652821231, 47.4735153535469, 47.4738735103506, 47.493669999672, 47.4964699992942, 47.4986700000255, -21.2555200059457, -21.2634200060252, -21.2695700054445, -21.2721660568097, -21.277291426247, -21.2914300053709, -21.3061536024797, -21.3179922023453, -21.36977000452, -21.3830341116645, -21.3825856026731, -21.3824078471741, -21.3841243966522, -21.3856533034848, -21.3888900642506, -21.3940200049419, -21.3926237768891, -21.3892969625099, -21.3853407252215, -21.3825334581813, 
-21.3818235693314, -21.3810221052154, -21.3804044975992, -21.379557902805, -21.3786660523269, -21.3781169721512, -21.3771990674142, -21.3756119456668, -21.374760333555, -21.3728236165502, -21.3719908065646, -21.370790357324, -21.3698700415046, -21.3691354186004, -21.3683552387394, -21.3677815018513, -21.3670706507267, -21.3664972241046, -21.3655563138103, -21.3645466728286, -21.3636059001306, -21.3625326725838, -21.3616985603797, -21.3602825679264, -21.3597165382283, -21.3587715917766, -21.3579438908394, 
-21.3571871275258, -21.3565437939032, -21.3555099521653, -21.3540722123063, -21.3528364718699, -21.351747505288, -21.3511373998163, -21.3498184181314, -21.3492824959366, -21.3483171681495, -21.3478474369566, -21.3469725279073, -21.345339368965, -21.3447648649553, -21.3439151989763, -21.3431806138437, -21.3423604923926, -21.341428986309, -21.3408599519758, -21.3403696406972, -21.3390373283615, -21.3376650195773, -21.3363515174615, -21.3358622574904, -21.3350447287849, -21.333750491946, -21.3329542124217, 
-21.3316436322033, -21.3304332508498, -21.3304786432307, -21.329422101705, -21.3290556198776, -21.3295539935782, -21.3302618949263, -21.330833698272, -21.3312448818011, -21.331848431215, -21.331996538764, -21.3320732797127, -21.331725272658, -21.3313527653727, -21.3309339412036, -21.3302677612037, -21.3296856552245, -21.3291716647965, -21.3282954463342, -21.3279233122676, -21.3281827046246, -21.328169125761, -21.328659427147, -21.3287930313293, -21.3282689181323, -21.3279077683852, -21.3274252928996, 
-21.3268209367937, -21.3257773500021, -21.3250387511952, -21.3238861279009, -21.3234709774622, -21.3225301624961, -21.3217052971212, -21.3201763687047, -21.3187777151805, -21.317640953229, -21.3162933137478, -21.3153709438768, -21.3154785054915, -21.3143177424334, -21.3122207635422, -21.3113933359989, -21.3102422361562, -21.30973235563, -21.309052888147, -21.3093394337345, -21.3088966588208, -21.3082210476307, -21.3062892535148, -21.3049796022962, -21.3034007003523, -21.3029507659357, -21.3019885399102, 
-21.3015648414156, -21.3009555192535, -21.299841853691, -21.2979578729309, -21.2951621657763, -21.29467205055, -21.292916160229, -21.2916424809928, -21.2898759319066, -21.2882243845266, -21.2867837830248, -21.2848144278242, -21.2836216327134, -21.2826801612421, -21.2827226775911, -21.2823187578861, -21.2822545786676, -21.2810566718103, -21.2802593409785, -21.2789965705187, -21.2784206554725, -21.2781924039401, -21.2782345146948, -21.2785964657377, -21.278983653556, -21.2793896066279, -21.2794429975792, 
-21.2784671684084, -21.2782120028651, -21.2780456309846, -21.2779252666212, -21.2784652303692, -21.2784425998293, -21.2788277956491, -21.2788996721649, -21.2789603997852, -21.279024258845, -21.2790936820102, -21.2781864432327, -21.2764359614342, -21.2748810614963, -21.2734027972865, -21.2714960618802, -21.2698162604994, -21.2682649830308, -21.2677369739707, -21.2670033088446, -21.2666411761385, -21.2662652154568, -21.2658015609831, -21.2656306205467, -21.2653707326633, -21.2644561617133, -21.2654252081997, 
-21.2643089993549, -21.2593445600008, -21.259300005788, -21.2562800059165, -21.2500000049988, -21.1634196537427, -21.1625184233358, -21.1615393152369, -21.1596105248566, -21.1585773755968, -21.1570632814974, -21.1558011594488, -21.1553724436365, -21.1557758849021, -21.1557271848148, -21.1559579328653, -21.1587200035773, -21.1558316024007, -21.1537935785663, -21.1537913860192, -21.2041000053406, -21.2284300058568, -21.2555200059457))
"RANOMAFANA_SAHANDRAZANA","<b>Fokontany:</b> Sahandrazana<br><b>Mois:</b> 2024-11-01<br><b>Cas Prédit:</b> 30<br><b>Éventail:</b> 20 - 46",2024-11-01,31.6262605249022,"SAHANDRAZANA","RANOMAFANA","RANOMAFANA",list(c(47.5128500001415, 47.5115719978635, 47.5107193200546, 47.5090061924958, 47.5087686968319, 47.5080347295331, 47.5075562848088, 47.5070675338536, 47.5062147876964, 47.5054876453527, 47.5046365836255, 47.5035411176426, 47.5025695359694, 47.5008630265216, 47.4997657762837, 47.4996499993622, 47.5001205957032, 47.5006493583955, 47.5016474925523, 47.5037591897498, 47.5061153730414, 47.5071050292891, 47.5085903918488, 47.5080676932851, 47.5075369197087, 47.5068260209198, 47.5058762037394, 47.5047487560658, 
47.5040966288718, 47.5030867504686, 47.5021356616469, 47.5010669738771, 47.5005320049634, 47.4998235406392, 47.4988181768327, 47.4982260506071, 47.4977568913827, 47.4972906189823, 47.4964649190361, 47.4960649518514, 47.4950925643856, 47.4940560858348, 47.4935638320202, 47.4926542127367, 47.4915484755965, 47.4905904377133, 47.4895583406595, 47.4883770487763, 47.4872926048843, 47.4864794306954, 47.485370551324, 47.4838677491113, 47.4823657041277, 47.4804936213971, 47.4792383018196, 47.4775152196649, 
47.4760874379979, 47.4744632057253, 47.4730852716807, 47.4724448419685, 47.4717054256774, 47.4709411017629, 47.4704478766806, 47.4697324965698, 47.4685983390543, 47.4673655456954, 47.4659849109866, 47.4648000658819, 47.4639869969139, 47.4627537646858, 47.4613003109717, 47.4600937994003, 47.4585174029665, 47.4574096324592, 47.4555620661468, 47.4553875509051, 47.455508427882, 47.4558441394058, 47.4557149248141, 47.4555301546031, 47.4758999994969, 47.513404666906, 47.5128500001415, -21.3794700048729, 
-21.3806921259761, -21.3818501865715, -21.3831291196469, -21.384283146783, -21.3848641816695, -21.3867112668433, -21.3871754474205, -21.3883334891301, -21.3898364487231, -21.3912249677873, -21.3928455667977, -21.3945806027399, -21.3967813984687, -21.398171495843, -21.3988300055251, -21.3999282306275, -21.4011621886076, -21.4029996564316, -21.4056365891786, -21.4080414015096, -21.4087264124138, -21.4098691602529, -21.4110392555759, -21.4118244185802, -21.412443253771, -21.413007811279, -21.4137410303413, 
-21.4142478019112, -21.4147569027252, -21.4151539435157, -21.4157750872662, -21.4160019070779, -21.4169557118516, -21.4180789453014, -21.4186411411896, -21.4197050535587, -21.421159792403, -21.4223935201566, -21.4229399041647, -21.4220753723924, -21.421159111616, -21.4209539897472, -21.4208884588477, -21.4209619280629, -21.4210347200885, -21.4210385485024, -21.4206749903708, -21.4200350372997, -21.4195550655266, -21.4188692479305, -21.4180236504845, -21.4173623457094, -21.4164262171103, -21.4159479027878, 
-21.4153102600749, -21.4147404415329, -21.4142633071209, -21.4138314508759, -21.4135117616737, -21.4130083841451, -21.4124362894189, -21.412046790343, -21.4114055098725, -21.4105814278072, -21.4096196514428, -21.4086356528306, -21.4074206498612, -21.406894553659, -21.4058635897516, -21.4049717392735, -21.404470104631, -21.4035787146058, -21.4030995881954, -21.4020481278393, -21.4014965511456, -21.400989987319, -21.399033241513, -21.3975612114036, -21.3974153593543, -21.3914300042187, -21.3789513973255, 
-21.3794700048729))
"RANOMAFANA_TSARAMANDROSO","<b>Fokontany:</b> Tsaramandroso<br><b>Mois:</b> 2024-11-01<br><b>Cas Prédit:</b> 123<br><b>Éventail:</b> 88 - 171",2024-11-01,42.5814256745653,"TSARAMANDROSO","RANOMAFANA","RANOMAFANA",list(c(47.5171949091181, 47.5176695605028, 47.5168994548474, 47.5170999982686, 47.5169279363777, 47.516889838398, 47.5169299823355, 47.5168455818609, 47.516424994121, 47.5163847548555, 47.5168522953001, 47.5176827463648, 47.5188401279728, 47.5204684557581, 47.5226298369012, 47.5246806149224, 47.5266527301435, 47.5275757160508, 47.5286489013301, 47.5298259241316, 47.5315501178484, 47.532670165001, 47.5336869250166, 47.5348313608837, 47.5358950304366, 47.537183396502, 47.5381200476077, 47.5390859941291, 
47.5403322827147, 47.5412403470704, 47.5418539536033, 47.5421642314005, 47.5423524010489, 47.5424323498795, 47.5428223516768, 47.5437107109872, 47.5444727785028, 47.5451411591442, 47.5453878117053, 47.5459300003766, 47.5459946751217, 47.5456151450306, 47.5449002766341, 47.5443730041184, 47.5439751566358, 47.543572438425, 47.5436255784654, 47.5439380775881, 47.5438726860834, 47.5446180630811, 47.5454484889646, 47.5458114355574, 47.5455206064989, 47.5447902220993, 47.544503995771, 47.5446551610151, 
47.5441910838598, 47.5432480232858, 47.5419886135917, 47.5408887247427, 47.5388325633797, 47.5372334599637, 47.5359345637364, 47.5344534315877, 47.5328285446087, 47.5315228045409, 47.5306689738013, 47.5304602033829, 47.530551295713, 47.5305401387238, 47.5302036555817, 47.5293425457292, 47.5284915568473, 47.5279455829298, 47.5277765445593, 47.5273382455711, 47.5265707578418, 47.5220842434004, 47.5178625118524, 47.5149143048581, 47.5106299993816, 47.5060199999289, 47.4986700000255, 47.4964699992942, 
47.493669999672, 47.4738735103506, 47.4735153535469, 47.4796060624664, 47.4895461278487, 47.4943388938225, 47.4950097008346, 47.4982457403467, 47.5003538978125, 47.5030505194645, 47.5049139516164, 47.5063604328867, 47.5075617059072, 47.5121709418353, 47.5165596190314, 47.5171949091181, -21.1531327306494, -21.163066644663, -21.1713917677645, -21.1850000049875, -21.1891105956166, -21.1907152640364, -21.1921144967241, -21.1936031705865, -21.1948089366191, -21.1954730958423, -21.1964235614334, -21.197565297535, 
-21.1983469819619, -21.1989099305828, -21.1997132571948, -21.2000103266489, -21.2005348310511, -21.2008753944173, -21.201175447822, -21.2013534344467, -21.2022888004206, -21.2029752232605, -21.2035742553798, -21.2042593724041, -21.2048100938425, -21.2054191587986, -21.2063675739354, -21.2074072396829, -21.2086177847129, -21.2099598465989, -21.2108539291943, -21.2116004303441, -21.2128371924103, -21.2138940235176, -21.21475233378, -21.2161870896885, -21.2175588894565, -21.2183631702491, -21.2209776882932, 
-21.2230500041768, -21.2265325253764, -21.2282710947549, -21.2289764267399, -21.2296318202711, -21.2301263367796, -21.2313670324804, -21.2323788723045, -21.2331716399761, -21.2337975708178, -21.2343859099981, -21.2347162507706, -21.2355295634544, -21.2365578159057, -21.2371910141688, -21.2383112537756, -21.2397797009858, -21.2407927378074, -21.2411360575956, -21.2406177612136, -21.2393769252184, -21.2377653428104, -21.2368704679123, -21.2365381135577, -21.2369521326491, -21.2383877582019, -21.2402694960528, 
-21.2423147747183, -21.2435005326341, -21.2447644740112, -21.2459641687207, -21.2470632661655, -21.2480252601657, -21.2496555835455, -21.2514416434232, -21.251994619462, -21.2539750444175, -21.2557854579363, -21.2571324579993, -21.2590130743954, -21.2612823588939, -21.2637800055413, -21.2585500053795, -21.2555200059457, -21.2284300058568, -21.2041000053406, -21.1537913860192, -21.1537935785663, -21.15056934086, -21.1453065496185, -21.1434263109377, -21.1436560175733, -21.1451935722871, -21.1468686837035, 
-21.147740596212, -21.1479465643429, -21.1490708895698, -21.1501956500687, -21.1524207355869, -21.1532001896953, -21.1531327306494))
"RANOMAFANA_VOHIMARINA","<b>Fokontany:</b> Vohimarina<br><b>Mois:</b> 2024-11-01<br><b>Cas Prédit:</b> 35<br><b>Éventail:</b> 24 - 51",2024-11-01,18.0413640018622,"VOHIMARINA","RANOMAFANA","RANOMAFANA",list(c(47.5188522184677, 47.5182202360877, 47.5177571706695, 47.5177229100969, 47.5169284355115, 47.5164653593016, 47.515906081713, 47.5156902273349, 47.5155470669564, 47.5157738543928, 47.5162947992786, 47.5168639154505, 47.5183976156709, 47.5197841571268, 47.520082477538, 47.5204572259341, 47.5204619959383, 47.5203940287755, 47.5201758514484, 47.5196413519809, 47.5190063604692, 47.5183216427437, 47.5176118195438, 47.5167558088474, 47.5159236733528, 47.5153855918855, 47.5149493955121, 47.5146856900066, 
47.5145432463878, 47.5145482025516, 47.513404666906, 47.4758999994969, 47.4555301546031, 47.455221786966, 47.4534405429565, 47.4505499986926, 47.449563196893, 47.4453082398918, 47.4394525481045, 47.4357936698494, 47.4557499992714, 47.4737465980337, 47.5011300001598, 47.5188522184677, -21.3472558224521, -21.3486385229026, -21.3494454351114, -21.3495026517785, -21.3508294269883, -21.3516363364991, -21.3528350851217, -21.3539864169895, -21.3549069495457, -21.3561027924589, -21.3572278335459, -21.3581459415298, 
-21.3604401912085, -21.3627122483171, -21.3635164032046, -21.3648264186487, -21.3658616993019, -21.3670814902618, -21.367680181538, -21.3689707905117, -21.3698014196415, -21.3704714901084, -21.3710497074189, -21.3719043655344, -21.3725285417988, -21.3731061844425, -21.3743729901603, -21.3757775306467, -21.3768363582489, -21.3779410737585, -21.3789513973255, -21.3914300042187, -21.3974153593543, -21.3971719443528, -21.3949295513818, -21.3889800045508, -21.3883447423435, -21.3853498353555, -21.3840640773245, 
-21.3830341116645, -21.36977000452, -21.3179922023453, -21.3378700056542, -21.3472558224521))
"TSARATANANA_AMBALAFARY","<b>Fokontany:</b> Ambalafary<br><b>Mois:</b> 2024-11-01<br><b>Cas Prédit:</b> 264<br><b>Éventail:</b> 199 - 349",2024-11-01,237.986582926771,"AMBALAFARY","TSARATANANA","TSARATANANA",list(c(47.8020159019359, 47.8028213365591, 47.8043948003037, 47.8058469455042, 47.8067338308259, 47.8072287871033, 47.8074313441058, 47.8076559389951, 47.8076110691204, 47.8076154614093, 47.8078640178352, 47.8093637560577, 47.8114031198836, 47.8137123369806, 47.8157760580448, 47.8173263237772, 47.8185325070962, 47.8195173888432, 47.8201087938127, 47.8202357250257, 47.8196028010555, 47.8172561946446, 47.8149819944505, 47.8149297393431, 47.8142644469738, 47.8149972973149, 47.8152837250916, 47.8152919844652, 
47.8154392961144, 47.8154125232971, 47.8154206585644, 47.8153031954141, 47.8153102083275, 47.8152284923292, 47.8152402770453, 47.815154070732, 47.8150084318219, 47.8151154016828, 47.8151252249776, 47.815298089064, 47.8159299994985, 47.7998699999268, 47.7610999998873, 47.7748999995574, 47.7750799997627, 47.8007199995517, 47.8020159019359, -21.0814907373204, -21.0827536004105, -21.0845240570508, -21.0865709464022, -21.0883661406941, -21.0901848333717, -21.0925799824873, -21.0941688678052, -21.0957582513476, 
-21.0976012491028, -21.0989827723407, -21.1004308732891, -21.1019468127974, -21.1036925200952, -21.1052313437523, -21.1071169846609, -21.1089343094696, -21.1104982934596, -21.1116026348512, -21.1132148647708, -21.1150128388671, -21.1178053651195, -21.1212119844376, -21.1231615482579, -21.1265995710026, -21.1313486622976, -21.1331415165534, -21.1340286698724, -21.1355313497764, -21.1361038276137, -21.1369772105135, -21.1381528096874, -21.1389057257013, -21.1404725767298, -21.1417374722876, -21.1428224584702, 
-21.1444199529981, -21.1455635920652, -21.1466176694484, -21.1479414795934, -21.1488000047937, -21.1346800056618, -21.1296800053127, -21.104630005769, -21.0772500057966, -21.0818700057086, -21.0814907373204))
"TSARATANANA_AMBALAFATAKANA EST","<b>Fokontany:</b> Ambalafatakana Est<br><b>Mois:</b> 2024-11-01<br><b>Cas Prédit:</b> 157<br><b>Éventail:</b> 120 - 206",2024-11-01,155.553352427531,"AMBALAFATAKANA EST","TSARATANANA","TSARATANANA",list(c(47.7962127755216, 47.7969882375396, 47.7987346400145, 47.8002115948123, 47.8013689575347, 47.8020159019359, 47.8007199995517, 47.7750799997627, 47.7530500000755, 47.7519046639848, 47.7524696468725, 47.754995638354, 47.7566245938661, 47.7585019807981, 47.7604610162794, 47.7619308034804, 47.763727889947, 47.7656876017184, 47.7674826323348, 47.7696799998495, 47.7717224735309, 47.7732711456646, 47.7753999983291, 47.7765379770641, 47.7777758884647, 47.779262933656, 47.7809984435421, 47.7822426780762, 
47.7828364536586, 47.7830952929327, 47.783279999292, 47.7829721775435, 47.7832365827219, 47.7834200246343, 47.7836300001444, 47.7835119317503, 47.7861461296606, 47.7880826865873, 47.7891730956826, 47.7903699997965, 47.7901583425544, 47.7898263344388, 47.7895300006301, 47.7896288586061, 47.7901177381644, 47.790076756958, 47.7907429918171, 47.7949231773849, 47.7962127755216, -21.0727859177529, -21.0736667776163, -21.076081678542, -21.07835930785, -21.080476369502, -21.0814907373204, -21.0818700057086, 
-21.0772500057966, -21.0701500057343, -21.031811101138, -21.0318319537183, -21.0311511543394, -21.0312415658827, -21.0311502190447, -21.0310582130036, -21.0310466917889, -21.0311092549258, -21.0310938540358, -21.0309263921772, -21.0304500060012, -21.0302029406518, -21.0298840293632, -21.0290800048777, -21.029934835663, -21.0313817045402, -21.0332865909407, -21.0355728240626, -21.0377096087465, -21.0401582360475, -21.0416895197885, -21.0436800045605, -21.0461372006019, -21.0482817734146, -21.0505036564469, 
-21.0526700036449, -21.0535076384934, -21.0546835920003, -21.0552152675965, -21.0561652484531, -21.0565800040893, -21.0578708468868, -21.0589979878909, -21.0611300061678, -21.0623730050324, -21.0641443996656, -21.0644895504735, -21.0662617904695, -21.0713210273613, -21.0727859177529))
"TSARATANANA_AMBATOHARANANA","<b>Fokontany:</b> Ambatoharanana<br><b>Mois:</b> 2024-11-01<br><b>Cas Prédit:</b> 118<br><b>Éventail:</b> 93 - 151",2024-11-01,51.7368047244447,"AMBATOHARANANA","TSARATANANA","TSARATANANA",list(c(47.7535799993414, 47.7497299998641, 47.7327799997213, 47.6950799995634, 47.7003299997493, 47.7037199995951, 47.7287799996176, 47.7535799993414, -21.1705800055251, -21.1874700055893, -21.2108200058781, -21.21847000522, -21.18455000583, -21.1300500052849, -21.1503800057045, -21.1705800055251))
"TSARATANANA_AMBATOHARANANAKELY","<b>Fokontany:</b> Ambatoharananakely<br><b>Mois:</b> 2024-11-01<br><b>Cas Prédit:</b> 103<br><b>Éventail:</b> 79 - 135",2024-11-01,85.6826438186468,"AMBATOHARANANAKELY","TSARATANANA","TSARATANANA",list(c(47.8144907155058, 47.81436869639, 47.8142403928117, 47.8143269741424, 47.8144923621648, 47.8148769779223, 47.8155569229459, 47.816798996409, 47.817626628099, 47.8184041828394, 47.8188608873529, 47.819172150807, 47.8196005149848, 47.8201043943356, 47.8204405384334, 47.8208009390455, 47.8212072626386, 47.8218581388757, 47.8225577988372, 47.8228678518039, 47.8171756324829, 47.8140192576158, 47.8108650690008, 47.8056860576979, 47.8007566388399, 47.7974681427724, 47.7938001948546, 47.788996092027, 
47.7846978857295, 47.7815412590522, 47.7781435538121, 47.7758852185581, 47.773504657344, 47.772641911625, 47.772049999438, 47.7697649516212, 47.7658468500817, 47.7631968960493, 47.7592787369532, 47.7565054265131, 47.7528519127143, 47.7495735609994, 47.7474499999459, 47.7457944478836, 47.7440054265371, 47.7422196229648, 47.7400480309191, 47.7382612641729, 47.7363469915471, 47.7348143480302, 47.7327799997233, 47.7327799997213, 47.7497299998641, 47.7526694474618, 47.7572916875865, 47.7632369095817, 
47.7659800001033, 47.7844499992956, 47.8060199993534, 47.8119199998394, 47.8144907155058, -21.2072787643494, -21.2076512977148, -21.2084781586853, -21.2102046987322, -21.2112182382748, -21.2123722177467, -21.2134362722088, -21.2148727485204, -21.2158915472985, -21.2170253396885, -21.2184790020444, -21.2197007400365, -21.2216598222813, -21.2233896718333, -21.2245660426256, -21.2256964904369, -21.2273560184009, -21.2291563262379, -21.230956790557, -21.2323625352355, -21.2339225694027, -21.2345415466861, 
-21.2353976293276, -21.2361516613999, -21.236547732721, -21.2365745397124, -21.2366043666272, -21.2368804980651, -21.23715241528, -21.2377708169972, -21.2396956107902, -21.2417298035129, -21.2442393149162, -21.2467366548951, -21.249270004628, -21.2503174243299, -21.2507044583639, -21.251437104558, -21.2518239947005, -21.2529132967294, -21.2546024726431, -21.2558142497441, -21.2592200048136, -21.2576228682159, -21.2556208226589, -21.2539745102323, -21.2516196318585, -21.249854684465, -21.2479721138418, 
-21.2463237356724, -21.2441500050403, -21.2108200058781, -21.1874700055893, -21.1871004885501, -21.1870640920878, -21.1913524346188, -21.1929000059815, -21.183750005815, -21.187600005292, -21.202130005344, -21.2072787643494))
"TSARATANANA_AMBODIGOAVY","<b>Fokontany:</b> Ambodigoavy<br><b>Mois:</b> 2024-11-01<br><b>Cas Prédit:</b> 48<br><b>Éventail:</b> 37 - 61",2024-11-01,56.8733099190764,"AMBODIGOAVY","TSARATANANA","TSARATANANA",list(c(47.6118999992968, 47.6311699994098, 47.6096499998601, 47.603710958006, 47.5982999998563, 47.5978630903192, 47.6075300001196, 47.6118999992968, -21.1857300053818, -21.1973200056549, -21.2094000060389, -21.2059612413532, -21.2045500054139, -21.183689408586, -21.1748700054983, -21.1857300053818))
"TSARATANANA_AMBODIMANGA EST","<b>Fokontany:</b> Ambodimanga Est<br><b>Mois:</b> 2024-11-01<br><b>Cas Prédit:</b> 58<br><b>Éventail:</b> 44 - 75",2024-11-01,26.5932788627112,"AMBODIMANGA EST","TSARATANANA","TSARATANANA",list(c(47.7327799997233, 47.7312599548091, 47.7282293591234, 47.7251997769737, 47.723445527015, 47.7201888525589, 47.7171756938285, 47.7122710710781, 47.7081159963809, 47.7038250341224, 47.698469999415, 47.6946256314915, 47.6910695403506, 47.6898444334973, 47.6886201018596, 47.6876169575799, 47.6871030310034, 47.6856843001136, 47.6844127126998, 47.6834334238365, 47.6826504767611, 47.6822106030599, 47.6810093354354, 47.6798024434508, 47.6793320719403, 47.6788809746998, 47.6785072425376, 47.6778399860489, 
47.6769530683516, 47.6759427609718, 47.6749336119187, 47.6740708365218, 47.67338066171, 47.6726152936825, 47.6721930017273, 47.672089683114, 47.6720847161582, 47.6721522453512, 47.6715587152838, 47.6711146291581, 47.6705222790011, 47.6697819948642, 47.6694609755645, 47.6688443131354, 47.6678138159756, 47.666856952607, 47.6652648764935, 47.6643332507995, 47.6634261361278, 47.6620783671433, 47.6610983381381, 47.6597993267977, 47.6592119238115, 47.6582066157628, 47.657469805707, 47.6536682095398, 47.6511923768461, 
47.6484304527222, 47.6456699998892, 47.663119999706, 47.6950799995634, 47.7327799997213, 47.7327799997233, -21.2441500050403, -21.2449282396676, -21.2455447168358, -21.2462797300455, -21.2481907965869, -21.2518923521671, -21.2545246264255, -21.2578829251699, -21.2601680152534, -21.2613866892551, -21.2632700036172, -21.2656073389155, -21.2675250739297, -21.2679221093244, -21.268480575724, -21.2690605125383, -21.2693850068181, -21.2703123940067, -21.2711240744209, -21.2716806675328, -21.272098612165, 
-21.2724231010489, -21.272727889384, -21.272090020042, -21.2713788973222, -21.2697475163397, -21.2687144776963, -21.2679353878137, -21.2674565473877, -21.2667714573432, -21.2662929523643, -21.2656761820169, -21.2651732775318, -21.2643948954155, -21.2635230764367, -21.2625568727099, -21.2616136484599, -21.2605552930018, -21.2597987689078, -21.2594097446739, -21.2587915084317, -21.2581969459429, -21.2577618467427, -21.2572583747852, -21.2573094724652, -21.2574520311971, -21.2580350697731, -21.2583157319956, 
-21.2585036273506, -21.2589245181618, -21.2592512436595, -21.2596717576547, -21.2599272793296, -21.2601853065156, -21.2600738697222, -21.2599708038183, -21.2589215324119, -21.257696413868, -21.2557200052846, -21.2134300057245, -21.21847000522, -21.2108200058781, -21.2441500050403))
"TSARATANANA_AMBODIMANGA OUEST","<b>Fokontany:</b> Ambodimanga Ouest<br><b>Mois:</b> 2024-11-01<br><b>Cas Prédit:</b> 80<br><b>Éventail:</b> 62 - 103",2024-11-01,72.998916000915,"AMBODIMANGA OUEST","TSARATANANA","TSARATANANA",list(c(47.6286500001089, 47.6093799999964, 47.608419999792, 47.5993200001257, 47.5956923364395, 47.5920590420978, 47.5892999994015, 47.595149584792, 47.5998821735303, 47.6026699999277, 47.6047868601329, 47.6093451575607, 47.6123005564335, 47.6140194594387, 47.617521211743, 47.6225417391189, 47.6261567628335, 47.6277999995795, 47.6286500001089, -21.1632800052274, -21.159680005588, -21.1515700057158, -21.1477000053171, -21.1451224727911, -21.1412476853016, -21.1355800048853, -21.1332252137462, -21.1325586623266, 
-21.1319000042565, -21.1318663525251, -21.1317247650611, -21.1315653152626, -21.1314725546902, -21.1307897597158, -21.1299864537887, -21.1288639442933, -21.1272700047855, -21.1632800052274))
"TSARATANANA_AMBODIRAFIA EST","<b>Fokontany:</b> Ambodirafia Est<br><b>Mois:</b> 2024-11-01<br><b>Cas Prédit:</b> 153<br><b>Éventail:</b> 118 - 199",2024-11-01,86.3698692636389,"AMBODIRAFIA EST","TSARATANANA","TSARATANANA",list(c(47.7610999998873, 47.7756499999721, 47.7535799993414, 47.7287799996176, 47.7037199995951, 47.7022306314547, 47.6976068993543, 47.6905499992963, 47.7182299996307, 47.7426199993332, 47.7610999998873, -21.1296800053127, -21.1466500054697, -21.1705800055251, -21.1503800057045, -21.1300500052849, -21.1238922680983, -21.1168617289737, -21.092230005911, -21.0919300055679, -21.116870005437, -21.1296800053127))
"TSARATANANA_AMBOHIMASINA","<b>Fokontany:</b> Ambohimasina<br><b>Mois:</b> 2024-11-01<br><b>Cas Prédit:</b> 52<br><b>Éventail:</b> 39 - 69",2024-11-01,35.6768276767322,"AMBOHIMASINA","TSARATANANA","TSARATANANA",list(c(47.7750799997627, 47.7748999995574, 47.7610999998873, 47.7426199993332, 47.7182299996307, 47.747194405415, 47.7530500000755, 47.7750799997627, -21.0772500057966, -21.104630005769, -21.1296800053127, -21.116870005437, -21.0919300055679, -21.0708090855863, -21.0701500057343, -21.0772500057966))
"TSARATANANA_AMBOHIMITA","<b>Fokontany:</b> Ambohimita<br><b>Mois:</b> 2024-11-01<br><b>Cas Prédit:</b> 73<br><b>Éventail:</b> 56 - 96",2024-11-01,66.2524033390543,"AMBOHIMITA","TSARATANANA","TSARATANANA",list(c(47.6055943191248, 47.6060485226236, 47.6127699998388, 47.6178699994048, 47.6211607824484, 47.6311999998851, 47.6326800024854, 47.6331781405641, 47.6327004152973, 47.6317245375627, 47.6292765865504, 47.6307765388117, 47.6305452349802, 47.6293361765288, 47.628741664402, 47.6288160401343, 47.6284509333701, 47.628486464685, 47.6262916647348, 47.6253363383077, 47.625347450331, 47.6265825819273, 47.6283048358064, 47.6314099673035, 47.6331506653786, 47.6352591987612, 47.6372431058932, 47.6378504108766, 
47.6380300000934, 47.6377383679403, 47.6370807395933, 47.6370715629111, 47.6366264515583, 47.636278999385, 47.6343710211141, 47.6323878361379, 47.6305299986684, 47.6282844958404, 47.6267828798334, 47.6248513681033, 47.6232676224098, 47.6213368966871, 47.6197513307657, 47.6184623558593, 47.6172223283538, 47.615419999739, 47.6133124942818, 47.6110875409626, 47.6097011415996, 47.6075796013225, 47.6054551346515, 47.6037269398509, 47.6022938404927, 47.6006628066474, 47.5988338374156, 47.5975479444858, 
47.5969299987242, 47.5980176918667, 47.5985005252827, 47.5987364786093, 47.5988252542856, 47.5995345756636, 47.5986427350775, 47.5984655785269, 47.5984954872802, 47.5986981090336, 47.5983326821106, 47.5980604915014, 47.5977875796359, 47.5965762027319, 47.5958999997874, 47.5957604313008, 47.5956360289814, 47.5965877437312, 47.5993499997047, 47.6011096743739, 47.6023293628119, 47.6039001996367, 47.6055943191248, -21.0474845145188, -21.0479223395642, -21.0498300057693, -21.0530000053637, -21.0538501866544, 
-21.0513700057407, -21.0528382856771, -21.0537560609118, -21.0553672494165, -21.0560606617871, -21.0567735498759, -21.0602133289966, -21.0613621013939, -21.0629784753895, -21.0656292235216, -21.0736676274664, -21.0749347686314, -21.0781500832648, -21.0804689365958, -21.082544144699, -21.0839260366589, -21.085525064531, -21.0866599675839, -21.0896619927058, -21.0937700796224, -21.0981044269724, -21.1020962540315, -21.1042141448585, -21.1058800058484, -21.1058227118395, -21.1059179158697, -21.1055706282727, 
-21.1046903340829, -21.1038341794955, -21.1028936307285, -21.1015658500767, -21.100170005135, -21.0985624220122, -21.0974873598484, -21.0964367574454, -21.095707590728, -21.094749488094, -21.0937889285124, -21.0929188092521, -21.0920020628419, -21.0902700045548, -21.0901785758783, -21.0894075106461, -21.0886768276717, -21.0885065581294, -21.0879660880629, -21.0876542058754, -21.0872477051161, -21.0867500166987, -21.0861611361265, -21.0856610240362, -21.0845300060547, -21.082696196673, -21.0813971628503, 
-21.0800535649224, -21.0788035342586, -21.076204007913, -21.075611776467, -21.0748057150168, -21.073522310512, -21.0721739182983, -21.0699877329552, -21.0690649017319, -21.0681646560827, -21.0634121707462, -21.0606000050987, -21.0577842610489, -21.0552742721054, -21.0537046349772, -21.0511500045869, -21.049230955663, -21.048317566422, -21.0474839974086, -21.0474845145188))
"TSARATANANA_AMBOHINIHAONANA","<b>Fokontany:</b> Ambohinihaonana<br><b>Mois:</b> 2024-11-01<br><b>Cas Prédit:</b> 102<br><b>Éventail:</b> 80 - 131",2024-11-01,98.0455785697404,"AMBOHINIHAONANA","TSARATANANA","TSARATANANA",list(c(47.7037199995951, 47.7003299997493, 47.6655999998552, 47.6629499999562, 47.6673699996381, 47.6699689027551, 47.6714641938299, 47.6728730105934, 47.6738552420383, 47.675296332772, 47.6785326375839, 47.6799799992902, 47.6905499992963, 47.6976068993543, 47.7022306314547, 47.7037199995951, -21.1300500052849, -21.18455000583, -21.1651700060513, -21.14482000561, -21.1150800056252, -21.1121733419153, -21.1105518804549, -21.108534788341, -21.1066546126126, -21.1046644426033, -21.1034093235757, -21.0996300054167, 
-21.092230005911, -21.1168617289737, -21.1238922680983, -21.1300500052849))
"TSARATANANA_AMBOHIPO","<b>Fokontany:</b> Ambohipo<br><b>Mois:</b> 2024-11-01<br><b>Cas Prédit:</b> 71<br><b>Éventail:</b> 56 - 91",2024-11-01,52.4653105438817,"AMBOHIPO","TSARATANANA","TSARATANANA",list(c(47.5885799994751, 47.6075300001196, 47.5478799994669, 47.5441700001493, 47.5484469824462, 47.5600820252703, 47.5728275329705, 47.5811464237754, 47.5885799994751, -21.1639500055451, -21.1748700054983, -21.1728200053886, -21.1693700045733, -21.1644239680459, -21.1635659176882, -21.1629595300147, -21.1634226350032, -21.1639500055451))
"TSARATANANA_AMBOHITSARA I","<b>Fokontany:</b> Ambohitsara I<br><b>Mois:</b> 2024-11-01<br><b>Cas Prédit:</b> 95<br><b>Éventail:</b> 75 - 121",2024-11-01,39.7449091441523,"AMBOHITSARA I","TSARATANANA","TSARATANANA",list(c(47.7003299997493, 47.6950799995634, 47.663119999706, 47.6442199995675, 47.6655999998552, 47.7003299997493, -21.18455000583, -21.21847000522, -21.2134300057245, -21.183350005348, -21.1651700060513, -21.18455000583))
"TSARATANANA_ANALAMARINA","<b>Fokontany:</b> Analamarina<br><b>Mois:</b> 2024-11-01<br><b>Cas Prédit:</b> 139<br><b>Éventail:</b> 108 - 179",2024-11-01,93.0415296306396,"ANALAMARINA","TSARATANANA","TSARATANANA",list(c(47.6920799997022, 47.6840499999176, 47.6800715107043, 47.6799799992902, 47.6785326375839, 47.675296332772, 47.6738552420383, 47.6728730105934, 47.6714641938299, 47.6699689027551, 47.6673699996381, 47.6615046878027, 47.6512997918623, 47.6493344530328, 47.6440769875725, 47.6414186428653, 47.6380300000934, 47.6378504108766, 47.6372431058932, 47.6352591987612, 47.6331506653786, 47.6314099673035, 47.6283048358064, 47.6265825819273, 47.625347450331, 47.6253363383077, 47.6262916647348, 47.628486464685, 
47.6284509333701, 47.6288160401343, 47.628741664402, 47.6293361765288, 47.6305452349802, 47.6307765388117, 47.6292765865504, 47.6317245375627, 47.6327004152973, 47.6331781405641, 47.6326800024854, 47.6311999998851, 47.6211607824484, 47.6178699994048, 47.6127699998388, 47.6060485226236, 47.6055943191248, 47.6064428906293, 47.6069897368892, 47.6074378169042, 47.6079521868464, 47.6094625406664, 47.6099059388108, 47.6102797887839, 47.6104594310606, 47.6108460604001, 47.6113705063465, 47.6120414077875, 
47.6122515163971, 47.6120731934258, 47.6117126066541, 47.6113889838171, 47.610686241879, 47.610001498073, 47.6095227304918, 47.6095436208436, 47.6094335923885, 47.6095824005095, 47.6098215518252, 47.6099108338199, 47.6104750271029, 47.6112770344098, 47.6118964847372, 47.6117660533629, 47.6110945367855, 47.6102979389007, 47.6102377688598, 47.6105660016216, 47.6110062350516, 47.6118603679637, 47.6123802084819, 47.6130710344029, 47.6138349311394, 47.6144767341162, 47.6146832841085, 47.614919703284, 
47.6151548661064, 47.615537600482, 47.616171754725, 47.6167220435897, 47.6172746086385, 47.6170426078322, 47.616516288598, 47.6158780829092, 47.6153363537916, 47.6150672784339, 47.6150882614159, 47.6143684530434, 47.6137698795779, 47.6129261185471, 47.6120194895094, 47.6112611514825, 47.6107561003152, 47.6103310780181, 47.6102577877679, 47.6104428052925, 47.6104534613593, 47.627279999875, 47.6457299999443, 47.6920799997022, -21.0343700060029, -21.049000006169, -21.0984916750478, -21.0996300054167, 
-21.1034093235757, -21.1046644426033, -21.1066546126126, -21.108534788341, -21.1105518804549, -21.1121733419153, -21.1150800056252, -21.1117837493094, -21.1080734370297, -21.1078618517333, -21.1062677998099, -21.1056001772973, -21.1058800058484, -21.1042141448585, -21.1020962540315, -21.0981044269724, -21.0937700796224, -21.0896619927058, -21.0866599675839, -21.085525064531, -21.0839260366589, -21.082544144699, -21.0804689365958, -21.0781500832648, -21.0749347686314, -21.0736676274664, -21.0656292235216, 
-21.0629784753895, -21.0613621013939, -21.0602133289966, -21.0567735498759, -21.0560606617871, -21.0553672494165, -21.0537560609118, -21.0528382856771, -21.0513700057407, -21.0538501866544, -21.0530000053637, -21.0498300057693, -21.0479223395642, -21.0474845145188, -21.0474847708256, -21.0471298210048, -21.046795315472, -21.0467832636573, -21.0470905709936, -21.0469627125798, -21.0466721874922, -21.0463096276082, -21.045469150902, -21.0450217588688, -21.0445778589031, -21.0439632999886, -21.0432024177801, 
-21.0418652850783, -21.0410557369566, -21.0407428061595, -21.0407278270515, -21.0402592101186, -21.039365394622, -21.038835492489, -21.0376923894178, -21.0368721366658, -21.0361861598898, -21.0361297211362, -21.0363759087476, -21.0360452765948, -21.035331478392, -21.0347439647894, -21.0342685345926, -21.0336936843438, -21.0332651663823, -21.033274514835, -21.0333848463615, -21.0331203971168, -21.0328829778955, -21.0326473024596, -21.0324085261613, -21.0319543190655, -21.0312486813109, -21.0306119244304, 
-21.0299317959457, -21.0289597286392, -21.0284438334471, -21.0278364637131, -21.0272814525086, -21.0267657650598, -21.0257890626474, -21.024883379697, -21.0238227948194, -21.0229063946482, -21.0233495158011, -21.0238414665436, -21.0243503713055, -21.0244001730623, -21.0243840131445, -21.0240064705551, -21.0233319817188, -21.0222756668224, -21.021683864353, -21.0216522999479, -21.0206200059442, -21.0214800060337, -21.0343700060029))
"TSARATANANA_ANDRORANGAVOLA VATOFOTSY","<b>Fokontany:</b> Androrangavola Vatofotsy<br><b>Mois:</b> 2024-11-01<br><b>Cas Prédit:</b> 57<br><b>Éventail:</b> 44 - 73",2024-11-01,39.3238022262455,"ANDRORANGAVOLA VATOFOTSY","TSARATANANA","TSARATANANA",list(c(47.5478799994669, 47.5520267419455, 47.5549883956034, 47.5618862172814, 47.5658357950928, 47.5724821078708, 47.5746874838484, 47.5761743923428, 47.5788978380735, 47.5811996510522, 47.5837316257234, 47.5856600437856, 47.5873199998279, 47.5982999998563, 47.603710958006, 47.6096499998601, 47.6233699985421, 47.6215119101619, 47.6194420296411, 47.6175106051452, 47.6169226913439, 47.616384572105, 47.615928712055, 47.6149185836402, 47.614069596649, 47.6134763948341, 47.6128546521346, 47.6117502118169, 
47.6107074290185, 47.6100946462646, 47.6100449299432, 47.6104556071542, 47.6110913199221, 47.6119128371215, 47.6121012253049, 47.6119925467322, 47.6114546001631, 47.6108920445453, 47.6105213790715, 47.6102340492749, 47.6096052594881, 47.6090085844914, 47.6082616885388, 47.6073525917613, 47.6069927235478, 47.6054590664951, 47.6041628070802, 47.6026598618752, 47.601509885285, 47.6007104266568, 47.5994486193701, 47.5981967118204, 47.5973677014697, 47.5965222227338, 47.5955233133616, 47.5944133943739, 
47.5935369807583, 47.5925005004089, 47.5921686208963, 47.5909199940735, 47.5894096501461, 47.5877384408871, 47.5861417233725, 47.5841509229373, 47.582370019771, 47.5804934764031, 47.5798285797353, 47.5790990577854, 47.5784147294662, 47.5773815325415, 47.5764125004462, 47.5753288857291, 47.5746561460738, 47.5740839874954, 47.5726119852641, 47.571918849884, 47.570782347836, 47.569453242482, 47.568517115681, 47.568109705707, 47.5671978740911, 47.5666832649291, 47.5658247271377, 47.5645415258788, 47.5640554953729, 
47.5634365054982, 47.5630058399554, 47.5626683450759, 47.5620426453594, 47.5616243643804, 47.561602514452, 47.5614247328725, 47.5610834869208, 47.5608888268652, 47.5605478597032, 47.5601332488575, 47.559546951138, 47.5587891949723, 47.5582506170793, 47.5577859292841, 47.5575178197983, 47.5573848784162, 47.5572129469267, 47.556595531765, 47.5562407950832, 47.555848428069, 47.5555208787921, 47.5550373690858, 47.554422332631, 47.5537145077247, 47.5532561673446, 47.5527538123448, 47.5522106029432, 47.551845739895, 
47.5513921281501, 47.5509298739203, 47.5505909985814, 47.5501271831286, 47.5495356783343, 47.5487112922976, 47.5480550210277, 47.547265259789, 47.5465469460897, 47.5460945655168, 47.5457458057292, 47.5451296649069, 47.54483790505, 47.5443219181266, 47.54389552886, 47.543200352019, 47.5427404980799, 47.5421549602874, 47.5414405667329, 47.5402512969639, 47.5395022543297, 47.538752478748, 47.537849878673, 47.5370693453781, 47.5365524789177, 47.5362721431488, 47.5359569298722, 47.5359339090265, 47.5358605387366, 
47.5356639316487, 47.5353416461036, 47.5347826023386, 47.534486595883, 47.5340797965486, 47.5376901707682, 47.5441700001493, 47.5478799994669, -21.1728200053886, -21.1748287077275, -21.178033449931, -21.1821238498812, -21.1860081620906, -21.1898739842388, -21.1898589205948, -21.1937184852599, -21.1956752130798, -21.1975783511982, -21.1981253170678, -21.1984506513145, -21.1994800054354, -21.2045500054139, -21.2059612413532, -21.2094000060389, -21.2380500043231, -21.2379657765182, -21.2374692913936, 
-21.2362369270121, -21.2355343388585, -21.2351441320161, -21.2349119675334, -21.2344517178927, -21.233776370204, -21.2332736419858, -21.2327028090085, -21.2318548229633, -21.2307732497077, -21.2294413807378, -21.2284984325798, -21.2274184475272, -21.2263972754384, -21.2251602723538, -21.2240671778837, -21.2229428760392, -21.221630235474, -21.2184509234, -21.2174995135209, -21.2167292873563, -21.2160201764199, -21.2154485790189, -21.2148373916628, -21.2144187122844, -21.2141355994092, -21.2140221877046, 
-21.2141978190047, -21.2141987632928, -21.2138827873913, -21.2132053200004, -21.2126411599927, -21.2122609545107, -21.2119534322365, -21.2118086045149, -21.2120159683935, -21.2124595050331, -21.213122700183, -21.2140241023604, -21.2142702809786, -21.2144200819509, -21.2147438666656, -21.2152827044623, -21.2158407688651, -21.2163942017593, -21.2167305203253, -21.217117156859, -21.2171245546821, -21.2168360206936, -21.2164754779888, -21.2160388589342, -21.2154149371779, -21.2149577632188, -21.214343655764, 
-21.2133088517514, -21.2120757939926, -21.2114951664989, -21.2114323587466, -21.2109869829932, -21.2105225479078, -21.2098038591916, -21.2083931088864, -21.2079788595685, -21.207579928403, -21.2066018509271, -21.2057939251823, -21.2052691608762, -21.204574325778, -21.2037828873043, -21.2026586376205, -21.2017328206481, -21.2013186055043, -21.2003928550818, -21.1999333797575, -21.1994740420294, -21.1988542373695, -21.1983252543436, -21.1978188820726, -21.1974034240658, -21.1973099584249, -21.197078812874, 
-21.1967339984127, -21.1961963342311, -21.1959908760158, -21.1951521943564, -21.1946171516986, -21.1946316469713, -21.1950143435752, -21.1957836632232, -21.1958848990065, -21.1957778787837, -21.1954698996539, -21.1949550332862, -21.1940949486614, -21.1929401076389, -21.1913946424887, -21.1902150467275, -21.1889922835081, -21.1878821324961, -21.1869980836368, -21.1866360849296, -21.1864157879007, -21.1856188626631, -21.1849157322183, -21.1843553466652, -21.1835684533652, -21.1826839845224, -21.1815540367341, 
-21.1805796995387, -21.1799513890909, -21.1793175253294, -21.1790783964968, -21.178973897973, -21.1791417942043, -21.1797119652805, -21.1803147745523, -21.1809407332729, -21.1818155335043, -21.1827154877732, -21.1828193936437, -21.1822397760887, -21.1810636732944, -21.1799624147787, -21.1789292340426, -21.1779160596246, -21.1770380766925, -21.1758105110935, -21.174864040291, -21.1738076759318, -21.171515472211, -21.1693700045733, -21.1728200053886))
"TSARATANANA_ANTARALAVA","<b>Fokontany:</b> Antaralava<br><b>Mois:</b> 2024-11-01<br><b>Cas Prédit:</b> 28<br><b>Éventail:</b> 22 - 36",2024-11-01,51.6631294231674,"ANTARALAVA","TSARATANANA","TSARATANANA",list(c(47.6075300001196, 47.5978630903192, 47.5982999998563, 47.5873199998279, 47.5856600437856, 47.5837316257234, 47.5811996510522, 47.5788978380735, 47.5761743923428, 47.5746874838484, 47.5724821078708, 47.5658357950928, 47.5618862172814, 47.5549883956034, 47.5520267419455, 47.5478799994669, 47.6075300001196, -21.1748700054983, -21.183689408586, -21.2045500054139, -21.1994800054354, -21.1984506513145, -21.1981253170678, -21.1975783511982, -21.1956752130798, -21.1937184852599, -21.1898589205948, 
-21.1898739842388, -21.1860081620906, -21.1821238498812, -21.178033449931, -21.1748287077275, -21.1728200053886, -21.1748700054983))
"TSARATANANA_BEFARY","<b>Fokontany:</b> Befary<br><b>Mois:</b> 2024-11-01<br><b>Cas Prédit:</b> 181<br><b>Éventail:</b> 140 - 234",2024-11-01,76.0112202807535,"BEFARY","TSARATANANA","TSARATANANA",list(c(47.8159299994985, 47.8157311539982, 47.8157426680184, 47.8161083098794, 47.8163536161554, 47.8164510181291, 47.8167817770866, 47.81698782166, 47.817115922891, 47.8173754420526, 47.8175859283776, 47.8177202745008, 47.8176420460734, 47.8179581253971, 47.8183312685034, 47.8183124924577, 47.8183292836997, 47.81888757743, 47.8195418315207, 47.8202178608961, 47.8206241044496, 47.8206906389926, 47.8199984416055, 47.8191119169121, 47.8184461784791, 47.8173371579142, 47.8164734256388, 47.8165826743817, 
47.8172353042968, 47.8177172213037, 47.8181006526542, 47.8182614334496, 47.8174459084331, 47.8163148724646, 47.8154043025976, 47.8141985149806, 47.8138516311789, 47.8138436200182, 47.8139115916778, 47.8139787908198, 47.8139760793639, 47.8141865899705, 47.8145741752895, 47.8148875098822, 47.8151515265534, 47.8152200378062, 47.8148948114781, 47.8144907155058, 47.8119199998394, 47.8060199993534, 47.7844499992956, 47.7659800001033, 47.7632369095817, 47.7572916875865, 47.7526694474618, 47.7497299998641, 
47.7535799993414, 47.7756499999721, 47.7610999998873, 47.7998699999268, 47.8159299994985, -21.1488000047937, -21.1496245787881, -21.1508593560507, -21.1521966389393, -21.1544521494214, -21.1560769329775, -21.1588355089237, -21.1607111682568, -21.1623032974294, -21.1641916255123, -21.1657231358824, -21.1667006135104, -21.1683743390714, -21.16994670834, -21.1718028838611, -21.1730194192752, -21.1730701275488, -21.1736937804078, -21.1747315243039, -21.176229688712, -21.1777724100308, -21.178899095978, 
-21.1800444599446, -21.1810051463306, -21.1818291060882, -21.1831331194569, -21.1843464892573, -21.1864391900737, -21.1876841080916, -21.1889513113099, -21.1902407745474, -21.1919198573698, -21.193271691289, -21.1941615668558, -21.1950072866095, -21.1960806508532, -21.1967687599218, -21.1981015246164, -21.1989984625593, -21.1999416922051, -21.2004243295686, -21.2017592463409, -21.2025908997985, -21.2033988902945, -21.2042750206232, -21.2050353515473, -21.2060450276025, -21.2072787643494, -21.202130005344, 
-21.187600005292, -21.183750005815, -21.1929000059815, -21.1913524346188, -21.1870640920878, -21.1871004885501, -21.1874700055893, -21.1705800055251, -21.1466500054697, -21.1296800053127, -21.1346800056618, -21.1488000047937))
"TSARATANANA_MAROFOTOTRA","<b>Fokontany:</b> Marofototra<br><b>Mois:</b> 2024-11-01<br><b>Cas Prédit:</b> 63<br><b>Éventail:</b> 48 - 82",2024-11-01,46.4246386098572,"MAROFOTOTRA","TSARATANANA","TSARATANANA",list(c(47.7519046639848, 47.7530500000755, 47.747194405415, 47.7182299996307, 47.6905499992963, 47.6799799992902, 47.6800715107043, 47.6840499999176, 47.6920799997022, 47.7031699994061, 47.7037999996793, 47.7054573647749, 47.7069319948253, 47.7071119977305, 47.7087470128747, 47.7084811525936, 47.7082071426561, 47.7099536611433, 47.7116966893616, 47.7146056373515, 47.7173788326785, 47.7182673718535, 47.7184395209791, 47.7180204638854, 47.7197718279198, 47.7226786481138, 47.726016249863, 47.7306299994883, 
47.7332720718623, 47.7358980913378, 47.7386669447381, 47.7425947760429, 47.7462275173012, 47.7494199657743, 47.7519046639848, -21.031811101138, -21.0701500057343, -21.0708090855863, -21.0919300055679, -21.092230005911, -21.0996300054167, -21.0984916750478, -21.049000006169, -21.0343700060029, -21.0193800054236, -20.9986200049609, -21.0007057953868, -21.0034207937839, -21.007508544331, -21.0119942511785, -21.0148586170748, -21.0167689218905, -21.0173009734032, -21.0174241265642, -21.0180836533798, 
-21.0198345794434, -21.0218723730516, -21.0250060130554, -21.0269174240372, -21.0279945366554, -21.0283813251749, -21.0282195686152, -21.0273000055286, -21.0278914077999, -21.029370535359, -21.0305759191798, -21.0314996928927, -21.0318804640484, -21.0317193837791, -21.031811101138))
"TSARATANANA_SAHOFIKA","<b>Fokontany:</b> Sahofika<br><b>Mois:</b> 2024-11-01<br><b>Cas Prédit:</b> 69<br><b>Éventail:</b> 54 - 88",2024-11-01,43.5655333320779,"SAHOFIKA","TSARATANANA","TSARATANANA",list(c(47.663119999706, 47.6456699998892, 47.6450764698217, 47.644681504666, 47.6436187371331, 47.6421823714372, 47.6405533565697, 47.6382646575052, 47.6355921250934, 47.6339683523743, 47.6316799995487, 47.6278812893061, 47.6260729397302, 47.6233699985421, 47.6096499998601, 47.6311699994098, 47.6365499992968, 47.6442199995675, 47.663119999706, -21.2134300057245, -21.2557200052846, -21.2537181314982, -21.2518530724739, -21.249548112769, -21.2479574467933, -21.2460123642947, -21.2446057292871, -21.2426681327452, 
-21.2413455843489, -21.2399500038079, -21.2395213608405, -21.2388227063215, -21.2380500043231, -21.2094000060389, -21.1973200056549, -21.1877500059047, -21.183350005348, -21.2134300057245))
"TSARATANANA_SANDRAKELY","<b>Fokontany:</b> Sandrakely<br><b>Mois:</b> 2024-11-01<br><b>Cas Prédit:</b> 79<br><b>Éventail:</b> 62 - 101",2024-11-01,86.0263685587301,"SANDRAKELY","TSARATANANA","TSARATANANA",list(c(47.6673699996381, 47.6629499999562, 47.6655999998552, 47.6396799997434, 47.6277999995795, 47.6282272315107, 47.6286717511095, 47.6290029156609, 47.6291011800842, 47.6292546179149, 47.6297445739616, 47.6307313343923, 47.6319173396223, 47.633048640891, 47.6340418737425, 47.6343783415961, 47.6347680691001, 47.6350082987029, 47.6351518745683, 47.6356624925389, 47.636164655983, 47.6370976324587, 47.6370807395933, 47.6377383679403, 47.6380300000934, 47.6414186428653, 47.6440769875725, 47.6493344530328, 
47.6512997918623, 47.6615046878027, 47.6673699996381, -21.1150800056252, -21.14482000561, -21.1651700060513, -21.1416000055075, -21.1272700047855, -21.1246811794729, -21.1218261998009, -21.1194107646779, -21.1171066719195, -21.1145739328263, -21.1143572672597, -21.1140346678515, -21.113577978627, -21.1133497396851, -21.1127515907002, -21.1119565945085, -21.1109788758622, -21.1101128736984, -21.1091984466398, -21.1082921206741, -21.1077527954448, -21.1065572304221, -21.1059179158697, -21.1058227118395, 
-21.1058800058484, -21.1056001772973, -21.1062677998099, -21.1078618517333, -21.1080734370297, -21.1117837493094, -21.1150800056252))
"TSARATANANA_SANDRASATY","<b>Fokontany:</b> Sandrasaty<br><b>Mois:</b> 2024-11-01<br><b>Cas Prédit:</b> 71<br><b>Éventail:</b> 53 - 94",2024-11-01,53.8978049299237,"SANDRASATY","TSARATANANA","TSARATANANA",list(c(47.6575663038454, 47.6577106585236, 47.6600134724476, 47.6620217799852, 47.6637699496277, 47.6643874790033, 47.6651091210934, 47.6659388383114, 47.6665072997768, 47.6688600206785, 47.6695619811057, 47.6707696788828, 47.6727692764865, 47.6743056989546, 47.6756905200074, 47.6772289578563, 47.6804550823427, 47.6811265863295, 47.6834355300326, 47.6848188240366, 47.6853858151104, 47.6862117434845, 47.6869822574327, 47.6887200003354, 47.6931146796068, 47.6971762985558, 47.7006550246185, 47.7037999996793, 
47.7031699994061, 47.6920799997022, 47.6457299999443, 47.627279999875, 47.6104534613593, 47.6107580005825, 47.6109920257625, 47.611163183835, 47.6110802330674, 47.6108297359046, 47.6106166019756, 47.6102363497287, 47.6095645084961, 47.6088726996161, 47.608297863756, 47.6070898179412, 47.606045770696, 47.6056682469922, 47.6054636719111, 47.6055240442993, 47.605464207907, 47.6051573511309, 47.6045852519078, 47.6039413598058, 47.6029638659893, 47.6025655634496, 47.6028228181182, 47.603097317287, 47.6038448769392, 
47.6044414368226, 47.6046731831206, 47.6045902656279, 47.6042881186014, 47.603956505288, 47.6037952973146, 47.6041799985076, 47.6076390932693, 47.6098986021385, 47.6109091055703, 47.6108706262777, 47.6114642732567, 47.6122593647769, 47.6126299996735, 47.611808727989, 47.6104528785958, 47.6107836987071, 47.6110243330049, 47.6110386888827, 47.6110530456597, 47.6111380423849, 47.6114182954162, 47.6116553773919, 47.6118859123032, 47.6119492641454, 47.6121064539478, 47.6123851385615, 47.6127129387493, 
47.6129916206649, 47.61339857828, 47.6136568734641, 47.6139158836093, 47.6140923144069, 47.6143452010683, 47.6143987323138, 47.6165589119626, 47.6186653930921, 47.6210167083534, 47.6249598641058, 47.6279229854571, 47.6313998751041, 47.6332126259621, 47.6352457583855, 47.6372775822952, 47.6396767073149, 47.6411712924222, 47.6406829956248, 47.6402677939248, 47.6393872641122, 47.6399760475579, 47.641934940047, 47.6437226807588, 47.6444575923459, 47.6474221688003, 47.6502389515689, 47.6533257467887, 
47.6575663038454, -20.9822855547924, -20.9823481296203, -20.9830806184334, -20.9833765646343, -20.9843439410771, -20.9849150006835, -20.9857251108816, -20.9872538603331, -20.9880650766972, -20.9899341718789, -20.9902378027866, -20.9909117088622, -20.9918563279607, -20.9923726593242, -20.9930819357358, -20.9938380335512, -20.9948694732, -20.9957757964678, -20.9970537348933, -20.9975710977792, -20.9981904060133, -20.9989367326946, -20.9997613237762, -21.000550005828, -21.0001164885354, -20.9998136328436, 
-20.9992424347417, -20.9986200049609, -21.0193800054236, -21.0343700060029, -21.0214800060337, -21.0206200059442, -21.0216522999479, -21.0207501693195, -21.020159153757, -21.0191079074395, -21.0184643408926, -21.0176565311604, -21.0173537285283, -21.0168640953385, -21.0162997149968, -21.0155282810427, -21.0149886248628, -21.0143206974801, -21.0139773660006, -21.0133731007263, -21.0127038387499, -21.0122009738349, -21.0116261145928, -21.0111382170946, -21.0104839225348, -21.0097595563986, -21.0086609427889, 
-21.0078953499315, -21.00735103976, -21.0071272704487, -21.0065473839964, -21.0061475040462, -21.0056479666228, -21.0050038281069, -21.0043098329755, -21.0038441208528, -21.0033745461419, -21.0030000045903, -21.0007928065879, -20.9976570252984, -20.9941399116765, -20.9892650609853, -20.9855558350873, -20.9810651801699, -20.9780200055763, -20.9765831956163, -20.9737627355216, -20.973219595368, -20.9723304473528, -20.9717115995715, -20.9710927517903, -20.9705902726844, -20.9701146653213, -20.9693858736214, 
-20.9689320631266, -20.968314568825, -20.967859009149, -20.9674522871565, -20.9670237673964, -20.9666170445046, -20.9659378773952, -20.9653472494404, -20.9647334711375, -20.964508115422, -20.9641467327505, -20.9640374021696, -20.9648025417687, -20.9659942648877, -20.9670944810893, -20.9681467814124, -20.9678001746022, -20.966763963151, -20.9678875743163, -20.9687578131863, -20.968044485329, -20.9668943873312, -20.9684311623326, -20.9703365937221, -20.972288359982, -20.974676439527, -20.9756856056665, 
-20.975385420961, -20.9757740530906, -20.9764163318085, -20.978272784321, -20.9790965705095, -20.980447337833, -20.9822855547924))
"TSARATANANA_TSARATANANA","<b>Fokontany:</b> Tsaratanana<br><b>Mois:</b> 2024-11-01<br><b>Cas Prédit:</b> 98<br><b>Éventail:</b> 77 - 124",2024-11-01,64.0842661447696,"TSARATANANA","TSARATANANA","TSARATANANA",list(c(47.6655999998552, 47.6442199995675, 47.6365499992968, 47.6311699994098, 47.6118999992968, 47.6140871837879, 47.6257299994519, 47.6286500001089, 47.6277999995795, 47.6396799997434, 47.6655999998552, -21.1651700060513, -21.183350005348, -21.1877500059047, -21.1973200056549, -21.1857300053818, -21.1849922564344, -21.1748200058916, -21.1632800052274, -21.1272700047855, -21.1416000055075, -21.1651700060513))
"TSARATANANA_VOHITRARIVO","<b>Fokontany:</b> Vohitrarivo<br><b>Mois:</b> 2024-11-01<br><b>Cas Prédit:</b> 50<br><b>Éventail:</b> 39 - 64",2024-11-01,43.408684987302,"VOHITRARIVO","TSARATANANA","TSARATANANA",list(c(47.6286500001089, 47.6257299994519, 47.6140871837879, 47.6118999992968, 47.6075300001196, 47.5885799994751, 47.5919045493631, 47.5957394923913, 47.5993200001257, 47.608419999792, 47.6093799999964, 47.6286500001089, -21.1632800052274, -21.1748200058916, -21.1849922564344, -21.1857300053818, -21.1748700054983, -21.1639500055451, -21.1568485674681, -21.1511020659716, -21.1477000053171, -21.1515700057158, -21.159680005588, -21.1632800052274))
"AMPASINAMBO_AMPASINAMBO","<b>Fokontany:</b> Ampasinambo<br><b>Mois:</b> 2024-11-01<br><b>Cas Prédit:</b> Inconnu <br><b>Éventail:</b> Inconnu",NA,NA,"AMPASINAMBO","AMPASINAMBO","FASINTSARA",list(c(47.679107178431, 47.6844500003475, 47.6854999984092, 47.6971699987817, 47.7073200001043, 47.6936699983579, 47.6799299996546, 47.6703999999414, 47.6687299993701, 47.6516607590149, 47.6552023593797, 47.6549962689409, 47.6547638598425, 47.6544368825342, 47.6540083097137, 47.6536035302567, 47.6532463375264, 47.6527132832692, 47.6523291810246, 47.6519480213618, 47.6515368279398, 47.6508971509602, 47.6507189520953, 47.6502190900163, 47.6500572947856, 47.6500483474306, 47.6500347748622, 47.6501375709692, 
47.6503989112578, 47.6505888813488, 47.6507655684533, 47.6510485329404, 47.6512129595873, 47.6512722554871, 47.6512896798518, 47.651284028512, 47.6516999910386, 47.6519324217207, 47.6523834002505, 47.652975735119, 47.6540098484527, 47.6546045152631, 47.6564321552968, 47.6569710506505, 47.6575091572988, 47.6576471942398, 47.6578421618634, 47.6581059626971, 47.6583564958327, 47.6584148060755, 47.6583485260406, 47.6577794908078, 47.6573502048249, 47.6569191813519, 47.6555576662299, 47.6550625031086, 
47.6545690828733, 47.6540524763171, 47.6533331310953, 47.6527379597652, 47.6521186353429, 47.6515948279149, 47.6511416064758, 47.650662258832, 47.6502813635699, 47.6501072880966, 47.6496778609202, 47.6493511507106, 47.6492024199314, 47.6487542544807, 47.647918164667, 47.6473303929587, 47.6468432356022, 47.6461887809627, 47.6460180069006, 47.6453109356263, 47.6448025039075, 47.6442360056622, 47.6437892233689, 47.6435397100645, 47.6432884583705, 47.6429600259593, 47.6427976965313, 47.6428291476218, 
47.642844004422, 47.6431971106328, 47.6438888205873, 47.6442231714369, 47.644482678008, 47.6449970155746, 47.6452286503567, 47.6454358235792, 47.6454877540314, 47.6454797797427, 47.6454706669124, 47.6455054050251, 47.6457337428926, 47.6458725613443, 47.6460755518199, 47.6461167074947, 47.6460996167785, 47.646015245082, 47.6458773016706, 47.6456206063803, 47.6451459972644, 47.6436632328461, 47.6434309298677, 47.6434107346918, 47.6435503355536, 47.6437376904162, 47.644025046293, 47.6442893939146, 47.6448453476089, 
47.6455745817758, 47.6461798434993, 47.6466396938412, 47.6469270434227, 47.6471342777991, 47.6472401927551, 47.6472846435459, 47.6478984200504, 47.648158861017, 47.6484692062633, 47.6490005769895, 47.6497837803717, 47.6501525572693, 47.6507880074353, 47.6512265789182, 47.6516626305007, 47.6523221842961, 47.6521391812529, 47.6517010504377, 47.6515862888507, 47.6515239523431, 47.6515109256631, 47.6516975556721, 47.6519662128449, 47.6532950331138, 47.6538435503141, 47.6541992825454, 47.6546665370057, 
47.6547084580035, 47.6547002894613, 47.6546149473964, 47.6543590435095, 47.6538811689551, 47.6534783086513, 47.6530497394282, 47.6531312476831, 47.6533242098186, 47.6537132610324, 47.6539325256398, 47.6543455383902, 47.6554391760516, 47.6560254476907, 47.6565394147368, 47.6571344619605, 47.6575342034155, 47.6582155666699, 47.6584215698744, 47.6588174145669, 47.6594740806393, 47.6599052219235, 47.6603593660669, 47.6606484180651, 47.6610113394768, 47.6614013484686, 47.6619825740118, 47.6622010607056, 
47.6626156328804, 47.6628824644295, 47.6632438156249, 47.6635040272644, 47.6637628557466, 47.6638449269771, 47.6638328319949, 47.6648034495949, 47.6659996567343, 47.6662214160611, 47.6662698049832, 47.6663187083176, 47.6664314860001, 47.6670358717841, 47.6675440903636, 47.6704865866632, 47.672164334893, 47.6727271288308, 47.6739234286003, 47.6741084317357, 47.6746873469204, 47.6754123021129, 47.677245798532, 47.677993008348, 47.679107178431, -20.4995298593293, -20.5393300048691, -20.583350005069, 
-20.6014000055672, -20.600800005778, -20.6229300055652, -20.6248300059482, -20.5838300056194, -20.5655500062065, -20.5618246257855, -20.5588075631, -20.5584454070115, -20.5580151191842, -20.5576786549279, -20.557230548833, -20.556758561241, -20.5562393754295, -20.5555407487895, -20.5549534339371, -20.5544349756771, -20.5537563805364, -20.5527620783915, -20.5525137710782, -20.5513090140848, -20.5507844988908, -20.5504864491758, -20.5492229529631, -20.5485768854014, -20.5475130269917, -20.5465202438018, 
-20.5458951142561, -20.5447616564138, -20.5437233180658, -20.5432621816936, -20.5422051140646, -20.542021090291, -20.5404248503175, -20.5400285577628, -20.5396030678186, -20.5390134129303, -20.538503652014, -20.5379828573153, -20.536257550239, -20.5355084752296, -20.5347362561674, -20.534456932136, -20.5336476043482, -20.5326757483823, -20.5320715460606, -20.5315646818605, -20.5309920718228, -20.5299041259713, -20.5294323110492, -20.5288921899198, -20.528238347719, -20.5279984796437, -20.5278274816506, 
-20.5276803579598, -20.5272850960282, -20.5269792986537, -20.5266505200035, -20.5262736420132, -20.5258031077257, -20.5252870209779, -20.524791134802, -20.5246811252327, -20.5241867049517, -20.5238733721578, -20.5237852044231, -20.5234981246383, -20.5232673918762, -20.5232133408226, -20.5232263378247, -20.5233810895651, -20.5233856680136, -20.523404147283, -20.5235319040734, -20.523363077943, -20.5230985612491, -20.5229213147664, -20.5226751991008, -20.5222929818355, -20.5217690197246, -20.5211934590113, 
-20.5208715269, -20.5204258489746, -20.5199021566603, -20.5196638219292, -20.5193582529825, -20.5186099468934, -20.5181899554042, -20.5169441029907, -20.5162300700648, -20.5159777436812, -20.5156565409201, -20.5151955736205, -20.5146615525926, -20.5144048150343, -20.5138483846996, -20.5135945870251, -20.5130204940055, -20.5126552118736, -20.512107369165, -20.5117003755774, -20.5113220020145, -20.5106943049042, -20.5102634244236, -20.5095978829424, -20.509364292135, -20.5091066525567, -20.5089155097498, 
-20.5087708223226, -20.5085953106322, -20.5085078003019, -20.5083539622728, -20.5082271057038, -20.5080359584002, -20.5076398466093, -20.5070857859882, -20.5069465808281, -20.5054370372983, -20.505177755558, -20.5049395809062, -20.5047647940693, -20.5048366768805, -20.5049419407273, -20.5049713764371, -20.504959839934, -20.5048568531706, -20.5032312296478, -20.5028220372178, -20.5020521447017, -20.5014809933643, -20.5010229632506, -20.5005866058987, -20.4994792212014, -20.4986676837792, -20.4974151008396, 
-20.4969872321887, -20.4966566998607, -20.4959549948414, -20.4957243376225, -20.4954488635887, -20.4950372933511, -20.4946534546082, -20.494160505618, -20.4937573710212, -20.4932855282201, -20.4927553490959, -20.4926811622217, -20.4926253646848, -20.4926193122474, -20.4925627799643, -20.4924196051967, -20.4924499339335, -20.4925056118606, -20.4928119722107, -20.4931230899745, -20.4938867429943, -20.4942489062773, -20.4944454306274, -20.4943595067012, -20.4940950574565, -20.4937847104118, -20.4936624107074, 
-20.4935610481198, -20.4935509604244, -20.4933978049807, -20.4933691615735, -20.4933583337362, -20.4933056361623, -20.4931579809723, -20.4928755308974, -20.4925699421656, -20.4920397558469, -20.4916491290211, -20.491786814327, -20.4925620407223, -20.493320440802, -20.4940540951363, -20.4963556742896, -20.4968974672588, -20.4980698396652, -20.4990548769943, -20.5016323465677, -20.503335142714, -20.5027490293559, -20.5015034530344, -20.5008855819169, -20.4989499297093, -20.4979646009999, -20.4983930479151, 
-20.4995062017635, -20.4995298593293))
"AMBOHIMIERA_AMPANTSONA","<b>Fokontany:</b> Ampantsona<br><b>Mois:</b> 2024-11-01<br><b>Cas Prédit:</b> Inconnu <br><b>Éventail:</b> Inconnu",NA,NA,"AMPANTSONA","AMBOHIMIERA","AMBOHIMIERA",list(c(47.4564499982549, 47.4571775416975, 47.4180047299186, 47.3956499985311, 47.3454592335345, 47.3445133113179, 47.3435574596866, 47.3421357142692, 47.3409851414284, 47.3394196780529, 47.3382100934979, 47.3374687130874, 47.3367866186843, 47.3365907985031, 47.3364832081101, 47.336472928859, 47.3366101591079, 47.3366436714446, 47.3366661679855, 47.3367194555146, 47.3368199196796, 47.3370578137431, 47.3376011517478, 47.3381650149794, 47.3385793650217, 47.3388022161253, 47.3391975113318, 47.3395972770685, 
47.3401546822685, 47.3406257120827, 47.3420838359761, 47.3433006789592, 47.3439583927417, 47.3444449880217, 47.3450783274788, 47.345698296715, 47.3460659980233, 47.34614768974, 47.3461138635397, 47.3458570288544, 47.3453902465381, 47.3447733646745, 47.3438824836649, 47.3427653934833, 47.3417884716357, 47.340246816912, 47.3388782421119, 47.3376643668915, 47.3362049704575, 47.3348010280192, 47.3343790571219, 47.334258364506, 47.3342191684538, 47.3342063108464, 47.3340660256003, 47.3336658209944, 47.3328658686384, 
47.3317245282378, 47.3314291054422, 47.3314465900614, 47.3315104689062, 47.3317440803981, 47.3325460427387, 47.3335198304489, 47.3342655437928, 47.3354970385305, 47.3365176242621, 47.3377585852637, 47.3388290860667, 47.3397124163682, 47.3401102584549, 47.3402701336329, 47.3404652145711, 47.3408226078502, 47.3412234923433, 47.3419346465398, 47.4140999985964, 47.4249745252361, 47.4564499982549, -21.0189200057803, -21.0365262439083, -21.0499039749963, -21.0559700056145, -21.0559501225003, -21.0554934458662, 
-21.0554726877147, -21.055441474045, -21.0553477997613, -21.0551756317502, -21.0544837815019, -21.0536871971073, -21.0524561097631, -21.0514194342616, -21.0497646079532, -21.049167879897, -21.0475185025809, -21.046119241115, -21.0451790583722, -21.043963748734, -21.0428413417611, -21.0421122847612, -21.0409310198583, -21.039910555536, -21.0389784136316, -21.037858729806, -21.0356873868739, -21.0343420325701, -21.033597122321, -21.0333777605871, -21.0329046092725, -21.0322656382613, -21.031408381105, 
-21.0305469708796, -21.029688712778, -21.0283709397819, -21.0273464411008, -21.0259711888355, -21.0242950710778, -21.0227291346597, -21.0217323323997, -21.0208695920769, -21.020184495737, -21.0197242065262, -21.0195652117844, -21.0194397626543, -21.0192489966633, -21.0187406404877, -21.0182499766748, -21.0174845996546, -21.0166721467226, -21.0155678619883, -21.0141215515901, -21.0126062173256, -21.0112953924917, -21.0105979970237, -21.0102132841396, -21.0097524814159, -21.0087818125551, -21.0080482949177, 
-21.0074297043426, -21.0058515029706, -21.0041019933394, -21.0023334936239, -21.0008807000131, -20.9996229010057, -20.9989793956126, -20.9983409048393, -20.997653078158, -20.9965936156344, -20.9953402934519, -20.9947928887133, -20.9938105448538, -20.9921887506442, -20.9907976451299, -20.9897577356662, -20.9953500061346, -21.0010543977766, -21.0189200057803))
"AMBOHIMIERA_AMBOHIMILANJA","<b>Fokontany:</b> Ambohimilanja<br><b>Mois:</b> 2024-11-01<br><b>Cas Prédit:</b> Inconnu <br><b>Éventail:</b> Inconnu",NA,NA,"AMBOHIMILANJA","AMBOHIMIERA","AMBOHIMIERA",list(c(47.5167999997191, 47.5171949091181, 47.5165596190314, 47.5121709418353, 47.5075617059072, 47.5063604328867, 47.5049139516164, 47.5030505194645, 47.5003538978125, 47.4982457403467, 47.4950097008346, 47.4943388938225, 47.4895461278487, 47.4796060624664, 47.4735153535469, 47.4696652821231, 47.4590299985308, 47.4523599445502, 47.4500045094947, 47.4499697533955, 47.4496755284969, 47.4496973541435, 47.4496179709864, 47.4491309755079, 47.4482766789193, 47.4473029937318, 47.4466782913635, 47.4460380774886, 
47.4455679335065, 47.4456511136012, 47.4457842294518, 47.4461599464175, 47.4469069412955, 47.447144938781, 47.4468454483519, 47.4470202064105, 47.4474318018292, 47.4476201567378, 47.4475075697114, 47.4472231591143, 47.4464976022752, 47.4450317388163, 47.4436206953312, 47.4429730179827, 47.4427964873602, 47.4423714677612, 47.4421184138258, 47.4421277343995, 47.4422119487144, 47.4423967809786, 47.4427866703604, 47.4420693027479, 47.4414175316854, 47.4404013175583, 47.4396820514769, 47.4388786286371, 
47.4379290524749, 47.4369785949772, 47.4364519897584, 47.4362697376491, 47.4366749964448, 47.4375632838094, 47.4384935020645, 47.4391090754146, 47.4391693722598, 47.4387368595095, 47.43800549305, 47.4375487579596, 47.4376368474533, 47.4381380998842, 47.4382456632975, 47.4379934106581, 47.4376127681053, 47.4376261068499, 47.4381008985282, 47.4388953614224, 47.4396369181, 47.4400125820057, 47.440535072826, 47.4409817813749, 47.4415568582532, 47.4416961866205, 47.4413842270911, 47.440898252343, 47.4396545115369, 
47.4391978034262, 47.4387801339862, 47.438481967359, 47.4376859900064, 47.4371081782897, 47.4370231428936, 47.4371849390236, 47.4376088839327, 47.4384015194046, 47.4390422854631, 47.4397811270874, 47.4403245604202, 47.4405845589203, 47.440797292651, 47.4404453492634, 47.4400340047554, 47.4393743619271, 47.4386707143717, 47.4382773068418, 47.4386402777162, 47.4393897628169, 47.4401613856291, 47.4405370090653, 47.4409436654075, 47.4413074978323, 47.4415714803291, 47.4420761942505, 47.4426357119581, 
47.4428426513568, 47.4431308418044, 47.4432728132792, 47.4432827247073, 47.4432804584158, 47.4419765574614, 47.439273439107, 47.4372453842558, 47.4345351063984, 47.4320556242558, 47.4291275548806, 47.4257451956717, 47.422142118551, 47.4198792345258, 47.417480000688, 47.4155842774786, 47.4137687441181, 47.4126282706637, 47.4105934466155, 47.4083280714682, 47.4065113554992, 47.4069025444012, 47.4060433716885, 47.4051544359127, 47.4044094276371, 47.403402570956, 47.4029662756571, 47.4024117680726, 47.4019336587952, 
47.400987696109, 47.4004181806382, 47.3997299465634, 47.3990645993353, 47.3986179294575, 47.3979993532711, 47.3971684237671, 47.3960722032529, 47.3945162358187, 47.3934182148618, 47.392116703406, 47.3906659926242, 47.3893560329373, 47.3873990326218, 47.3860971119746, 47.385125249713, 47.3842916968868, 47.3838051213919, 47.3825034678434, 47.3811988330422, 47.3799575869554, 47.378896881568, 47.3775089983236, 47.3757674863621, 47.3746004460353, 47.373373775261, 47.3721032004837, 47.3714381059651, 47.3703061508893, 
47.3690792166136, 47.3681502160405, 47.3669407798739, 47.3654563499113, 47.3637146949577, 47.3618170903668, 47.3616602108303, 47.3607581152749, 47.3599003176254, 47.3591103063753, 47.3580671116874, 47.3572701648657, 47.3558538270717, 47.3544744936821, 47.3528722669204, 47.351788171066, 47.3511422743752, 47.3502052572455, 47.3492297275484, 47.348433736706, 47.3479675587341, 47.3479120184032, 47.3469912888949, 47.3464945204837, 47.3458895366506, 47.3454592335345, 47.3956499985311, 47.4180047299186, 
47.4571775416975, 47.4813336349312, 47.4873299995729, 47.5167999997191, -21.130270005527, -21.1531327306494, -21.1532001896953, -21.1524207355869, -21.1501956500687, -21.1490708895698, -21.1479465643429, -21.147740596212, -21.1468686837035, -21.1451935722871, -21.1436560175733, -21.1434263109377, -21.1453065496185, -21.15056934086, -21.1537935785663, -21.1558316024007, -21.1587200035773, -21.1559579328653, -21.1557271848148, -21.1549680634788, -21.1536758869867, -21.1525268717725, -21.1515365536244, 
-21.1513447489164, -21.1511241299301, -21.150739947646, -21.1500403047722, -21.1488800705153, -21.1478147758882, -21.1473106807007, -21.1467611175891, -21.1463534782882, -21.1457680016501, -21.1448519630064, -21.1438358792816, -21.1423900994835, -21.1413854983027, -21.1405149257843, -21.139984355455, -21.1394508794161, -21.1389099219172, -21.1386100079074, -21.1380122213492, -21.1372426912597, -21.1362055256276, -21.1353477018984, -21.134469639826, -21.1339874449289, -21.1334139022943, -21.1327274030121, 
-21.1315840553254, -21.1306066163684, -21.1300674458222, -21.129337952651, -21.1284751196981, -21.1268760315715, -21.1265153476732, -21.1262009608738, -21.1255255178568, -21.1247864639929, -21.1241268697284, -21.1238426300028, -21.1239267948551, -21.1237988806833, -21.1232023333908, -21.1227352210237, -21.1225160562411, -21.1220259365182, -21.1212688854215, -21.1207024294447, -21.1201981867683, -21.1192975256321, -21.1186703240485, -21.1179809046676, -21.1175060680235, -21.1170134958494, -21.116703596667, 
-21.1162959717553, -21.1158908478582, -21.115622239249, -21.1150338748878, -21.1141624695971, -21.1138126279255, -21.1135744892464, -21.1132093743883, -21.1127192582626, -21.1114706889972, -21.1104082695027, -21.1097056534701, -21.109143991779, -21.1084529059545, -21.1076971013181, -21.1073129037458, -21.1069123735857, -21.106739145274, -21.1065670168332, -21.1063695293093, -21.1055916795917, -21.1047215234594, -21.1038880812502, -21.1036054540089, -21.1034795759021, -21.1030773208423, -21.1018523093179, 
-21.1008237367079, -21.1001005253012, -21.099492353372, -21.0990847284604, -21.0983330903831, -21.0972582125803, -21.0962742670282, -21.0955237297212, -21.0944753333554, -21.0939038663561, -21.092942920066, -21.0919337377386, -21.091405238548, -21.0908403213112, -21.0911546172789, -21.0907485293084, -21.0903383458254, -21.0888762945933, -21.0882575628245, -21.0878526547644, -21.0868168327192, -21.0864158106297, -21.0845284906867, -21.0835800036041, -21.0815971513782, -21.0792847353941, -21.0769683435073, 
-21.075501926966, -21.0731920686538, -21.0706683785389, -21.066891917526, -21.0669465990044, -21.0672764010828, -21.067769657641, -21.0678680929355, -21.0676075269632, -21.0671156014016, -21.066487165948, -21.0659653208411, -21.0662548575737, -21.0665563732758, -21.0666793438743, -21.066899288369, -21.0671382894978, -21.0670058886083, -21.0666841786294, -21.0660997515001, -21.0658694980767, -21.0659334254848, -21.0660857094854, -21.0665166466231, -21.0673464798528, -21.0684655773205, -21.0701660073504, 
-21.0722360137748, -21.0741532991282, -21.0763055656409, -21.0765066306679, -21.0760896644979, -21.0753097688226, -21.0738338833196, -21.0717536129325, -21.0713152977566, -21.0713346277845, -21.072156479531, -21.0722799105824, -21.0724387056745, -21.0714253702779, -21.071290555608, -21.0716089776653, -21.0721502463295, -21.0721582700807, -21.0709725607282, -21.0708745346252, -21.069615990979, -21.0675091771017, -21.0656560475843, -21.0641413770195, -21.0636195867713, -21.0633592366363, -21.0625719026683, 
-21.06187160239, -21.0620774365217, -21.062430471686, -21.0626394408544, -21.0624116164998, -21.0618440480616, -21.0608241170371, -21.0600656036428, -21.0575209242507, -21.0567529679749, -21.056283815046, -21.0559501225003, -21.0559700056145, -21.0499039749963, -21.0365262439083, -21.0728533533989, -21.0823500044438, -21.130270005527))
